user_id,age,gender,height_cm,weight_kg,bmi,goal,activity_level,equipment_access,sleep_hours,days_since_last_workout,weekly_workouts,completion_rate,recovery_score,recommended_workout,intensity_level,estimated_duration_min,estimated_calories,completed_workout
U1000,38,Male,151,60.7,26.6,Gain Strength,Beginner,Gym,6.9,1,5,0.84,94,Upper Body,1,46,415,1
U1001,18,Male,195,89.4,23.5,Lose Weight,Intermediate,Gym,6.8,9,2,1,83,Lower Body,2,64,523,1
U1002,20,Female,156,54.8,22.5,Lose Weight,Beginner,Gym,7.7,0,5,0.64,65,Full Body,1,42,458,1
U1003,29,Male,195,97,25.5,Build Muscle,Intermediate,Home,5,1,6,0.41,63,Pull,2,65,542,1
U1004,24,Female,194,76,20.2,Improve Fitness,Intermediate,Home,7.4,2,4,0.56,50,Upper Body,2,57,565,1
U1005,44,Male,164,82.6,30.7,Gain Strength,Intermediate,Gym,6.9,1,1,0.73,50,Lower Body,2,54,389,1
U1006,22,Male,185,76,22.2,Lose Weight,Intermediate,Gym,7.2,9,3,0.51,77,Cardio,2,46,443,1
U1007,43,Female,188,77.8,22,Build Muscle,Beginner,Mixed,6.8,8,2,0.61,99,Full Body,1,57,402,1
U1008,31,Male,179,78.2,24.4,Build Muscle,Intermediate,Home,5.9,8,6,0.87,53,Push,2,65,544,1
U1009,23,Male,188,89.8,25.4,Build Muscle,Beginner,Mixed,4.9,4,1,0.48,74,Push,1,47,335,0
U1010,33,Male,166,76.1,27.6,Lose Weight,Intermediate,Mixed,7.3,8,6,0.7,67,Full Body,2,52,455,1
U1011,25,Male,154,43.4,18.3,Build Muscle,Intermediate,Gym,6.3,3,0,0.64,87,Push,2,46,363,1
U1012,33,Male,184,87.7,25.9,Build Muscle,Advanced,Home,5.2,7,1,0.78,66,Lower Body,3,53,453,1
U1013,45,Male,193,80.8,21.7,Gain Strength,Intermediate,Gym,7.8,5,6,0.91,85,Lower Body,2,45,355,1
U1014,25,Male,178,66.5,21,Gain Strength,Advanced,Gym,6.8,10,4,0.78,86,Upper Body,3,46,506,1
U1015,23,Female,150,50.6,22.5,Improve Fitness,Beginner,Home,6.9,7,2,0.52,54,Cardio,1,34,346,0
U1016,19,Female,153,65.3,27.9,Build Muscle,Intermediate,Mixed,8.6,8,1,0.71,87,Push,2,64,454,1
U1017,36,Male,187,90.9,26,Lose Weight,Intermediate,Gym,6.4,9,4,0.79,95,Full Body,2,50,486,1
U1018,32,Female,154,57.6,24.3,Build Muscle,Intermediate,Home,8.8,1,0,0.25,84,Legs,2,56,486,1
U1019,35,Female,189,88.9,24.9,Improve Fitness,Intermediate,Gym,6.8,10,6,0.74,42,Cardio,2,34,267,1
U1020,37,Male,195,89.7,23.6,Build Muscle,Intermediate,Mixed,7.5,8,3,0.99,64,Pull,2,53,548,1
U1021,38,Female,160,54,21.1,Gain Strength,Intermediate,Gym,6.5,0,0,0.88,76,Push,2,56,399,1
U1022,27,Female,152,51.5,22.3,Improve Fitness,Beginner,Gym,7.7,1,2,0.74,86,Upper Body,1,65,708,1
U1023,18,Male,171,63.2,21.6,Gain Strength,Beginner,Home,6.7,3,2,0.65,50,Push,1,60,481,1
U1024,43,Male,164,69.1,25.7,Build Muscle,Beginner,Gym,7.4,1,6,0.72,68,Pull,1,48,451,1
U1025,26,Male,156,45.3,18.6,Lose Weight,Beginner,Home,6.6,6,4,0.66,59,Recovery,1,23,149,1
U1026,43,Male,173,71.2,23.8,Lose Weight,Advanced,Mixed,7.5,9,2,1,74,Full Body,3,56,559,1
U1027,35,Male,162,67.2,25.6,Lose Weight,Advanced,Home,7,2,4,0.37,71,Full Body,3,40,375,1
U1028,38,Female,179,79.5,24.8,Lose Weight,Intermediate,Gym,9.5,2,5,0.69,76,Cardio,2,32,231,1
U1029,19,Male,180,79.1,24.4,Lose Weight,Intermediate,Gym,5.8,10,4,0.93,83,Cardio,2,45,493,1
U1030,45,Male,177,87.1,27.8,Build Muscle,Intermediate,Home,6.1,7,0,0.97,50,Legs,2,66,625,1
U1031,42,Female,189,96.4,27,Gain Strength,Advanced,Gym,9.5,8,3,0.54,63,Lower Body,3,48,495,1
U1032,34,Female,190,89.9,24.9,Build Muscle,Beginner,Home,6.5,3,2,0.44,73,Pull,1,57,431,1
U1033,31,Female,171,58.5,20,Lose Weight,Beginner,Gym,7.6,6,3,0.55,95,Recovery,1,20,205,1
U1034,45,Female,184,71.8,21.2,Gain Strength,Intermediate,Home,6.7,3,3,0.87,53,Pull,2,55,468,1
U1035,23,Female,158,63.7,25.5,Improve Fitness,Intermediate,Mixed,8.5,9,4,0.43,74,Upper Body,2,41,344,0
U1036,24,Female,170,74,25.6,Build Muscle,Advanced,Gym,8,6,2,0.5,52,Lower Body,3,42,437,1
U1037,38,Male,151,60.9,26.7,Improve Fitness,Beginner,Gym,7.4,2,1,0.77,77,Full Body,1,46,337,1
U1038,37,Male,160,55.3,21.6,Improve Fitness,Beginner,Gym,7.4,4,4,0.77,61,Upper Body,1,60,420,1
U1039,42,Female,193,120.3,32.3,Lose Weight,Beginner,Mixed,7.6,0,2,0.51,81,Full Body,1,56,393,1
U1040,29,Female,195,77.6,20.4,Build Muscle,Beginner,Gym,8,10,2,0.93,59,Upper Body,1,50,532,1
U1041,20,Female,178,90.3,28.5,Build Muscle,Intermediate,Home,7.6,6,2,0.87,100,Push,2,51,402,1
U1042,37,Female,185,80.4,23.5,Build Muscle,Advanced,Gym,6.3,6,3,0.56,59,Legs,3,59,410,1
U1043,25,Female,194,91.1,24.2,Build Muscle,Intermediate,Gym,7.5,8,4,0.77,84,Pull,2,54,545,1
U1044,28,Male,184,83.3,24.6,Improve Fitness,Intermediate,Gym,8.7,7,2,0.67,100,Upper Body,2,45,295,1
U1045,35,Male,167,75.6,27.1,Build Muscle,Beginner,Gym,6.2,2,5,0.53,79,Lower Body,1,54,442,1
U1046,19,Female,180,76.5,23.6,Build Muscle,Beginner,Gym,7.9,9,5,0.81,70,Upper Body,1,43,443,1
U1047,37,Male,183,70,20.9,Lose Weight,Advanced,Gym,5.4,9,3,0.64,84,Cardio,3,49,480,1
U1048,23,Male,161,65.8,25.4,Lose Weight,Beginner,Gym,5.7,9,3,0.75,77,Cardio,1,39,433,1
U1049,43,Male,177,65.2,20.8,Build Muscle,Beginner,Gym,7.3,4,6,0.73,54,Push,1,64,556,1
U1050,32,Female,194,97.9,26,Lose Weight,Beginner,Gym,7.7,7,0,0.91,87,Full Body,1,59,630,1
U1051,36,Male,193,69.7,18.7,Gain Strength,Intermediate,Home,6.1,2,3,0.81,79,Legs,2,65,575,1
U1052,31,Female,170,77.2,26.7,Gain Strength,Advanced,Gym,9.5,7,2,0.82,89,Upper Body,3,48,339,1
U1053,42,Female,182,94.4,28.5,Gain Strength,Beginner,Mixed,7.8,7,3,0.66,83,Push,1,65,509,1
U1054,22,Female,178,67.5,21.3,Improve Fitness,Intermediate,Gym,6.8,10,4,0.63,73,Upper Body,2,42,481,1
U1055,21,Female,157,84.3,34.2,Lose Weight,Beginner,Mixed,5,4,4,0.84,47,Full Body,1,55,409,1
U1056,37,Male,154,53.4,22.5,Build Muscle,Intermediate,Gym,8.3,8,2,0.73,55,Lower Body,2,54,496,1
U1057,29,Female,185,73.6,21.5,Gain Strength,Beginner,Mixed,7.8,3,5,0.59,75,Pull,1,55,608,1
U1058,30,Female,192,91.1,24.7,Gain Strength,Intermediate,Gym,6.4,0,1,1,81,Legs,2,74,748,1
U1059,31,Male,154,40.3,17,Lose Weight,Advanced,Gym,7.3,6,5,0.6,84,Cardio,3,47,510,1
U1060,19,Male,165,57.7,21.2,Lose Weight,Advanced,Mixed,7,1,3,0.81,84,Recovery,3,23,186,1
U1061,19,Female,172,57.7,19.5,Lose Weight,Beginner,Gym,6.7,9,5,0.63,62,Lower Body,1,47,422,1
U1062,36,Male,164,85.8,31.9,Lose Weight,Beginner,Gym,7.5,0,6,0.49,85,Full Body,1,45,359,1
U1063,31,Female,179,107,33.4,Gain Strength,Beginner,Gym,8.2,7,0,0.45,64,Pull,1,54,425,0
U1064,36,Male,188,105.3,29.8,Gain Strength,Intermediate,Mixed,6.3,3,4,0.8,83,Upper Body,2,64,661,1
U1065,39,Male,190,74.4,20.6,Build Muscle,Intermediate,Gym,7,7,0,0.2,56,Legs,2,58,415,0
U1066,35,Female,183,78.4,23.4,Lose Weight,Beginner,Gym,5.7,7,6,1,50,Cardio,1,33,333,1
U1067,30,Female,155,54.5,22.7,Gain Strength,Beginner,Gym,7.2,7,2,0.98,50,Upper Body,1,61,540,1
U1068,37,Female,189,105,29.4,Build Muscle,Beginner,Mixed,7.1,4,5,0.54,78,Pull,1,60,656,1
U1069,22,Female,179,81.1,25.3,Lose Weight,Advanced,Home,6.4,8,3,0.73,66,Full Body,3,60,399,1
U1070,29,Male,178,79.2,25,Lose Weight,Beginner,Gym,7.8,10,2,1,53,Full Body,1,52,361,1
U1071,24,Male,153,78.4,33.5,Gain Strength,Beginner,Gym,5,9,1,0.69,80,Push,1,52,572,0
U1072,18,Female,159,65,25.7,Improve Fitness,Intermediate,Home,6.4,1,5,0.68,64,Lower Body,2,50,328,1
U1073,26,Male,158,54.9,22,Gain Strength,Intermediate,Home,8,7,3,0.78,61,Upper Body,2,63,695,1
U1074,39,Female,179,90.7,28.3,Lose Weight,Beginner,Mixed,7.4,6,3,0.87,81,Full Body,1,42,299,1
U1075,37,Female,174,63.6,21,Improve Fitness,Intermediate,Gym,6.5,9,3,0.85,81,Full Body,2,60,525,1
U1076,25,Female,171,71.3,24.4,Gain Strength,Beginner,Home,7.2,5,3,0.95,63,Pull,1,60,417,1
U1077,21,Female,158,66.9,26.8,Lose Weight,Intermediate,Home,6.9,5,5,0.68,88,Cardio,2,43,403,1
U1078,24,Male,192,103.2,28,Lose Weight,Intermediate,Gym,8,8,2,0.95,72,Cardio,2,48,508,1
U1079,37,Male,188,96.8,27.4,Improve Fitness,Intermediate,Gym,6.8,2,2,0.78,70,Upper Body,2,44,430,1
U1080,20,Male,190,89.9,24.9,Improve Fitness,Beginner,Gym,7.8,6,3,0.57,100,Cardio,1,41,283,1
U1081,19,Male,160,52,20.3,Gain Strength,Beginner,Gym,5.8,7,5,0.93,83,Legs,1,61,527,1
U1082,27,Female,183,90.8,27.1,Gain Strength,Beginner,Gym,7.8,9,0,0.72,58,Push,1,69,451,0
U1083,41,Female,161,64.3,24.8,Build Muscle,Intermediate,Gym,6.4,8,6,0.9,69,Upper Body,2,40,444,1
U1084,45,Female,186,72.7,21,Lose Weight,Beginner,Home,6.7,4,0,0.79,63,Full Body,1,59,512,1
U1085,21,Male,177,65.8,21,Lose Weight,Intermediate,Gym,7.4,4,5,0.76,64,Cardio,2,35,261,1
U1086,42,Female,172,66.6,22.5,Gain Strength,Intermediate,Mixed,7.4,3,0,0.46,50,Push,2,49,361,0
U1087,42,Female,179,68.9,21.5,Gain Strength,Intermediate,Gym,6.9,9,5,0.78,94,Legs,2,47,453,1
U1088,43,Female,187,98.3,28.1,Build Muscle,Intermediate,Gym,6.9,7,0,0.72,56,Push,2,47,414,1
U1089,35,Male,178,77.3,24.4,Improve Fitness,Intermediate,Gym,6.8,9,3,0.78,59,Cardio,2,44,428,1
U1090,19,Male,195,101.5,26.7,Lose Weight,Beginner,Gym,8.8,2,2,0.7,78,Cardio,1,42,438,1
U1091,38,Female,154,65,27.4,Build Muscle,Intermediate,Gym,6.7,4,5,0.76,72,Lower Body,2,49,555,1
U1092,40,Female,158,62.2,24.9,Lose Weight,Advanced,Gym,6.2,6,5,0.72,79,Lower Body,3,51,336,1
U1093,27,Male,163,81.3,30.6,Build Muscle,Intermediate,Gym,8.2,2,1,1,60,Push,2,68,739,1
U1094,37,Male,188,99.7,28.2,Lose Weight,Beginner,Mixed,7.3,9,6,1,59,Recovery,1,34,324,1
U1095,42,Female,164,56.5,21,Lose Weight,Beginner,Mixed,6.4,7,6,0.34,64,Cardio,1,44,498,1
U1096,44,Male,188,75.3,21.3,Build Muscle,Beginner,Home,7.3,5,4,0.78,100,Full Body,1,42,303,1
U1097,31,Male,164,76.7,28.5,Gain Strength,Advanced,Mixed,6.5,6,0,0.56,79,Pull,3,56,624,1
U1098,44,Female,159,48,19,Build Muscle,Beginner,Mixed,9.1,2,6,0.93,64,Upper Body,1,46,425,1
U1099,41,Female,157,42.6,17.3,Gain Strength,Beginner,Gym,8.6,3,3,0.7,90,Legs,1,62,562,1
U1100,25,Male,168,50.2,17.8,Lose Weight,Intermediate,Gym,6.4,6,1,0.72,72,Full Body,2,51,583,1
U1101,35,Male,174,68.4,22.6,Improve Fitness,Beginner,Gym,7.8,5,2,0.53,69,Upper Body,1,60,621,1
U1102,41,Female,158,62.4,25,Build Muscle,Intermediate,Mixed,7.7,2,6,0.85,55,Upper Body,2,42,435,1
U1103,32,Male,168,51.1,18.1,Build Muscle,Intermediate,Mixed,8.5,5,2,0.78,60,Legs,2,51,551,1
U1104,19,Female,167,86.5,31,Build Muscle,Beginner,Mixed,7.2,7,3,0.93,73,Pull,1,70,483,1
U1105,31,Male,177,104,33.2,Lose Weight,Intermediate,Gym,9,5,0,0.68,86,Cardio,2,39,340,1
U1106,32,Male,172,80.5,27.2,Lose Weight,Beginner,Home,8.6,0,0,0.55,82,Full Body,1,56,403,1
U1107,37,Female,152,66.8,28.9,Build Muscle,Beginner,Home,5.2,5,3,0.51,41,Full Body,1,44,383,0
U1108,20,Male,183,78.4,23.4,Lose Weight,Beginner,Gym,7.9,1,0,0.99,73,Full Body,1,52,521,1
U1109,24,Female,194,117.8,31.3,Improve Fitness,Intermediate,Gym,5.6,1,3,0.41,71,Full Body,2,50,460,0
U1110,27,Male,195,99.2,26.1,Gain Strength,Intermediate,Gym,7.1,5,4,0.35,70,Pull,2,60,561,0
U1111,32,Male,189,67.9,19,Improve Fitness,Beginner,Gym,7.8,7,4,0.79,57,Cardio,1,48,423,1
U1112,34,Female,158,55.7,22.3,Improve Fitness,Intermediate,Home,5.9,2,6,0.71,86,Recovery,2,33,241,1
U1113,40,Male,172,60.4,20.4,Improve Fitness,Intermediate,Gym,7.7,1,2,0.62,60,Full Body,2,60,582,1
U1114,36,Male,160,61.7,24.1,Gain Strength,Intermediate,Home,6,9,0,0.62,54,Upper Body,2,48,362,0
U1115,36,Female,189,117.2,32.8,Lose Weight,Intermediate,Home,7.1,4,5,0.59,75,Recovery,2,35,255,1
U1116,31,Female,179,76.9,24,Build Muscle,Intermediate,Gym,6.9,5,5,0.83,83,Full Body,2,44,356,1
U1117,32,Male,167,62.2,22.3,Lose Weight,Beginner,Gym,6.5,6,6,0.67,37,Full Body,1,50,364,1
U1118,34,Female,181,59.3,18.1,Improve Fitness,Intermediate,Gym,8.6,6,4,1,68,Cardio,2,36,341,1
U1119,44,Female,168,75.9,26.9,Lose Weight,Intermediate,Gym,7.4,4,5,1,88,Cardio,2,41,340,1
U1120,27,Male,174,72.7,24,Lose Weight,Intermediate,Gym,6,9,5,0.43,75,Full Body,2,52,534,1
U1121,24,Female,182,70.6,21.3,Build Muscle,Beginner,Home,5.5,7,4,0.6,55,Legs,1,57,610,1
U1122,36,Female,182,104.7,31.6,Gain Strength,Intermediate,Home,8.1,4,3,0.72,94,Upper Body,2,65,705,1
U1123,38,Male,188,87.7,24.8,Lose Weight,Advanced,Home,6.2,9,4,0.99,80,Cardio,3,48,497,1
U1124,30,Male,193,74.9,20.1,Build Muscle,Intermediate,Home,6.9,3,0,0.56,51,Legs,2,58,554,1
U1125,33,Male,195,108,28.4,Build Muscle,Beginner,Gym,9.2,10,3,0.47,80,Legs,1,62,642,1
U1126,41,Female,189,77.9,21.8,Lose Weight,Advanced,Gym,6.6,4,1,0.61,59,Recovery,3,29,239,1
U1127,43,Female,168,69.7,24.7,Build Muscle,Intermediate,Gym,6.2,6,6,0.77,71,Pull,2,67,655,1
U1128,41,Female,163,62.4,23.5,Build Muscle,Intermediate,Mixed,6.1,4,1,0.62,83,Push,2,66,446,1
U1129,31,Female,195,101.1,26.6,Lose Weight,Intermediate,Gym,6,8,1,0.74,83,Full Body,2,60,475,1
U1130,19,Male,191,63.8,17.5,Lose Weight,Intermediate,Home,7.7,0,1,0.6,80,Full Body,2,52,565,1
U1131,18,Female,186,73.7,21.3,Lose Weight,Advanced,Gym,5.1,7,5,0.43,72,Full Body,3,56,456,1
U1132,41,Female,191,93.4,25.6,Build Muscle,Beginner,Home,6.1,4,4,0.83,47,Upper Body,1,53,431,1
U1133,30,Male,161,62.7,24.2,Improve Fitness,Intermediate,Mixed,5.8,0,2,0.6,72,Full Body,2,50,390,1
U1134,29,Male,153,48.9,20.9,Gain Strength,Intermediate,Gym,6.7,10,4,0.9,63,Lower Body,2,47,530,1
U1135,33,Male,179,89.7,28,Gain Strength,Intermediate,Gym,5.9,8,3,0.82,93,Upper Body,2,54,541,1
U1136,20,Male,153,39.8,17,Gain Strength,Advanced,Gym,6.2,8,1,0.82,68,Push,3,67,584,1
U1137,19,Female,158,65.2,26.1,Lose Weight,Intermediate,Gym,6.4,7,5,0.74,69,Lower Body,2,42,282,1
U1138,29,Male,184,99.5,29.4,Improve Fitness,Advanced,Gym,7.4,7,0,0.78,65,Full Body,3,60,687,1
U1139,30,Female,174,68.1,22.5,Lose Weight,Intermediate,Home,6.6,8,1,0.79,65,Full Body,2,45,512,1
U1140,44,Male,151,58.6,25.7,Improve Fitness,Intermediate,Home,9.4,6,4,0.88,67,Full Body,2,54,557,1
U1141,19,Female,189,105.4,29.5,Gain Strength,Advanced,Gym,6.7,3,0,0.35,56,Push,3,66,673,0
U1142,30,Female,164,45.7,17,Lose Weight,Intermediate,Home,6.7,2,4,0.72,97,Recovery,2,27,207,1
U1143,22,Male,176,80.2,25.9,Build Muscle,Beginner,Mixed,6.9,2,5,0.87,38,Upper Body,1,65,526,1
U1144,31,Female,159,64.5,25.5,Build Muscle,Beginner,Gym,7.9,3,6,0.45,89,Pull,1,58,530,1
U1145,30,Male,166,71.4,25.9,Build Muscle,Intermediate,Mixed,6.6,5,0,0.83,100,Legs,2,64,695,1
U1146,24,Male,180,82,25.3,Build Muscle,Advanced,Gym,7.4,0,1,0.64,59,Full Body,3,47,520,1
U1147,35,Female,168,79,28,Lose Weight,Intermediate,Gym,6.2,4,2,0.73,64,Full Body,2,43,476,1
U1148,29,Female,176,82.1,26.5,Build Muscle,Advanced,Home,7.5,0,2,0.91,64,Legs,3,52,554,1
U1149,33,Female,166,64.5,23.4,Gain Strength,Intermediate,Home,6,7,3,0.64,77,Push,2,68,778,1
U1150,19,Male,154,65.7,27.7,Improve Fitness,Intermediate,Home,6.1,6,1,0.88,92,Lower Body,2,51,346,1
U1151,38,Female,192,96.6,26.2,Lose Weight,Beginner,Home,9.2,0,0,0.58,53,Full Body,1,49,423,1
U1152,23,Male,156,41.4,17,Lose Weight,Beginner,Home,8.7,4,6,0.84,71,Cardio,1,32,244,1
U1153,39,Male,191,93.8,25.7,Improve Fitness,Intermediate,Gym,5.9,6,3,1,73,Full Body,2,60,643,1
U1154,38,Female,186,86.5,25,Improve Fitness,Advanced,Mixed,7.9,0,1,0.81,75,Full Body,3,41,382,1
U1155,19,Male,170,61.3,21.2,Build Muscle,Beginner,Gym,7.6,6,0,1,92,Pull,1,62,632,1
U1156,43,Male,182,103.3,31.2,Gain Strength,Beginner,Gym,6.5,3,6,0.54,70,Push,1,65,496,1
U1157,35,Female,177,77.4,24.7,Build Muscle,Intermediate,Gym,8.3,9,2,0.42,94,Lower Body,2,60,436,0
U1158,30,Female,173,71.2,23.8,Build Muscle,Beginner,Gym,6.6,5,6,0.54,47,Pull,1,59,503,1
U1159,18,Male,172,82.8,28,Lose Weight,Intermediate,Home,7.2,6,0,0.49,52,Cardio,2,32,268,0
U1160,22,Female,169,66,23.1,Build Muscle,Beginner,Gym,8.9,4,3,0.67,49,Pull,1,68,651,1
U1161,32,Male,158,58.7,23.5,Build Muscle,Advanced,Gym,6.8,9,3,0.23,71,Lower Body,3,49,397,0
U1162,40,Male,180,76.1,23.5,Build Muscle,Advanced,Mixed,7.9,4,5,1,88,Upper Body,3,65,541,1
U1163,36,Male,187,81.8,23.4,Improve Fitness,Beginner,Home,5.9,0,5,1,72,Cardio,1,44,376,1
U1164,33,Male,190,88.8,24.6,Build Muscle,Beginner,Gym,7.1,6,6,0.76,69,Pull,1,57,489,1
U1165,19,Female,194,83.2,22.1,Improve Fitness,Intermediate,Home,6.5,1,0,0.71,63,Upper Body,2,60,584,1
U1166,42,Female,177,67.4,21.5,Build Muscle,Beginner,Gym,7.2,8,4,0.67,94,Legs,1,69,686,1
U1167,22,Female,151,38.8,17,Lose Weight,Beginner,Mixed,8.3,1,0,0.94,40,Lower Body,1,56,499,1
U1168,33,Male,178,73.2,23.1,Gain Strength,Intermediate,Gym,6.7,0,6,0.47,60,Upper Body,2,45,347,1
U1169,23,Male,171,57.9,19.8,Lose Weight,Advanced,Gym,9,6,5,0.89,91,Cardio,3,42,397,1
U1170,30,Male,195,104.6,27.5,Build Muscle,Beginner,Home,5.9,1,4,0.63,79,Push,1,51,551,1
U1171,34,Female,188,68.6,19.4,Lose Weight,Beginner,Gym,7.9,5,6,0.68,66,Full Body,1,59,418,1
U1172,27,Male,161,71.3,27.5,Lose Weight,Beginner,Gym,7.6,9,1,0.66,89,Full Body,1,55,510,1
U1173,33,Female,158,49.9,20,Build Muscle,Intermediate,Home,7.8,5,0,0.83,67,Legs,2,60,537,1
U1174,40,Female,181,84.9,25.9,Build Muscle,Intermediate,Home,5.7,3,2,0.89,69,Push,2,50,518,1
U1175,33,Male,186,77.1,22.3,Build Muscle,Intermediate,Mixed,8.3,5,4,0.59,50,Lower Body,2,60,615,1
U1176,27,Male,178,57,18,Build Muscle,Advanced,Gym,7.8,1,6,0.49,98,Lower Body,3,45,431,1
U1177,43,Male,163,45.2,17,Gain Strength,Intermediate,Gym,9,9,4,0.76,70,Push,2,53,380,1
U1178,42,Female,153,52,22.2,Improve Fitness,Advanced,Gym,7.5,2,1,0.71,88,Full Body,3,52,501,1
U1179,30,Female,154,59.3,25,Lose Weight,Advanced,Gym,7.3,8,5,0.65,71,Cardio,3,44,306,1
U1180,32,Female,154,61.2,25.8,Gain Strength,Beginner,Mixed,5.2,3,3,0.48,83,Pull,1,49,402,1
U1181,39,Male,152,58.2,25.2,Build Muscle,Intermediate,Gym,6.9,1,6,0.72,77,Push,2,51,408,1
U1182,45,Female,155,53.3,22.2,Gain Strength,Beginner,Gym,6.2,10,1,0.76,57,Push,1,65,491,0
U1183,20,Male,187,91.6,26.2,Build Muscle,Intermediate,Gym,5.2,5,6,0.91,79,Push,2,47,494,1
U1184,21,Female,173,76.6,25.6,Improve Fitness,Beginner,Home,8.2,2,5,1,87,Recovery,1,24,208,1
U1185,41,Male,190,61.4,17,Gain Strength,Advanced,Home,5.7,7,6,0.61,72,Pull,3,68,548,1
U1186,22,Male,167,74.5,26.7,Lose Weight,Beginner,Home,6.3,9,2,0.75,60,Lower Body,1,63,532,1
U1187,38,Male,165,59.6,21.9,Lose Weight,Beginner,Gym,5.6,9,0,0.55,51,Full Body,1,50,416,0
U1188,39,Male,180,66.1,20.4,Improve Fitness,Intermediate,Gym,8.3,1,0,0.55,100,Full Body,2,52,537,1
U1189,31,Female,155,63.9,26.6,Lose Weight,Intermediate,Gym,7.3,1,2,0.57,82,Cardio,2,34,362,1
U1190,39,Male,169,63.1,22.1,Gain Strength,Intermediate,Mixed,7.2,0,1,1,70,Push,2,64,653,1
U1191,41,Male,157,72.2,29.3,Build Muscle,Beginner,Gym,6.3,7,2,0.71,98,Legs,1,69,754,1
U1192,42,Male,171,64,21.9,Gain Strength,Beginner,Gym,9.1,9,5,0.85,63,Push,1,46,383,1
U1193,26,Male,186,94.1,27.2,Gain Strength,Beginner,Home,8.2,0,0,0.83,48,Lower Body,1,45,502,1
U1194,45,Male,185,73.2,21.4,Gain Strength,Intermediate,Home,6.8,3,2,0.71,81,Pull,2,56,616,1
U1195,23,Male,183,84.4,25.2,Improve Fitness,Advanced,Gym,5.6,7,6,0.79,81,Full Body,3,42,334,1
U1196,43,Female,189,96.1,26.9,Build Muscle,Beginner,Mixed,8.3,3,5,0.87,78,Full Body,1,40,387,1
U1197,40,Male,171,70.8,24.2,Build Muscle,Intermediate,Mixed,5.3,4,0,0.8,75,Push,2,46,309,1
U1198,25,Female,194,96.3,25.6,Improve Fitness,Intermediate,Home,5.7,9,0,0.53,87,Cardio,2,32,245,0
U1199,26,Female,175,74.4,24.3,Gain Strength,Intermediate,Gym,7.8,4,1,0.73,72,Push,2,48,423,1
U1200,31,Male,184,96.2,28.4,Lose Weight,Intermediate,Gym,6.5,7,2,0.74,65,Lower Body,2,46,491,1
U1201,28,Male,155,54.5,22.7,Gain Strength,Advanced,Gym,6.8,0,5,0.76,64,Pull,3,62,432,1
U1202,21,Male,157,73.5,29.8,Build Muscle,Intermediate,Mixed,6.1,2,1,0.69,65,Lower Body,2,42,277,1
U1203,20,Male,191,111.6,30.6,Lose Weight,Beginner,Mixed,7.3,5,0,0.91,49,Cardio,1,31,278,1
U1204,30,Female,161,66.4,25.6,Lose Weight,Advanced,Gym,8.1,7,1,0.73,87,Cardio,3,50,340,1
U1205,26,Female,158,55.7,22.3,Lose Weight,Intermediate,Home,8.7,3,5,1,66,Recovery,2,20,221,1
U1206,34,Female,174,68.4,22.6,Build Muscle,Beginner,Home,8.7,0,6,1,64,Upper Body,1,47,329,1
U1207,39,Male,167,63.3,22.7,Lose Weight,Intermediate,Home,6.8,3,4,0.48,58,Lower Body,2,65,662,1
U1208,29,Male,195,77.2,20.3,Gain Strength,Advanced,Home,6.3,9,1,0.71,75,Upper Body,3,42,321,1
U1209,25,Male,183,103.8,31,Lose Weight,Beginner,Home,6,2,2,0.9,68,Full Body,1,40,282,1
U1210,34,Female,154,57.6,24.3,Lose Weight,Advanced,Gym,7.8,1,2,0.52,77,Cardio,3,35,283,1
U1211,40,Female,164,67.8,25.2,Gain Strength,Intermediate,Gym,7.6,4,1,0.77,100,Push,2,69,558,1
U1212,43,Male,190,78.7,21.8,Lose Weight,Advanced,Gym,6.5,1,1,0.61,63,Cardio,3,35,382,1
U1213,32,Male,166,60.1,21.8,Build Muscle,Intermediate,Gym,8.4,1,5,0.98,63,Push,2,50,461,1
U1214,21,Female,186,72.7,21,Gain Strength,Intermediate,Gym,7.6,1,6,0.62,81,Upper Body,2,50,546,1
U1215,23,Male,185,86.9,25.4,Improve Fitness,Advanced,Gym,5.4,9,3,1,98,Upper Body,3,41,334,1
U1216,24,Female,194,82.4,21.9,Lose Weight,Advanced,Gym,6.7,10,2,0.77,77,Cardio,3,31,209,1
U1217,18,Female,155,65.6,27.3,Build Muscle,Intermediate,Home,9.3,3,0,0.69,60,Push,2,47,489,1
U1218,33,Female,192,68.9,18.7,Build Muscle,Intermediate,Gym,6.3,5,3,0.71,98,Pull,2,59,549,1
U1219,22,Male,155,53.6,22.3,Gain Strength,Intermediate,Gym,7.3,9,1,0.72,89,Legs,2,72,785,1
U1220,33,Female,155,84.3,35.1,Lose Weight,Advanced,Gym,6.5,9,4,0.63,87,Lower Body,3,46,328,1
U1221,31,Male,193,102.1,27.4,Lose Weight,Advanced,Home,9.1,9,2,0.83,66,Cardio,3,32,291,1
U1222,45,Male,194,101.6,27,Lose Weight,Intermediate,Gym,8.3,6,1,0.87,79,Cardio,2,33,359,1
U1223,31,Female,174,87.8,29,Gain Strength,Intermediate,Gym,8.4,2,2,0.97,81,Legs,2,52,461,1
U1224,26,Female,151,54.3,23.8,Build Muscle,Intermediate,Gym,7.3,7,6,0.94,59,Upper Body,2,64,502,1
U1225,31,Male,162,68.2,26,Lose Weight,Advanced,Gym,6.7,7,6,0.73,91,Full Body,3,56,505,1
U1226,22,Male,161,65.6,25.3,Build Muscle,Intermediate,Mixed,7.2,3,0,0.48,83,Legs,2,61,678,1
U1227,39,Male,165,74.1,27.2,Lose Weight,Intermediate,Gym,9.5,7,4,0.66,75,Full Body,2,48,404,1
U1228,23,Male,164,68.6,25.5,Lose Weight,Intermediate,Gym,8.8,6,4,0.7,76,Cardio,2,45,342,1
U1229,37,Female,195,103,27.1,Improve Fitness,Intermediate,Gym,7.3,6,6,0.64,74,Full Body,2,54,508,1
U1230,18,Female,185,99.3,29,Lose Weight,Intermediate,Gym,6,1,3,0.74,61,Cardio,2,50,399,1
U1231,22,Male,153,69.1,29.5,Gain Strength,Intermediate,Home,5.4,10,2,0.62,77,Upper Body,2,53,447,0
U1232,19,Male,171,90.9,31.1,Gain Strength,Beginner,Gym,7,7,5,0.62,100,Pull,1,54,551,1
U1233,41,Male,193,68.5,18.4,Improve Fitness,Intermediate,Gym,4.7,3,5,0.8,64,Lower Body,2,43,380,1
U1234,45,Male,180,65.4,20.2,Improve Fitness,Intermediate,Mixed,7.9,6,4,0.76,63,Full Body,2,44,317,1
U1235,45,Male,155,45.9,19.1,Lose Weight,Intermediate,Gym,8.1,10,0,0.84,70,Cardio,2,36,371,1
U1236,20,Male,189,115.4,32.3,Lose Weight,Beginner,Gym,5.9,7,3,0.45,61,Cardio,1,41,270,0
U1237,18,Male,164,65.4,24.3,Gain Strength,Beginner,Gym,7.4,6,4,0.68,77,Legs,1,59,559,1
U1238,28,Female,193,71.5,19.2,Improve Fitness,Beginner,Mixed,8.7,5,6,0.71,88,Full Body,1,47,310,1
U1239,34,Male,157,63.8,25.9,Lose Weight,Intermediate,Gym,7.6,10,2,0.82,78,Lower Body,2,41,407,1
U1240,31,Female,174,82.4,27.2,Build Muscle,Beginner,Home,8.6,3,5,0.76,82,Upper Body,1,56,538,1
U1241,40,Male,176,74.7,24.1,Gain Strength,Beginner,Home,8.7,1,2,0.6,99,Push,1,64,727,1
U1242,29,Female,168,68.6,24.3,Build Muscle,Intermediate,Mixed,5.5,7,2,0.74,61,Pull,2,66,686,1
U1243,20,Male,166,77.2,28,Lose Weight,Intermediate,Mixed,6.4,4,3,0.64,43,Cardio,2,31,315,1
U1244,21,Male,150,50.8,22.6,Improve Fitness,Intermediate,Gym,4.5,5,3,0.43,83,Recovery,2,28,316,0
U1245,26,Female,194,104.6,27.8,Improve Fitness,Intermediate,Home,7.6,2,0,0.55,71,Full Body,2,43,425,1
U1246,23,Female,172,72.5,24.5,Lose Weight,Advanced,Mixed,5.8,2,3,0.99,85,Recovery,3,23,150,1
U1247,45,Male,192,87,23.6,Improve Fitness,Intermediate,Home,7.1,9,0,0.76,41,Cardio,2,45,481,0
U1248,35,Male,150,52.9,23.5,Lose Weight,Beginner,Mixed,6.3,7,6,0.54,67,Cardio,1,40,370,1
U1249,30,Female,165,87.4,32.1,Build Muscle,Beginner,Home,7.8,1,6,0.62,80,Legs,1,45,385,1
U1250,35,Male,155,73,30.4,Gain Strength,Advanced,Home,8.1,8,4,0.73,62,Pull,3,52,483,1
U1251,37,Female,195,104.2,27.4,Gain Strength,Intermediate,Gym,7.5,10,1,0.88,81,Push,2,62,417,1
U1252,23,Female,158,72.1,28.9,Gain Strength,Intermediate,Gym,6.5,4,4,0.96,74,Push,2,59,415,1
U1253,31,Male,190,119.9,33.2,Gain Strength,Intermediate,Home,6.3,7,3,1,74,Upper Body,2,57,609,1
U1254,33,Male,194,82,21.8,Lose Weight,Intermediate,Gym,6.6,6,5,0.66,78,Full Body,2,52,402,1
U1255,30,Female,168,75.4,26.7,Lose Weight,Beginner,Gym,6.5,8,2,0.72,100,Lower Body,1,62,493,1
U1256,29,Male,195,120.9,31.8,Gain Strength,Advanced,Gym,7.6,10,2,0.73,73,Upper Body,3,61,523,1
U1257,41,Female,177,84.9,27.1,Gain Strength,Intermediate,Gym,6,2,0,0.67,46,Upper Body,2,44,437,0
U1258,27,Male,184,88.7,26.2,Build Muscle,Intermediate,Gym,7.8,10,5,0.63,95,Legs,2,61,640,1
U1259,27,Male,174,58.7,19.4,Lose Weight,Advanced,Mixed,5.5,5,4,0.76,87,Cardio,3,36,360,1
U1260,38,Female,187,110.5,31.6,Lose Weight,Intermediate,Home,6.6,3,2,0.91,71,Full Body,2,45,388,1
U1261,35,Female,158,59.4,23.8,Build Muscle,Intermediate,Gym,8.1,7,5,0.84,48,Full Body,2,50,535,1
U1262,27,Female,186,106.2,30.7,Lose Weight,Beginner,Home,8.6,8,1,0.61,77,Recovery,1,22,181,1
U1263,24,Female,171,77.8,26.6,Lose Weight,Beginner,Home,7.4,8,3,0.62,61,Recovery,1,20,221,1
U1264,25,Male,193,90.9,24.4,Improve Fitness,Beginner,Home,8.4,1,3,0.82,66,Full Body,1,56,488,1
U1265,19,Female,191,101.1,27.7,Build Muscle,Intermediate,Mixed,4.5,2,6,0.93,45,Legs,2,65,703,1
U1266,31,Male,163,61.1,23,Lose Weight,Intermediate,Mixed,5.9,6,5,0.49,89,Lower Body,2,42,288,1
U1267,23,Female,185,77,22.5,Build Muscle,Intermediate,Mixed,7.5,6,3,0.71,79,Legs,2,66,430,1
U1268,41,Male,187,86.7,24.8,Build Muscle,Intermediate,Gym,5.7,8,0,0.9,64,Pull,2,69,584,1
U1269,39,Male,180,58.3,18,Build Muscle,Beginner,Home,6.6,8,2,0.99,84,Full Body,1,60,426,1
U1270,18,Female,184,77.9,23,Lose Weight,Beginner,Gym,6.7,5,1,0.66,100,Full Body,1,45,318,1
U1271,39,Male,185,89.3,26.1,Lose Weight,Intermediate,Gym,7.6,1,2,0.91,75,Cardio,2,40,317,1
U1272,20,Male,170,67.6,23.4,Lose Weight,Beginner,Home,6.9,9,1,0.71,71,Full Body,1,53,403,1
U1273,41,Female,167,77,27.6,Gain Strength,Beginner,Home,7.2,7,3,0.85,70,Legs,1,65,696,1
U1274,45,Male,184,84,24.8,Build Muscle,Intermediate,Home,4.9,1,0,0.88,77,Lower Body,2,41,379,1
U1275,35,Female,191,104.7,28.7,Gain Strength,Beginner,Gym,4.5,9,5,1,69,Lower Body,1,56,366,1
U1276,25,Male,182,96.7,29.2,Build Muscle,Beginner,Home,6,9,5,0.83,56,Lower Body,1,47,320,1
U1277,29,Male,152,50.6,21.9,Gain Strength,Intermediate,Home,9.2,6,3,0.69,75,Lower Body,2,60,638,1
U1278,44,Female,187,98.6,28.2,Lose Weight,Beginner,Home,7.6,5,4,0.75,77,Full Body,1,48,508,1
U1279,29,Female,180,112.1,34.6,Improve Fitness,Beginner,Mixed,7,7,1,0.76,87,Full Body,1,44,465,1
U1280,39,Male,176,90.1,29.1,Gain Strength,Intermediate,Gym,8.4,7,3,0.83,54,Pull,2,52,492,1
U1281,22,Male,186,108.6,31.4,Build Muscle,Beginner,Mixed,5.8,8,3,0.77,60,Legs,1,64,470,1
U1282,44,Female,188,85.5,24.2,Build Muscle,Intermediate,Home,7.5,9,5,0.78,78,Legs,2,47,396,1
U1283,21,Male,162,82.1,31.3,Lose Weight,Advanced,Home,7.6,2,4,0.68,86,Cardio,3,49,347,1
U1284,33,Male,188,104.3,29.5,Lose Weight,Beginner,Mixed,5.7,10,5,0.83,82,Full Body,1,41,365,1
U1285,42,Female,172,68.9,23.3,Lose Weight,Intermediate,Home,8.6,9,0,0.69,73,Full Body,2,47,366,1
U1286,18,Male,186,82.3,23.8,Lose Weight,Intermediate,Gym,7.1,3,5,0.52,50,Lower Body,2,48,374,1
U1287,35,Female,186,107.9,31.2,Lose Weight,Beginner,Home,6.2,3,3,0.54,39,Full Body,1,51,478,1
U1288,42,Female,158,54.4,21.8,Improve Fitness,Intermediate,Home,5.6,7,6,1,87,Upper Body,2,50,462,1
U1289,40,Male,160,55.3,21.6,Lose Weight,Intermediate,Mixed,9.5,2,3,0.9,67,Recovery,2,33,220,1
U1290,30,Female,189,60.7,17,Gain Strength,Beginner,Mixed,9.5,0,6,0.47,47,Upper Body,1,65,515,1
U1291,19,Male,189,102.9,28.8,Build Muscle,Beginner,Gym,9.5,0,1,0.97,80,Push,1,66,599,1
U1292,41,Male,155,64.9,27,Lose Weight,Intermediate,Home,8,9,2,0.86,76,Cardio,2,37,241,1
U1293,23,Female,182,82.5,24.9,Build Muscle,Beginner,Gym,7,1,6,0.58,67,Legs,1,59,526,1
U1294,25,Female,179,55.8,17.4,Gain Strength,Advanced,Mixed,7,7,0,0.54,55,Pull,3,67,573,0
U1295,29,Male,194,95.2,25.3,Gain Strength,Beginner,Gym,8.6,10,5,0.89,48,Upper Body,1,46,360,1
U1296,41,Male,181,66.5,20.3,Gain Strength,Beginner,Gym,8.1,4,1,0.54,68,Pull,1,69,681,1
U1297,39,Female,189,95.7,26.8,Build Muscle,Advanced,Mixed,6,7,2,0.74,51,Upper Body,3,56,475,1
U1298,42,Male,153,51.5,22,Lose Weight,Beginner,Mixed,7.5,0,4,0.43,78,Cardio,1,44,287,1
U1299,39,Male,174,73.9,24.4,Lose Weight,Beginner,Home,7.7,4,1,0.76,92,Full Body,1,55,474,1
U1300,31,Female,173,74.8,25,Improve Fitness,Beginner,Gym,6.6,2,4,0.74,80,Upper Body,1,52,375,1
U1301,41,Male,180,80,24.7,Gain Strength,Beginner,Gym,7.1,10,4,0.59,62,Legs,1,72,611,0
U1302,40,Male,153,43.5,18.6,Build Muscle,Beginner,Mixed,9,1,3,0.5,61,Upper Body,1,65,534,1
U1303,31,Male,172,63.6,21.5,Improve Fitness,Advanced,Gym,8.1,9,5,0.67,90,Cardio,3,39,397,1
U1304,20,Female,189,77.5,21.7,Build Muscle,Intermediate,Gym,7.4,2,5,0.57,100,Lower Body,2,42,307,1
U1305,25,Female,170,56.4,19.5,Gain Strength,Intermediate,Home,7.4,6,2,0.83,78,Lower Body,2,40,285,1
U1306,25,Female,194,89.2,23.7,Gain Strength,Beginner,Gym,7,1,0,0.73,69,Lower Body,1,64,734,1
U1307,21,Female,189,101.8,28.5,Build Muscle,Intermediate,Mixed,9.5,4,1,0.62,51,Pull,2,49,327,1
U1308,29,Female,180,78.1,24.1,Lose Weight,Advanced,Mixed,9.5,8,3,0.58,96,Cardio,3,48,416,1
U1309,38,Female,172,93.2,31.5,Lose Weight,Beginner,Gym,6.5,4,2,0.82,96,Full Body,1,40,328,1
U1310,33,Male,194,86.2,22.9,Improve Fitness,Advanced,Gym,6.9,0,6,0.62,56,Cardio,3,49,419,1
U1311,35,Female,175,66.8,21.8,Build Muscle,Intermediate,Home,5.8,6,1,0.73,60,Pull,2,69,687,1
U1312,26,Female,191,93,25.5,Gain Strength,Intermediate,Gym,5.4,1,1,0.78,84,Push,2,64,573,1
U1313,28,Male,159,43,17,Build Muscle,Intermediate,Gym,7.5,1,2,0.94,53,Pull,2,49,402,1
U1314,27,Female,173,94.3,31.5,Lose Weight,Intermediate,Gym,7.6,2,0,0.59,71,Cardio,2,32,340,1
U1315,21,Male,174,81.1,26.8,Gain Strength,Beginner,Home,7.2,0,1,0.82,58,Legs,1,66,481,1
U1316,41,Male,185,86.2,25.2,Lose Weight,Beginner,Home,5.5,3,2,0.7,58,Lower Body,1,45,471,1
U1317,36,Male,175,65.5,21.4,Gain Strength,Beginner,Gym,8.5,7,5,0.92,81,Legs,1,47,385,1
U1318,42,Male,153,46.6,19.9,Lose Weight,Beginner,Gym,6.8,1,1,0.94,74,Full Body,1,60,447,1
U1319,40,Female,172,101.2,34.2,Gain Strength,Beginner,Gym,7.5,7,4,0.75,67,Pull,1,62,548,1
U1320,45,Male,154,59.5,25.1,Lose Weight,Beginner,Mixed,6.9,8,2,0.85,86,Full Body,1,40,324,1
U1321,20,Female,162,55.6,21.2,Lose Weight,Intermediate,Home,5.6,9,2,0.39,79,Cardio,2,33,243,0
U1322,19,Male,156,48.4,19.9,Lose Weight,Beginner,Home,4.7,6,5,0.79,100,Full Body,1,51,568,1
U1323,24,Female,155,58.9,24.5,Lose Weight,Intermediate,Gym,8,6,6,0.73,70,Cardio,2,49,337,1
U1324,24,Male,156,69.1,28.4,Gain Strength,Intermediate,Gym,6.8,8,5,0.77,76,Pull,2,68,638,1
U1325,39,Female,194,81.7,21.7,Gain Strength,Advanced,Gym,8.2,2,4,0.69,60,Legs,3,74,684,1
U1326,28,Female,176,83,26.8,Gain Strength,Beginner,Home,6.1,9,1,0.73,71,Legs,1,56,632,0
U1327,18,Male,168,82.1,29.1,Lose Weight,Intermediate,Mixed,7.6,4,0,0.72,84,Cardio,2,36,399,1
U1328,34,Male,156,73.7,30.3,Build Muscle,Beginner,Gym,7.7,5,4,0.72,52,Pull,1,57,392,1
U1329,28,Female,161,51.8,20,Lose Weight,Advanced,Home,6.8,1,4,0.61,69,Full Body,3,52,428,1
U1330,44,Female,176,76.5,24.7,Improve Fitness,Beginner,Home,7.7,10,6,0.71,79,Cardio,1,50,404,1
U1331,36,Male,170,71.7,24.8,Lose Weight,Beginner,Gym,4.9,6,3,0.55,69,Lower Body,1,44,359,0
U1332,33,Male,185,66.4,19.4,Lose Weight,Beginner,Gym,7.8,2,6,1,90,Cardio,1,45,516,1
U1333,34,Male,165,64.3,23.6,Build Muscle,Intermediate,Gym,8.7,9,0,0.75,66,Push,2,56,547,1
U1334,42,Female,160,56.1,21.9,Improve Fitness,Intermediate,Mixed,6.8,7,4,0.65,74,Full Body,2,46,495,1
U1335,21,Male,165,68.6,25.2,Improve Fitness,Advanced,Mixed,7.1,4,0,0.8,89,Full Body,3,54,496,1
U1336,24,Female,185,97.5,28.5,Lose Weight,Intermediate,Gym,5.5,10,0,0.26,86,Cardio,2,38,364,0
U1337,19,Female,191,68.6,18.8,Improve Fitness,Beginner,Home,6.9,10,6,0.51,44,Recovery,1,31,280,0
U1338,40,Male,170,77.5,26.8,Lose Weight,Intermediate,Gym,7.9,3,4,0.62,33,Recovery,2,20,204,1
U1339,18,Female,193,82.7,22.2,Lose Weight,Intermediate,Gym,7.5,8,2,0.45,74,Lower Body,2,50,549,0
U1340,39,Male,155,58.6,24.4,Gain Strength,Intermediate,Home,7.7,10,5,0.74,57,Pull,2,54,472,1
U1341,22,Male,191,107.6,29.5,Build Muscle,Intermediate,Mixed,6.9,2,2,0.72,58,Upper Body,2,45,307,1
U1342,35,Male,161,58.6,22.6,Build Muscle,Advanced,Home,6.1,5,3,0.69,97,Full Body,3,60,422,1
U1343,23,Male,189,66.8,18.7,Lose Weight,Intermediate,Home,5.3,9,1,0.98,68,Cardio,2,41,439,1
U1344,33,Female,161,56.2,21.7,Improve Fitness,Intermediate,Gym,8.2,3,1,0.61,99,Full Body,2,53,398,1
U1345,23,Female,189,97.5,27.3,Lose Weight,Beginner,Gym,6.6,3,3,1,62,Full Body,1,52,486,1
U1346,35,Male,183,92.4,27.6,Build Muscle,Intermediate,Mixed,7.4,3,4,0.95,95,Legs,2,65,517,1
U1347,30,Female,168,69.4,24.6,Lose Weight,Beginner,Home,6.3,0,5,0.8,61,Full Body,1,60,443,1
U1348,36,Male,175,101.1,33,Lose Weight,Intermediate,Gym,7.3,9,5,0.65,74,Lower Body,2,65,475,1
U1349,41,Male,155,45.2,18.8,Build Muscle,Beginner,Gym,6,8,5,0.94,62,Pull,1,46,429,1
U1350,39,Male,160,51.5,20.1,Improve Fitness,Beginner,Home,7.7,6,2,0.93,82,Full Body,1,60,391,1
U1351,42,Female,150,64.6,28.7,Lose Weight,Advanced,Gym,6.3,0,4,0.46,94,Lower Body,3,54,372,1
U1352,37,Male,165,62.9,23.1,Improve Fitness,Beginner,Home,6.8,3,0,0.96,80,Full Body,1,51,478,1
U1353,37,Female,171,77.2,26.4,Improve Fitness,Beginner,Gym,9.5,2,1,0.6,85,Upper Body,1,64,519,1
U1354,30,Male,177,77.4,24.7,Gain Strength,Beginner,Gym,7.4,1,5,1,79,Lower Body,1,59,400,1
U1355,36,Male,180,86.8,26.8,Gain Strength,Intermediate,Home,8.3,4,3,0.65,59,Legs,2,56,521,1
U1356,34,Female,181,65.8,20.1,Gain Strength,Advanced,Gym,4.9,4,1,1,55,Push,3,70,670,1
U1357,31,Female,152,54.5,23.6,Build Muscle,Intermediate,Home,6.8,0,5,0.78,84,Push,2,54,558,1
U1358,21,Female,171,82.2,28.1,Lose Weight,Intermediate,Mixed,6.5,2,1,0.69,76,Cardio,2,45,327,1
U1359,32,Female,179,75.3,23.5,Gain Strength,Beginner,Home,8.9,8,2,0.81,83,Legs,1,63,661,1
U1360,43,Female,154,64.7,27.3,Improve Fitness,Beginner,Gym,8.4,6,5,0.75,52,Cardio,1,48,492,1
U1361,40,Female,195,99.6,26.2,Build Muscle,Beginner,Gym,6.4,3,2,0.62,80,Legs,1,48,320,1
U1362,24,Male,178,94.1,29.7,Lose Weight,Intermediate,Mixed,7.1,2,1,0.78,97,Cardio,2,46,488,1
U1363,34,Male,163,67.8,25.5,Gain Strength,Intermediate,Home,9.5,8,0,0.82,45,Push,2,55,500,1
U1364,39,Female,151,63.2,27.7,Lose Weight,Beginner,Mixed,7.5,5,1,0.95,82,Cardio,1,47,340,1
U1365,26,Male,150,53.8,23.9,Improve Fitness,Intermediate,Gym,5.8,8,2,0.68,59,Cardio,2,34,325,0
U1366,28,Female,153,51.7,22.1,Build Muscle,Intermediate,Home,7.7,1,3,1,77,Push,2,67,715,1
U1367,40,Female,189,69.7,19.5,Lose Weight,Beginner,Gym,7.6,10,6,0.94,62,Full Body,1,44,307,1
U1368,27,Female,180,77.4,23.9,Build Muscle,Beginner,Mixed,7.1,9,2,0.58,81,Full Body,1,50,341,1
U1369,21,Female,180,77.8,24,Lose Weight,Beginner,Home,7.6,9,4,0.56,65,Cardio,1,42,336,1
U1370,32,Female,187,96.2,27.5,Lose Weight,Intermediate,Gym,6.7,7,3,1,66,Cardio,2,48,442,1
U1371,25,Male,192,93.6,25.4,Gain Strength,Intermediate,Home,8.1,7,0,0.46,45,Legs,2,50,342,0
U1372,21,Female,170,52.3,18.1,Lose Weight,Intermediate,Gym,8.5,2,4,0.62,100,Recovery,2,20,187,1
U1373,24,Male,193,82.3,22.1,Improve Fitness,Beginner,Home,7.3,10,2,1,100,Recovery,1,33,354,1
U1374,45,Female,153,77.7,33.2,Lose Weight,Intermediate,Gym,8.4,8,6,0.9,80,Recovery,2,23,221,1
U1375,40,Female,175,85.1,27.8,Lose Weight,Intermediate,Home,6.5,7,1,0.57,71,Cardio,2,41,294,1
U1376,20,Male,159,60.2,23.8,Gain Strength,Intermediate,Gym,6.6,2,0,0.85,86,Push,2,58,499,1
U1377,44,Female,174,75.4,24.9,Lose Weight,Beginner,Home,8.7,9,3,0.51,69,Lower Body,1,41,467,1
U1378,36,Female,195,81.8,21.5,Lose Weight,Intermediate,Mixed,5,1,1,0.71,70,Full Body,2,56,432,1
U1379,38,Male,193,115.1,30.9,Lose Weight,Intermediate,Gym,7.8,0,2,0.54,99,Full Body,2,54,464,1
U1380,43,Female,168,83.5,29.6,Build Muscle,Intermediate,Home,7.7,4,5,0.68,57,Lower Body,2,41,401,1
U1381,27,Male,168,64.6,22.9,Lose Weight,Beginner,Gym,8.3,4,2,1,95,Cardio,1,38,419,1
U1382,41,Male,192,82.6,22.4,Lose Weight,Intermediate,Gym,5.9,3,3,0.75,45,Cardio,2,40,410,1
U1383,31,Female,165,70.5,25.9,Gain Strength,Intermediate,Gym,6.9,9,5,0.64,48,Upper Body,2,45,382,0
U1384,27,Female,184,90.4,26.7,Build Muscle,Intermediate,Gym,6.5,4,1,0.51,30,Legs,2,57,644,0
U1385,39,Male,156,59.4,24.4,Improve Fitness,Intermediate,Mixed,9,6,4,1,65,Recovery,2,28,263,1
U1386,32,Male,193,81.9,22,Lose Weight,Beginner,Gym,7.6,2,2,0.54,76,Full Body,1,40,349,1
U1387,25,Female,166,76.3,27.7,Build Muscle,Beginner,Gym,8.4,9,5,0.7,68,Lower Body,1,42,452,1
U1388,22,Female,192,76.7,20.8,Gain Strength,Intermediate,Mixed,6.2,2,0,0.68,77,Upper Body,2,54,558,1
U1389,40,Female,166,78,28.3,Build Muscle,Beginner,Home,6.2,6,3,0.99,67,Pull,1,59,563,1
U1390,23,Female,156,59.4,24.4,Build Muscle,Intermediate,Gym,6.3,10,0,0.28,85,Full Body,2,41,425,0
U1391,18,Female,159,69.8,27.6,Gain Strength,Beginner,Gym,6.8,6,2,0.73,79,Push,1,45,400,1
U1392,30,Male,184,60.6,17.9,Build Muscle,Beginner,Home,6.5,7,0,0.86,53,Legs,1,65,541,1
U1393,45,Female,155,61.7,25.7,Gain Strength,Intermediate,Gym,5.6,3,1,0.8,71,Legs,2,73,725,1
U1394,33,Male,190,63.9,17.7,Lose Weight,Beginner,Gym,8.4,0,5,0.59,59,Recovery,1,27,242,1
U1395,44,Female,151,57.7,25.3,Build Muscle,Beginner,Home,8.4,0,3,0.54,72,Push,1,68,692,1
U1396,33,Male,180,85.2,26.3,Improve Fitness,Intermediate,Gym,7.9,10,1,0.75,66,Full Body,2,43,455,1
U1397,21,Male,181,68.8,21,Lose Weight,Intermediate,Gym,7.2,3,3,0.53,30,Cardio,2,40,427,1
U1398,43,Male,152,60.8,26.3,Lose Weight,Beginner,Gym,8.1,2,6,0.29,56,Full Body,1,45,322,1
U1399,43,Female,160,69.4,27.1,Build Muscle,Intermediate,Gym,9.4,2,0,0.72,61,Upper Body,2,44,345,1
U1400,32,Female,165,64.5,23.7,Improve Fitness,Intermediate,Gym,8.6,2,5,0.6,60,Cardio,2,50,372,1
U1401,34,Male,189,80.4,22.5,Lose Weight,Intermediate,Gym,6.1,3,3,0.74,96,Lower Body,2,61,653,1
U1402,33,Female,161,67.1,25.9,Build Muscle,Advanced,Gym,6.8,5,2,0.67,48,Push,3,70,714,1
U1403,35,Male,160,72.2,28.2,Gain Strength,Intermediate,Gym,7,3,5,0.69,100,Legs,2,73,758,1
U1404,28,Male,156,62.8,25.8,Build Muscle,Beginner,Gym,6.3,3,0,0.64,89,Legs,1,74,546,1
U1405,29,Male,179,80.1,25,Gain Strength,Intermediate,Mixed,5.5,3,2,0.89,61,Push,2,48,494,1
U1406,25,Female,188,114.5,32.4,Build Muscle,Intermediate,Mixed,8.3,2,4,0.64,91,Full Body,2,53,469,1
U1407,32,Female,150,55.8,24.8,Gain Strength,Intermediate,Gym,8,5,3,0.81,59,Legs,2,46,475,1
U1408,19,Female,183,73,21.8,Lose Weight,Intermediate,Home,8.2,1,3,0.66,65,Full Body,2,40,331,1
U1409,25,Male,151,46.7,20.5,Lose Weight,Beginner,Home,7.6,9,5,1,55,Full Body,1,44,423,1
U1410,40,Male,190,88.8,24.6,Build Muscle,Advanced,Gym,8.7,0,2,0.71,78,Legs,3,51,352,1
U1411,28,Male,182,66.2,20,Improve Fitness,Intermediate,Mixed,7.6,1,3,0.69,86,Full Body,2,51,474,1
U1412,42,Male,158,73.6,29.5,Improve Fitness,Beginner,Gym,9.5,7,5,0.82,76,Recovery,1,26,205,1
U1413,20,Female,172,74.8,25.3,Lose Weight,Intermediate,Mixed,6.7,7,5,0.78,67,Full Body,2,59,672,1
U1414,20,Male,179,80.7,25.2,Build Muscle,Beginner,Gym,8.5,1,0,0.54,89,Push,1,49,390,1
U1415,39,Male,180,97.2,30,Build Muscle,Beginner,Home,7,4,1,0.34,62,Push,1,55,535,0
U1416,28,Female,187,104.6,29.9,Gain Strength,Intermediate,Gym,7.1,7,2,0.54,64,Legs,2,56,600,0
U1417,22,Female,168,79,28,Lose Weight,Beginner,Mixed,7.7,8,2,0.68,66,Cardio,1,34,242,1
U1418,26,Female,161,59.4,22.9,Build Muscle,Intermediate,Home,6.1,5,1,1,67,Pull,2,45,325,1
U1419,32,Female,159,74.8,29.6,Build Muscle,Intermediate,Mixed,8.8,5,5,0.9,65,Upper Body,2,58,639,1
U1420,32,Female,194,98.6,26.2,Build Muscle,Intermediate,Gym,7.1,10,4,0.56,76,Push,2,52,352,1
U1421,38,Male,187,68.2,19.5,Lose Weight,Intermediate,Home,8.4,3,0,0.64,75,Cardio,2,32,304,1
U1422,19,Female,175,78.7,25.7,Build Muscle,Advanced,Gym,6.8,5,0,0.83,64,Pull,3,47,479,1
U1423,31,Female,168,79.6,28.2,Build Muscle,Intermediate,Mixed,5.6,6,1,0.74,100,Lower Body,2,50,341,1
U1424,36,Female,155,48.8,20.3,Build Muscle,Intermediate,Gym,6.4,2,4,0.81,74,Legs,2,62,658,1
U1425,27,Female,181,85.2,26,Lose Weight,Intermediate,Gym,7.6,0,1,0.83,88,Cardio,2,33,364,1
U1426,38,Male,151,59.7,26.2,Build Muscle,Beginner,Mixed,6.8,1,4,0.84,100,Upper Body,1,55,582,1
U1427,29,Male,166,65.9,23.9,Build Muscle,Beginner,Gym,6,2,2,0.92,70,Push,1,65,594,1
U1428,20,Male,190,61.4,17,Build Muscle,Beginner,Home,8,8,2,0.62,70,Lower Body,1,44,288,1
U1429,34,Female,173,77.5,25.9,Gain Strength,Beginner,Mixed,7.3,2,0,0.85,65,Pull,1,67,674,1
U1430,40,Male,176,82.7,26.7,Lose Weight,Beginner,Mixed,6.8,0,3,0.85,81,Cardio,1,34,341,1
U1431,18,Male,164,55.4,20.6,Build Muscle,Intermediate,Home,8.3,4,1,0.62,84,Push,2,47,406,1
U1432,24,Male,152,60.1,26,Gain Strength,Intermediate,Gym,9.1,1,2,0.68,66,Push,2,70,660,1
U1433,24,Male,192,89.9,24.4,Lose Weight,Beginner,Mixed,6.8,4,4,0.86,47,Cardio,1,46,487,1
U1434,42,Male,183,67.3,20.1,Build Muscle,Beginner,Gym,5.9,8,0,0.89,97,Full Body,1,56,415,1
U1435,39,Male,161,62.5,24.1,Gain Strength,Advanced,Gym,6.9,8,1,0.73,89,Legs,3,49,407,1
U1436,27,Male,155,49.5,20.6,Build Muscle,Beginner,Gym,7.4,9,5,0.9,79,Pull,1,54,582,1
U1437,44,Female,193,94.2,25.3,Lose Weight,Beginner,Home,8.2,10,0,0.23,82,Cardio,1,33,336,0
U1438,23,Male,173,65.2,21.8,Improve Fitness,Beginner,Home,5.1,6,0,0.81,92,Full Body,1,48,377,1
U1439,43,Female,172,70.7,23.9,Lose Weight,Intermediate,Gym,8.1,7,4,1,91,Cardio,2,33,369,1
U1440,18,Male,153,73.5,31.4,Gain Strength,Intermediate,Gym,7.9,2,3,0.73,47,Legs,2,48,470,1
U1441,34,Female,179,75.3,23.5,Build Muscle,Intermediate,Gym,6.2,4,4,1,69,Pull,2,57,496,1
U1442,19,Male,161,64.8,25,Lose Weight,Advanced,Gym,7.7,2,3,0.73,97,Full Body,3,55,539,1
U1443,39,Female,180,71,21.9,Lose Weight,Beginner,Gym,7.3,4,3,0.59,52,Full Body,1,51,482,1
U1444,22,Female,172,64.8,21.9,Gain Strength,Intermediate,Home,7.1,10,2,0.64,61,Pull,2,56,433,0
U1445,38,Female,187,65,18.6,Build Muscle,Intermediate,Mixed,7,1,2,0.45,83,Push,2,66,516,1
U1446,40,Female,187,86.7,24.8,Build Muscle,Beginner,Home,5.5,5,4,0.66,60,Push,1,55,541,1
U1447,23,Female,173,77.2,25.8,Improve Fitness,Beginner,Home,8.6,1,6,0.38,73,Lower Body,1,65,495,1
U1448,41,Male,195,90.5,23.8,Gain Strength,Beginner,Gym,7.8,1,4,0.76,60,Upper Body,1,60,541,1
U1449,27,Female,192,85.5,23.2,Lose Weight,Beginner,Gym,6.2,9,4,0.91,72,Full Body,1,60,539,1
U1450,39,Female,167,90.6,32.5,Improve Fitness,Intermediate,Home,7,6,4,0.59,49,Upper Body,2,47,480,1
U1451,42,Female,177,53.3,17,Lose Weight,Advanced,Mixed,5.4,10,1,0.77,79,Lower Body,3,47,400,1
U1452,21,Male,162,47,17.9,Build Muscle,Intermediate,Gym,8.1,7,4,0.63,74,Full Body,2,41,319,1
U1453,43,Female,192,115.4,31.3,Lose Weight,Intermediate,Gym,8.1,7,6,0.67,58,Cardio,2,40,394,1
U1454,20,Female,158,42.4,17,Build Muscle,Intermediate,Gym,6.3,1,4,0.68,57,Upper Body,2,64,516,1
U1455,44,Female,165,65.1,23.9,Improve Fitness,Beginner,Gym,7.2,3,2,0.68,62,Cardio,1,48,387,1
U1456,31,Female,193,93.9,25.2,Build Muscle,Beginner,Home,7.6,2,2,0.52,93,Legs,1,46,482,1
U1457,19,Male,166,66.4,24.1,Lose Weight,Beginner,Mixed,7.1,5,6,0.85,75,Full Body,1,52,361,1
U1458,44,Male,169,81.4,28.5,Build Muscle,Advanced,Mixed,7.4,10,2,0.61,77,Lower Body,3,55,560,1
U1459,44,Female,195,74.9,19.7,Lose Weight,Advanced,Gym,7.2,2,5,0.71,68,Cardio,3,41,333,1
U1460,40,Male,153,56.2,24,Lose Weight,Beginner,Gym,5,10,1,0.62,73,Cardio,1,50,387,0
U1461,40,Male,188,89.1,25.2,Gain Strength,Intermediate,Gym,6,7,6,0.95,59,Upper Body,2,46,394,1
U1462,23,Female,174,86.6,28.6,Improve Fitness,Advanced,Gym,7.6,0,4,0.6,98,Cardio,3,32,272,1
U1463,31,Female,159,49.3,19.5,Build Muscle,Beginner,Mixed,8.1,1,0,0.9,61,Upper Body,1,46,516,1
U1464,44,Female,168,85.5,30.3,Gain Strength,Beginner,Gym,6.8,3,4,0.77,75,Pull,1,58,461,1
U1465,26,Male,189,85.4,23.9,Lose Weight,Beginner,Home,8,10,3,0.86,45,Cardio,1,34,286,1
U1466,31,Female,154,71.1,30,Build Muscle,Beginner,Gym,5.3,3,3,0.91,88,Full Body,1,48,473,1
U1467,22,Male,187,69.6,19.9,Build Muscle,Beginner,Gym,6.6,5,3,0.52,68,Push,1,49,558,1
U1468,33,Female,173,69.4,23.2,Improve Fitness,Beginner,Mixed,8,9,6,0.96,92,Upper Body,1,63,650,1
U1469,22,Female,153,51.7,22.1,Build Muscle,Beginner,Gym,6.9,7,2,0.42,59,Push,1,60,558,0
U1470,32,Female,157,70.5,28.6,Gain Strength,Advanced,Gym,8.9,1,1,0.5,63,Lower Body,3,58,438,1
U1471,18,Male,176,75.6,24.4,Improve Fitness,Beginner,Gym,7.4,1,2,0.57,78,Full Body,1,51,338,1
U1472,32,Female,179,72.1,22.5,Lose Weight,Beginner,Home,7.1,5,0,0.82,72,Full Body,1,58,563,1
U1473,28,Male,154,53.8,22.7,Lose Weight,Intermediate,Gym,7,4,1,0.7,66,Cardio,2,32,253,1
U1474,42,Male,157,57.7,23.4,Build Muscle,Intermediate,Home,8.9,4,5,0.82,67,Upper Body,2,54,479,1
U1475,36,Female,155,65.8,27.4,Gain Strength,Intermediate,Home,6.7,6,5,0.93,77,Legs,2,52,523,1
U1476,33,Male,168,67.7,24,Lose Weight,Beginner,Mixed,7.6,4,1,0.44,55,Recovery,1,29,199,0
U1477,19,Male,182,64.6,19.5,Lose Weight,Beginner,Home,7.3,9,6,1,100,Cardio,1,48,470,1
U1478,23,Male,175,83.3,27.2,Build Muscle,Beginner,Home,7.7,5,4,0.4,63,Upper Body,1,46,316,1
U1479,37,Female,193,79,21.2,Build Muscle,Intermediate,Gym,6.4,1,0,0.69,64,Push,2,66,528,1
U1480,44,Female,194,64,17,Gain Strength,Intermediate,Gym,7.9,4,0,0.53,75,Push,2,45,400,1
U1481,22,Male,177,104,33.2,Gain Strength,Advanced,Gym,6.1,1,2,0.26,67,Upper Body,3,44,440,0
U1482,33,Female,151,66.4,29.1,Improve Fitness,Intermediate,Gym,9.3,9,6,0.5,79,Lower Body,2,53,604,1
U1483,45,Female,187,78.7,22.5,Lose Weight,Intermediate,Gym,7,7,3,1,49,Full Body,2,41,379,1
U1484,26,Female,180,82.9,25.6,Build Muscle,Intermediate,Home,7.6,7,5,0.92,73,Legs,2,59,448,1
U1485,39,Female,188,91.2,25.8,Improve Fitness,Intermediate,Gym,6.7,4,5,0.77,66,Upper Body,2,45,339,1
U1486,40,Male,192,99.9,27.1,Lose Weight,Beginner,Gym,6.7,7,0,0.79,71,Lower Body,1,51,556,1
U1487,29,Male,161,75.7,29.2,Gain Strength,Advanced,Gym,7,1,2,0.4,90,Legs,3,53,438,1
U1488,19,Female,159,52.3,20.7,Improve Fitness,Advanced,Home,6.4,1,5,0.61,92,Full Body,3,43,464,1
U1489,21,Male,182,56.3,17,Build Muscle,Intermediate,Mixed,9.5,5,1,0.91,75,Upper Body,2,60,490,1
U1490,22,Male,162,63.8,24.3,Lose Weight,Beginner,Home,7.4,3,6,0.81,81,Lower Body,1,62,637,1
U1491,29,Male,159,67.8,26.8,Gain Strength,Intermediate,Home,7.2,2,6,0.68,69,Legs,2,56,404,1
U1492,18,Male,155,56.9,23.7,Build Muscle,Beginner,Home,8.3,6,0,0.83,30,Pull,1,46,450,1
U1493,34,Female,176,84.6,27.3,Lose Weight,Intermediate,Home,7.3,4,5,0.72,66,Full Body,2,48,408,1
U1494,38,Male,184,98.9,29.2,Lose Weight,Intermediate,Gym,8.1,5,6,0.58,78,Lower Body,2,52,526,1
U1495,41,Male,183,68.3,20.4,Improve Fitness,Beginner,Gym,5.6,8,2,0.61,84,Cardio,1,30,319,0
U1496,27,Female,182,94.4,28.5,Build Muscle,Beginner,Gym,7.7,10,4,0.85,79,Pull,1,54,473,1
U1497,25,Male,172,64.5,21.8,Build Muscle,Intermediate,Mixed,7.6,9,5,0.86,83,Push,2,48,509,1
U1498,29,Female,156,71.8,29.5,Build Muscle,Beginner,Gym,7.9,1,0,0.78,88,Legs,1,56,476,1
U1499,35,Female,166,67.2,24.4,Lose Weight,Intermediate,Mixed,6.1,7,5,0.69,60,Recovery,2,25,283,1
U1500,34,Male,194,81.7,21.7,Build Muscle,Intermediate,Home,6.9,8,2,0.58,67,Full Body,2,53,355,0
U1501,22,Male,173,50.9,17,Build Muscle,Beginner,Gym,7.3,0,6,0.72,59,Push,1,54,351,1
U1502,35,Female,154,64.7,27.3,Improve Fitness,Beginner,Home,8.1,9,3,0.43,60,Recovery,1,32,281,0
U1503,32,Female,159,53.8,21.3,Improve Fitness,Beginner,Home,6.1,10,4,0.87,69,Cardio,1,42,427,1
U1504,38,Male,160,59.9,23.4,Gain Strength,Intermediate,Home,4.9,4,4,0.83,53,Legs,2,69,628,1
U1505,42,Female,182,82.1,24.8,Improve Fitness,Beginner,Mixed,7.4,2,0,0.96,52,Full Body,1,58,469,1
U1506,36,Male,181,55.7,17,Improve Fitness,Beginner,Gym,7.3,6,0,1,90,Lower Body,1,45,356,1
U1507,23,Female,155,61,25.4,Build Muscle,Advanced,Home,6.6,0,4,0.87,57,Full Body,3,41,351,1
U1508,28,Female,174,80.2,26.5,Improve Fitness,Advanced,Gym,7.7,3,6,0.91,100,Cardio,3,45,306,1
U1509,32,Female,154,61.9,26.1,Lose Weight,Beginner,Gym,6.5,0,2,0.72,45,Full Body,1,57,486,1
U1510,20,Male,159,54.6,21.6,Lose Weight,Advanced,Home,6.6,8,3,0.63,74,Recovery,3,34,221,1
U1511,33,Female,188,74.2,21,Build Muscle,Intermediate,Mixed,8.3,10,1,0.72,71,Legs,2,63,437,1
U1512,40,Male,158,57.7,23.1,Gain Strength,Advanced,Mixed,7.3,3,4,0.87,58,Legs,3,67,517,1
U1513,28,Female,163,57.7,21.7,Lose Weight,Intermediate,Gym,6.8,2,5,0.48,59,Recovery,2,35,350,1
U1514,42,Female,184,76.2,22.5,Build Muscle,Advanced,Home,8.1,8,0,0.77,74,Lower Body,3,45,481,1
U1515,43,Male,157,69.3,28.1,Lose Weight,Advanced,Gym,6.9,3,5,0.79,70,Cardio,3,41,413,1
U1516,25,Female,173,76.6,25.6,Build Muscle,Intermediate,Home,6.5,9,1,0.28,69,Push,2,63,470,0
U1517,41,Male,154,72.3,30.5,Lose Weight,Intermediate,Gym,8.1,9,6,0.89,90,Cardio,2,36,356,1
U1518,32,Male,177,78,24.9,Lose Weight,Advanced,Gym,7.3,5,3,0.61,67,Lower Body,3,51,463,1
U1519,19,Male,153,63.4,27.1,Build Muscle,Beginner,Gym,8.4,0,3,0.69,65,Push,1,68,753,1
U1520,24,Male,171,71.6,24.5,Build Muscle,Intermediate,Gym,7.8,7,3,0.46,37,Lower Body,2,41,434,0
U1521,34,Male,154,52.6,22.2,Gain Strength,Intermediate,Home,5.8,10,3,0.63,69,Legs,2,73,760,0
U1522,19,Female,153,52.9,22.6,Build Muscle,Intermediate,Gym,8.7,10,0,0.78,76,Legs,2,69,746,1
U1523,43,Male,179,86.8,27.1,Lose Weight,Intermediate,Mixed,5.8,9,0,0.91,70,Cardio,2,44,288,1
U1524,40,Male,187,95.5,27.3,Gain Strength,Beginner,Home,5.9,10,4,0.44,84,Pull,1,50,336,0
U1525,22,Female,187,91.3,26.1,Lose Weight,Advanced,Home,6.1,4,4,0.56,88,Lower Body,3,51,578,1
U1526,34,Male,153,45.6,19.5,Build Muscle,Intermediate,Home,8.9,0,3,0.56,81,Pull,2,47,417,1
U1527,40,Female,188,81.6,23.1,Gain Strength,Advanced,Home,7.8,5,4,0.62,69,Pull,3,70,531,1
U1528,18,Male,194,93,24.7,Build Muscle,Intermediate,Gym,6,5,6,0.85,64,Upper Body,2,42,279,1
U1529,21,Male,168,66.3,23.5,Lose Weight,Intermediate,Mixed,6,5,0,0.26,69,Recovery,2,26,191,0
U1530,45,Male,161,89.7,34.6,Build Muscle,Beginner,Gym,8,1,0,0.72,68,Lower Body,1,49,430,1
U1531,29,Female,192,90.7,24.6,Build Muscle,Intermediate,Home,7.7,9,3,0.51,88,Lower Body,2,57,478,1
U1532,29,Female,188,97.2,27.5,Lose Weight,Intermediate,Mixed,7.9,9,4,0.8,72,Cardio,2,34,369,1
U1533,45,Female,163,72.5,27.3,Gain Strength,Intermediate,Home,7.8,9,0,0.66,63,Push,2,56,454,0
U1534,29,Female,195,94.7,24.9,Improve Fitness,Intermediate,Home,8.8,10,6,0.5,49,Cardio,2,36,273,1
U1535,31,Female,186,87.2,25.2,Build Muscle,Intermediate,Gym,7.2,1,1,0.75,75,Upper Body,2,41,371,1
U1536,28,Female,178,74.8,23.6,Lose Weight,Beginner,Mixed,8.7,5,2,0.43,59,Cardio,1,44,350,1
U1537,34,Male,167,67.2,24.1,Improve Fitness,Beginner,Gym,5.3,0,4,0.69,96,Full Body,1,48,514,1
U1538,24,Male,195,93.5,24.6,Gain Strength,Advanced,Gym,7.4,4,2,0.49,62,Upper Body,3,55,498,1
U1539,42,Male,175,70.1,22.9,Build Muscle,Intermediate,Gym,6.8,3,4,0.95,80,Legs,2,55,569,1
U1540,40,Female,163,52.6,19.8,Lose Weight,Advanced,Gym,7.4,2,4,0.81,89,Lower Body,3,50,381,1
U1541,31,Female,194,117,31.1,Lose Weight,Beginner,Gym,6,0,1,0.57,53,Cardio,1,48,520,1
U1542,30,Male,175,72,23.5,Build Muscle,Beginner,Gym,7.6,5,4,0.9,70,Full Body,1,45,478,1
U1543,37,Female,151,52.9,23.2,Build Muscle,Beginner,Mixed,7.3,4,1,0.57,100,Pull,1,61,658,1
U1544,31,Female,160,45.3,17.7,Improve Fitness,Beginner,Gym,7.3,1,3,1,72,Recovery,1,26,230,1
U1545,37,Female,187,82.9,23.7,Build Muscle,Intermediate,Gym,6.7,3,0,0.69,92,Full Body,2,52,574,1
U1546,33,Female,179,54.5,17,Lose Weight,Intermediate,Gym,8.8,7,2,0.46,68,Full Body,2,59,648,1
U1547,41,Female,179,72.7,22.7,Lose Weight,Intermediate,Home,7.7,1,3,0.43,78,Full Body,2,45,498,1
U1548,40,Male,181,108.1,33,Lose Weight,Intermediate,Gym,5.6,5,0,0.75,62,Lower Body,2,41,361,1
U1549,20,Female,174,79.6,26.3,Build Muscle,Beginner,Gym,7.1,0,0,0.6,79,Pull,1,59,577,1
U1550,40,Female,158,80.1,32.1,Lose Weight,Beginner,Gym,6.9,0,4,0.85,52,Cardio,1,33,340,1
U1551,39,Female,159,51.8,20.5,Lose Weight,Beginner,Home,7.6,10,4,0.99,77,Cardio,1,50,422,1
U1552,27,Female,153,54.3,23.2,Lose Weight,Beginner,Gym,7.1,3,1,0.49,81,Cardio,1,36,381,1
U1553,39,Male,164,75.8,28.2,Improve Fitness,Beginner,Mixed,6.6,10,1,0.64,75,Upper Body,1,57,424,0
U1554,24,Female,177,71.1,22.7,Build Muscle,Beginner,Gym,7,2,0,1,68,Pull,1,59,623,1
U1555,38,Female,152,53.1,23,Build Muscle,Beginner,Gym,6.4,9,3,0.85,69,Full Body,1,58,471,1
U1556,38,Female,193,81.2,21.8,Improve Fitness,Intermediate,Gym,8.6,2,5,0.98,62,Upper Body,2,58,487,1
U1557,38,Male,182,56.3,17,Lose Weight,Advanced,Gym,8.2,9,6,0.6,83,Lower Body,3,41,294,1
U1558,33,Female,162,44.6,17,Build Muscle,Beginner,Gym,8.1,9,3,0.5,82,Upper Body,1,64,582,1
U1559,31,Female,151,56.1,24.6,Build Muscle,Intermediate,Gym,6.1,3,4,0.65,82,Push,2,57,549,1
U1560,20,Female,154,59.1,24.9,Improve Fitness,Beginner,Mixed,7.7,3,1,1,48,Full Body,1,56,409,1
U1561,24,Male,177,98.1,31.3,Build Muscle,Beginner,Gym,7.2,7,5,0.56,52,Push,1,57,490,1
U1562,37,Female,159,59.9,23.7,Gain Strength,Intermediate,Gym,8.1,6,3,0.7,94,Lower Body,2,48,403,1
U1563,27,Female,168,51.9,18.4,Lose Weight,Intermediate,Gym,7.1,2,5,0.49,77,Full Body,2,40,358,1
U1564,31,Female,173,84.4,28.2,Lose Weight,Beginner,Mixed,6.6,1,3,0.25,74,Lower Body,1,48,497,0
U1565,42,Female,182,87.1,26.3,Gain Strength,Intermediate,Gym,7.5,0,5,0.94,55,Pull,2,46,461,1
U1566,18,Male,166,75.5,27.4,Lose Weight,Advanced,Gym,8.4,3,4,0.4,76,Full Body,3,43,364,1
U1567,36,Male,183,75,22.4,Improve Fitness,Advanced,Gym,7,6,2,0.78,64,Upper Body,3,63,443,1
U1568,36,Female,159,54.9,21.7,Build Muscle,Beginner,Home,7.1,4,0,0.52,55,Full Body,1,43,369,0
U1569,27,Female,160,70.1,27.4,Build Muscle,Beginner,Gym,5.8,7,1,0.84,78,Legs,1,51,378,1
U1570,42,Male,166,47.7,17.3,Improve Fitness,Advanced,Gym,6.4,9,0,0.93,57,Lower Body,3,42,344,1
U1571,36,Male,180,72.9,22.5,Lose Weight,Intermediate,Gym,7.6,4,6,0.86,68,Recovery,2,21,191,1
U1572,42,Female,181,72.1,22,Lose Weight,Beginner,Gym,8.7,5,5,1,86,Lower Body,1,41,466,1
U1573,45,Female,156,60.6,24.9,Build Muscle,Advanced,Gym,6.2,2,0,0.57,79,Upper Body,3,61,553,1
U1574,39,Male,150,59.2,26.3,Improve Fitness,Advanced,Mixed,8.6,0,5,0.84,49,Full Body,3,54,516,1
U1575,20,Female,177,90.5,28.9,Improve Fitness,Advanced,Gym,6,10,6,0.65,75,Upper Body,3,44,478,1
U1576,43,Male,158,82.1,32.9,Lose Weight,Beginner,Mixed,9.5,8,6,0.83,69,Full Body,1,55,404,1
U1577,39,Male,156,65,26.7,Lose Weight,Intermediate,Gym,8.1,5,3,0.66,98,Lower Body,2,57,551,1
U1578,33,Male,194,96,25.5,Build Muscle,Beginner,Home,7.6,9,0,0.84,78,Upper Body,1,53,406,1
U1579,26,Male,168,79,28,Build Muscle,Beginner,Home,6.4,3,5,0.62,55,Full Body,1,50,340,1
U1580,35,Male,174,79.6,26.3,Improve Fitness,Beginner,Gym,8,10,6,0.8,97,Full Body,1,52,375,1
U1581,27,Male,181,80.3,24.5,Gain Strength,Beginner,Gym,7.8,10,6,0.52,66,Upper Body,1,43,493,1
U1582,40,Female,190,98.9,27.4,Gain Strength,Intermediate,Home,8,6,0,0.67,70,Lower Body,2,63,426,1
U1583,45,Male,181,59.3,18.1,Gain Strength,Beginner,Mixed,6.7,2,0,0.88,80,Legs,1,57,520,1
U1584,27,Female,194,100.1,26.6,Improve Fitness,Intermediate,Gym,7.2,1,1,0.72,62,Full Body,2,54,538,1
U1585,27,Male,163,72.8,27.4,Build Muscle,Intermediate,Home,7.6,0,2,0.81,64,Upper Body,2,45,314,1
U1586,33,Male,153,39.8,17,Build Muscle,Intermediate,Gym,8.3,6,1,0.63,59,Upper Body,2,55,546,1
U1587,23,Female,194,103.1,27.4,Improve Fitness,Intermediate,Gym,6.7,7,6,0.91,81,Lower Body,2,43,304,1
U1588,21,Female,191,100,27.4,Gain Strength,Intermediate,Gym,5.6,9,4,0.94,75,Legs,2,65,519,1
U1589,22,Male,170,66.2,22.9,Build Muscle,Advanced,Home,7.3,2,3,0.4,78,Lower Body,3,55,375,1
U1590,44,Male,163,53.7,20.2,Improve Fitness,Advanced,Gym,5.6,9,5,0.45,88,Full Body,3,43,314,1
U1591,35,Female,152,50.6,21.9,Build Muscle,Beginner,Gym,8.8,8,1,0.62,46,Legs,1,73,715,1
U1592,32,Male,186,68.5,19.8,Lose Weight,Beginner,Mixed,8.5,5,4,0.69,63,Full Body,1,41,441,1
U1593,24,Male,188,89.1,25.2,Lose Weight,Intermediate,Gym,7.7,9,3,0.92,93,Cardio,2,38,426,1
U1594,39,Female,194,86.6,23,Build Muscle,Beginner,Home,5.6,4,5,0.65,75,Upper Body,1,56,409,1
U1595,44,Male,170,59.2,20.5,Improve Fitness,Beginner,Gym,6,9,1,0.78,71,Full Body,1,43,417,1
U1596,29,Female,167,68.6,24.6,Build Muscle,Intermediate,Gym,6.3,1,3,0.68,58,Full Body,2,43,467,1
U1597,36,Female,156,68.6,28.2,Lose Weight,Intermediate,Mixed,8.2,8,2,0.39,58,Full Body,2,50,510,0
U1598,43,Female,180,59,18.2,Lose Weight,Beginner,Home,6.4,2,5,0.7,50,Cardio,1,48,498,1
U1599,39,Female,195,78.3,20.6,Lose Weight,Beginner,Gym,6,7,4,0.76,73,Cardio,1,46,392,1
U1600,28,Male,190,77.6,21.5,Build Muscle,Intermediate,Mixed,7.3,2,4,0.62,67,Push,2,70,633,1
U1601,41,Male,180,102.1,31.5,Lose Weight,Intermediate,Home,8.6,8,5,0.49,84,Cardio,2,49,449,1
U1602,29,Male,192,102.9,27.9,Improve Fitness,Intermediate,Mixed,5.8,8,5,0.87,95,Cardio,2,35,317,1
U1603,19,Female,181,64.9,19.8,Lose Weight,Beginner,Gym,6.1,10,1,0.9,76,Lower Body,1,40,407,1
U1604,36,Female,163,71.2,26.8,Improve Fitness,Advanced,Mixed,7.5,8,6,0.79,52,Lower Body,3,54,439,1
U1605,29,Male,150,65,28.9,Build Muscle,Intermediate,Gym,8.4,0,0,0.68,71,Legs,2,58,379,1
U1606,42,Female,164,48.7,18.1,Lose Weight,Beginner,Gym,7.7,2,4,0.82,71,Lower Body,1,53,346,1
U1607,45,Male,157,72,29.2,Build Muscle,Beginner,Gym,6.7,5,0,0.82,56,Push,1,48,503,1
U1608,40,Male,170,70.5,24.4,Gain Strength,Intermediate,Gym,6.9,6,1,0.76,66,Push,2,49,486,1
U1609,19,Female,177,74.9,23.9,Improve Fitness,Intermediate,Gym,8,4,2,0.64,47,Cardio,2,37,292,1
U1610,21,Female,194,119.7,31.8,Build Muscle,Intermediate,Gym,8.6,1,5,0.49,82,Upper Body,2,47,336,1
U1611,19,Female,162,58.8,22.4,Improve Fitness,Beginner,Home,7.4,1,6,0.77,68,Full Body,1,49,422,1
U1612,19,Female,191,77.3,21.2,Build Muscle,Beginner,Gym,6.3,5,5,0.56,59,Pull,1,45,364,1
U1613,27,Female,167,67.5,24.2,Improve Fitness,Beginner,Gym,6.3,7,2,0.84,94,Full Body,1,40,332,1
U1614,43,Female,187,77.3,22.1,Lose Weight,Beginner,Home,7.4,3,4,0.81,79,Cardio,1,34,385,1
U1615,38,Male,162,65.1,24.8,Gain Strength,Advanced,Gym,7.9,8,4,0.81,53,Pull,3,49,420,1
U1616,40,Female,185,96.5,28.2,Improve Fitness,Advanced,Gym,8.1,1,3,0.58,72,Full Body,3,56,559,1
U1617,22,Female,152,63.3,27.4,Improve Fitness,Beginner,Mixed,6.9,3,5,0.91,100,Lower Body,1,56,471,1
U1618,42,Female,175,64.9,21.2,Lose Weight,Beginner,Gym,5.6,9,1,0.77,82,Full Body,1,54,432,1
U1619,25,Female,195,89.4,23.5,Build Muscle,Beginner,Gym,8.7,8,1,0.48,82,Pull,1,70,801,1
U1620,24,Male,150,49.5,22,Lose Weight,Intermediate,Mixed,9,5,0,1,60,Recovery,2,28,296,1
U1621,44,Female,164,59.7,22.2,Gain Strength,Beginner,Gym,8,0,4,0.65,71,Upper Body,1,59,444,1
U1622,32,Male,170,71.1,24.6,Build Muscle,Intermediate,Mixed,5,6,1,0.72,61,Legs,2,60,445,1
U1623,45,Male,162,58.8,22.4,Lose Weight,Advanced,Gym,8.7,4,0,0.49,84,Cardio,3,42,324,1
U1624,38,Female,156,56.7,23.3,Gain Strength,Beginner,Home,6.8,0,4,0.86,77,Push,1,45,322,1
U1625,42,Male,167,75,26.9,Build Muscle,Intermediate,Gym,8.2,0,6,0.66,62,Push,2,49,518,1
U1626,27,Female,180,64.5,19.9,Build Muscle,Beginner,Home,6.2,10,4,1,90,Push,1,54,351,1
U1627,25,Male,164,50.6,18.8,Lose Weight,Beginner,Home,5.6,3,5,0.81,80,Cardio,1,45,309,1
U1628,28,Male,173,80.2,26.8,Improve Fitness,Advanced,Mixed,6.8,9,1,0.7,76,Full Body,3,45,360,1
U1629,44,Female,172,73.7,24.9,Improve Fitness,Beginner,Gym,4.7,5,2,0.68,59,Lower Body,1,44,371,0
U1630,41,Female,154,59.8,25.2,Build Muscle,Beginner,Home,9.5,2,0,0.79,67,Pull,1,55,548,1
U1631,31,Female,158,70.9,28.4,Gain Strength,Intermediate,Gym,7.6,6,4,0.8,81,Legs,2,47,404,1
U1632,36,Male,194,124.6,33.1,Build Muscle,Beginner,Gym,5.9,0,2,0.81,58,Legs,1,72,574,1
U1633,22,Female,165,73,26.8,Build Muscle,Beginner,Home,6.1,1,5,0.64,67,Upper Body,1,43,404,1
U1634,33,Male,151,65.2,28.6,Build Muscle,Beginner,Gym,8.1,0,4,0.5,72,Lower Body,1,56,559,1
U1635,27,Female,176,66.6,21.5,Gain Strength,Beginner,Home,5.7,0,2,0.68,67,Push,1,64,419,1
U1636,44,Female,193,129.3,34.7,Improve Fitness,Intermediate,Home,7.6,4,4,0.47,63,Cardio,2,43,439,1
U1637,30,Male,164,77.5,28.8,Lose Weight,Intermediate,Mixed,9.4,9,6,0.43,43,Cardio,2,45,304,1
U1638,29,Female,162,85,32.4,Build Muscle,Beginner,Gym,7.5,5,0,0.56,80,Pull,1,51,563,1
U1639,24,Male,190,61.4,17,Improve Fitness,Beginner,Gym,7.1,9,4,0.78,85,Full Body,1,41,467,1
U1640,42,Female,175,61.9,20.2,Lose Weight,Beginner,Gym,7.2,5,1,0.55,75,Full Body,1,53,549,1
U1641,18,Female,180,67.1,20.7,Lose Weight,Advanced,Gym,6.7,2,5,0.54,81,Full Body,3,46,464,1
U1642,34,Female,178,89,28.1,Gain Strength,Beginner,Gym,6.8,6,0,0.73,50,Lower Body,1,58,559,0
U1643,33,Male,150,52.2,23.2,Build Muscle,Advanced,Gym,7,1,3,1,55,Push,3,50,413,1
U1644,20,Male,195,116.4,30.6,Gain Strength,Beginner,Gym,8.2,4,6,0.77,98,Lower Body,1,52,444,1
U1645,37,Male,178,82.7,26.1,Lose Weight,Intermediate,Mixed,7.5,5,0,0.71,90,Full Body,2,41,316,1
U1646,44,Male,159,73.6,29.1,Improve Fitness,Beginner,Gym,6.4,6,6,0.48,68,Full Body,1,42,462,1
U1647,32,Male,155,50.7,21.1,Build Muscle,Beginner,Mixed,7,6,6,0.94,65,Legs,1,64,640,1
U1648,33,Male,167,67.8,24.3,Lose Weight,Intermediate,Mixed,7.2,2,5,0.87,38,Cardio,2,49,558,1
U1649,24,Male,163,58.5,22,Improve Fitness,Advanced,Home,7.3,4,2,0.94,64,Cardio,3,34,297,1
U1650,31,Male,192,62.7,17,Improve Fitness,Beginner,Gym,7.8,6,2,0.61,54,Recovery,1,29,288,1
U1651,23,Female,172,64.8,21.9,Improve Fitness,Intermediate,Mixed,6.9,8,6,0.61,38,Lower Body,2,63,643,0
U1652,41,Female,150,63.7,28.3,Build Muscle,Intermediate,Gym,8.5,5,0,0.84,54,Lower Body,2,60,524,1
U1653,36,Male,152,54.8,23.7,Build Muscle,Advanced,Gym,7.1,8,6,0.83,82,Push,3,51,425,1
U1654,29,Male,169,61.1,21.4,Improve Fitness,Intermediate,Mixed,7.2,7,5,0.8,93,Recovery,2,33,269,1
U1655,23,Female,177,86.2,27.5,Lose Weight,Intermediate,Gym,8,6,3,0.74,93,Cardio,2,50,526,1
U1656,21,Male,191,95.6,26.2,Build Muscle,Advanced,Gym,6.2,9,4,0.97,82,Push,3,70,529,1
U1657,42,Female,185,77.3,22.6,Lose Weight,Beginner,Gym,6.6,1,2,0.77,78,Recovery,1,34,380,1
U1658,43,Male,182,83.8,25.3,Build Muscle,Advanced,Gym,7.4,6,5,1,88,Pull,3,49,519,1
U1659,37,Female,171,74,25.3,Build Muscle,Intermediate,Gym,8.1,8,3,0.53,77,Push,2,58,660,1
U1660,23,Female,170,92.8,32.1,Lose Weight,Beginner,Gym,6.9,2,4,0.57,62,Cardio,1,50,348,1
U1661,18,Female,150,44.8,19.9,Lose Weight,Intermediate,Gym,6.2,8,0,0.65,50,Full Body,2,54,415,0
U1662,25,Female,162,64.6,24.6,Lose Weight,Beginner,Home,8.1,6,6,0.56,94,Cardio,1,38,411,1
U1663,21,Female,188,94,26.6,Build Muscle,Beginner,Gym,8.2,2,0,0.6,84,Push,1,48,329,1
U1664,38,Male,163,52.9,19.9,Gain Strength,Beginner,Gym,8.1,7,6,0.75,80,Push,1,66,467,1
U1665,28,Female,180,63.5,19.6,Improve Fitness,Intermediate,Gym,6.1,8,5,0.83,57,Full Body,2,59,607,1
U1666,24,Female,157,65.1,26.4,Improve Fitness,Beginner,Gym,5.6,1,5,0.87,53,Upper Body,1,42,421,1
U1667,38,Female,179,85.9,26.8,Gain Strength,Intermediate,Gym,7.8,6,1,0.59,80,Pull,2,63,507,1
U1668,43,Male,181,83.9,25.6,Lose Weight,Beginner,Home,6.5,4,6,0.54,42,Cardio,1,49,538,1
U1669,44,Male,178,82.4,26,Build Muscle,Beginner,Gym,5.4,9,3,0.74,68,Pull,1,50,522,1
U1670,29,Male,154,65,27.4,Build Muscle,Beginner,Gym,6.8,5,0,0.66,82,Push,1,59,549,1
U1671,30,Female,188,91.5,25.9,Build Muscle,Beginner,Home,7.4,9,6,0.8,48,Lower Body,1,50,528,1
U1672,24,Male,153,64.8,27.7,Gain Strength,Intermediate,Mixed,7.8,6,0,0.54,68,Push,2,63,499,0
U1673,38,Male,179,77.9,24.3,Build Muscle,Intermediate,Gym,7,8,4,0.78,93,Push,2,48,377,1
U1674,42,Female,175,88.8,29,Build Muscle,Intermediate,Gym,5.7,0,3,0.83,91,Pull,2,56,372,1
U1675,19,Male,158,65.2,26.1,Build Muscle,Beginner,Home,8.3,6,1,1,87,Push,1,45,491,1
U1676,19,Male,153,59.7,25.5,Improve Fitness,Beginner,Gym,8.2,9,6,0.75,72,Lower Body,1,50,540,1
U1677,42,Female,190,83,23,Lose Weight,Beginner,Gym,8.8,9,3,0.57,94,Full Body,1,55,553,1
U1678,29,Male,192,98.1,26.6,Lose Weight,Advanced,Home,5.6,1,3,0.79,40,Cardio,3,36,271,1
U1679,36,Female,169,77.4,27.1,Gain Strength,Intermediate,Mixed,8.1,1,1,0.61,73,Pull,2,61,453,1
U1680,26,Female,160,83.7,32.7,Gain Strength,Advanced,Home,6.5,1,1,0.53,94,Legs,3,50,444,1
U1681,34,Female,172,96.7,32.7,Build Muscle,Advanced,Gym,7.1,6,1,0.9,92,Push,3,46,310,1
U1682,30,Female,162,56.2,21.4,Build Muscle,Beginner,Home,6.6,8,4,0.94,97,Legs,1,75,530,1
U1683,19,Female,165,73.2,26.9,Build Muscle,Beginner,Gym,6.1,9,5,1,64,Upper Body,1,62,556,1
U1684,23,Male,172,68.3,23.1,Lose Weight,Intermediate,Gym,7.5,0,0,1,84,Cardio,2,39,290,1
U1685,32,Male,150,59,26.2,Gain Strength,Beginner,Gym,7.6,4,0,0.73,80,Push,1,60,531,1
U1686,19,Male,186,58.8,17,Gain Strength,Beginner,Gym,6.8,8,1,0.76,54,Upper Body,1,54,549,1
U1687,35,Female,192,96.2,26.1,Lose Weight,Beginner,Gym,6.9,5,2,1,95,Full Body,1,48,347,1
U1688,31,Male,192,82.9,22.5,Improve Fitness,Beginner,Gym,6.9,9,5,0.71,65,Upper Body,1,52,366,1
U1689,26,Female,183,84.7,25.3,Build Muscle,Advanced,Gym,6.3,5,3,0.52,81,Legs,3,61,650,1
U1690,21,Female,179,86.8,27.1,Lose Weight,Intermediate,Gym,6.2,1,0,0.88,62,Full Body,2,44,321,1
U1691,33,Female,154,60.7,25.6,Gain Strength,Beginner,Gym,8,4,6,0.71,78,Legs,1,56,377,1
U1692,22,Female,168,62.9,22.3,Gain Strength,Intermediate,Mixed,6.9,8,1,0.68,60,Lower Body,2,49,372,0
U1693,33,Female,165,64.8,23.8,Gain Strength,Intermediate,Gym,5.4,1,2,0.63,67,Lower Body,2,65,610,1
U1694,39,Male,166,64.5,23.4,Build Muscle,Intermediate,Gym,6.8,1,2,0.71,79,Legs,2,73,525,1
U1695,32,Female,182,93.4,28.2,Improve Fitness,Intermediate,Gym,6.4,6,3,0.5,56,Cardio,2,44,305,0
U1696,22,Female,165,61.3,22.5,Lose Weight,Beginner,Home,6.7,9,2,0.58,52,Cardio,1,34,369,0
U1697,32,Male,155,54.3,22.6,Build Muscle,Intermediate,Home,7.3,5,4,0.83,63,Push,2,67,683,1
U1698,39,Male,194,85.8,22.8,Build Muscle,Beginner,Home,6.1,7,1,0.71,59,Pull,1,68,606,1
U1699,40,Male,157,66.3,26.9,Build Muscle,Beginner,Mixed,5.1,8,0,0.66,76,Pull,1,59,471,0
U1700,33,Male,165,68.9,25.3,Gain Strength,Intermediate,Mixed,9.5,10,3,0.78,56,Lower Body,2,63,616,1
U1701,23,Male,180,78.1,24.1,Lose Weight,Beginner,Gym,5.1,9,3,0.71,59,Cardio,1,42,443,1
U1702,22,Male,168,79.9,28.3,Lose Weight,Intermediate,Gym,6.5,4,0,0.7,62,Full Body,2,51,402,1
U1703,23,Female,182,105.3,31.8,Improve Fitness,Intermediate,Gym,6.7,8,3,1,84,Cardio,2,50,439,1
U1704,45,Male,167,73.9,26.5,Gain Strength,Intermediate,Mixed,7.5,1,6,0.79,43,Legs,2,63,653,1
U1705,34,Female,158,58.2,23.3,Gain Strength,Intermediate,Home,8,9,4,0.71,50,Upper Body,2,43,302,1
U1706,39,Female,170,70.2,24.3,Gain Strength,Advanced,Mixed,9,3,0,0.94,71,Lower Body,3,43,287,1
U1707,41,Male,178,90.3,28.5,Gain Strength,Intermediate,Mixed,6.7,2,2,0.41,58,Push,2,65,504,0
U1708,32,Female,164,83.6,31.1,Build Muscle,Beginner,Mixed,6.8,3,0,0.68,67,Legs,1,73,757,1
U1709,36,Male,171,95,32.5,Build Muscle,Intermediate,Mixed,8.9,10,4,1,69,Legs,2,56,602,1
U1710,43,Male,178,81.4,25.7,Lose Weight,Beginner,Gym,5.4,1,1,0.99,54,Lower Body,1,57,464,1
U1711,25,Female,166,70,25.4,Lose Weight,Beginner,Mixed,5.9,2,2,0.61,59,Cardio,1,46,424,1
U1712,21,Female,166,60.3,21.9,Gain Strength,Beginner,Gym,6.5,3,2,0.62,84,Lower Body,1,61,674,1
U1713,19,Male,181,65.2,19.9,Build Muscle,Advanced,Mixed,7.3,0,2,0.94,64,Full Body,3,59,596,1
U1714,21,Male,181,70.4,21.5,Lose Weight,Intermediate,Gym,6.8,4,6,0.93,74,Lower Body,2,46,421,1
U1715,45,Female,193,83.1,22.3,Gain Strength,Beginner,Gym,7.6,6,6,0.52,82,Pull,1,49,538,1
U1716,29,Female,162,68.8,26.2,Build Muscle,Advanced,Gym,6.8,1,4,0.57,58,Push,3,46,485,1
U1717,20,Male,158,66.7,26.7,Lose Weight,Beginner,Gym,8.5,9,5,0.61,78,Lower Body,1,61,419,1
U1718,26,Male,181,55.7,17,Gain Strength,Intermediate,Mixed,6.5,3,3,0.71,58,Upper Body,2,48,479,1
U1719,34,Male,153,48.2,20.6,Build Muscle,Beginner,Mixed,6.4,7,2,0.77,69,Push,1,54,451,1
U1720,44,Male,152,39.3,17,Improve Fitness,Intermediate,Home,4.8,7,0,0.61,78,Full Body,2,48,378,0
U1721,37,Female,181,55.7,17,Build Muscle,Beginner,Gym,6.6,3,1,0.63,92,Pull,1,54,444,1
U1722,18,Female,166,63.1,22.9,Gain Strength,Intermediate,Home,7.5,5,5,0.75,40,Upper Body,2,52,580,1
U1723,27,Female,177,86.8,27.7,Lose Weight,Intermediate,Gym,7.3,2,3,0.81,100,Full Body,2,40,459,1
U1724,42,Female,171,49.7,17,Lose Weight,Beginner,Gym,9,4,5,0.67,76,Cardio,1,33,287,1
U1725,18,Female,150,54.7,24.3,Lose Weight,Advanced,Gym,6.6,8,1,0.62,76,Full Body,3,59,436,1
U1726,42,Female,166,49.9,18.1,Improve Fitness,Beginner,Home,7.9,2,6,0.65,55,Cardio,1,37,399,1
U1727,36,Female,152,52.2,22.6,Lose Weight,Beginner,Mixed,8.5,4,2,0.62,77,Cardio,1,47,424,1
U1728,21,Male,165,58.3,21.4,Build Muscle,Intermediate,Mixed,7.9,10,3,0.84,99,Push,2,45,367,1
U1729,31,Female,180,77.1,23.8,Improve Fitness,Beginner,Gym,7.8,5,0,0.74,91,Full Body,1,40,362,1
U1730,42,Female,163,57.1,21.5,Lose Weight,Intermediate,Home,7.9,2,3,0.68,71,Lower Body,2,57,579,1
U1731,35,Male,183,83.4,24.9,Gain Strength,Intermediate,Home,7.4,8,3,0.7,75,Pull,2,55,626,1
U1732,25,Female,170,89.9,31.1,Gain Strength,Beginner,Gym,8.2,6,2,0.88,65,Push,1,60,515,1
U1733,36,Male,184,70.4,20.8,Build Muscle,Advanced,Home,8.2,10,1,0.88,94,Upper Body,3,53,605,1
U1734,36,Female,190,79.4,22,Improve Fitness,Beginner,Gym,6.8,7,0,0.42,66,Full Body,1,57,618,0
U1735,44,Female,151,65.4,28.7,Gain Strength,Advanced,Gym,6.6,8,3,0.84,69,Lower Body,3,49,347,1
U1736,44,Female,187,90.6,25.9,Lose Weight,Beginner,Home,5.8,1,5,0.74,30,Recovery,1,34,349,1
U1737,40,Male,161,61.4,23.7,Gain Strength,Intermediate,Mixed,5.3,8,0,0.94,83,Push,2,56,453,1
U1738,23,Female,156,64.5,26.5,Build Muscle,Intermediate,Gym,8.8,8,4,0.55,98,Legs,2,69,462,1
U1739,41,Male,177,89,28.4,Lose Weight,Intermediate,Home,6.8,1,2,0.92,55,Cardio,2,39,436,1
U1740,26,Male,164,56.5,21,Gain Strength,Beginner,Gym,6.4,8,6,0.62,56,Push,1,70,584,1
U1741,27,Female,178,93.8,29.6,Lose Weight,Intermediate,Gym,6.8,1,5,0.78,63,Full Body,2,53,538,1
U1742,21,Female,155,40.8,17,Gain Strength,Beginner,Gym,7.4,2,4,0.38,70,Pull,1,69,557,1
U1743,19,Female,156,45.8,18.8,Improve Fitness,Intermediate,Gym,9.3,8,5,0.88,73,Lower Body,2,52,564,1
U1744,25,Male,166,82.1,29.8,Lose Weight,Intermediate,Gym,6.2,7,2,0.82,74,Cardio,2,46,439,1
U1745,40,Male,152,59.1,25.6,Lose Weight,Beginner,Gym,8.5,9,1,0.85,76,Full Body,1,45,401,1
U1746,43,Female,188,61.9,17.5,Lose Weight,Intermediate,Gym,6,1,6,0.7,73,Lower Body,2,45,397,1
U1747,28,Male,172,58.6,19.8,Gain Strength,Intermediate,Home,9.5,7,6,0.99,81,Upper Body,2,49,442,1
U1748,45,Female,153,58.1,24.8,Lose Weight,Beginner,Home,6.9,6,3,0.55,73,Lower Body,1,47,385,1
U1749,44,Male,169,73.1,25.6,Lose Weight,Beginner,Mixed,5.7,8,1,0.78,69,Lower Body,1,40,450,1
U1750,18,Female,155,40.8,17,Gain Strength,Beginner,Gym,6.2,8,0,0.65,100,Upper Body,1,57,615,1
U1751,25,Female,160,68.6,26.8,Improve Fitness,Beginner,Gym,5.6,3,0,0.81,48,Full Body,1,43,313,1
U1752,27,Male,164,78,29,Lose Weight,Intermediate,Gym,6.6,1,6,0.7,91,Lower Body,2,63,631,1
U1753,41,Female,151,43.5,19.1,Build Muscle,Intermediate,Home,5.6,2,0,0.61,87,Upper Body,2,53,541,1
U1754,27,Female,179,58,18.1,Build Muscle,Beginner,Home,4.5,7,3,0.64,80,Pull,1,53,485,1
U1755,25,Female,151,67.3,29.5,Improve Fitness,Intermediate,Mixed,6.6,8,5,0.65,89,Full Body,2,40,355,1
U1756,21,Female,171,49.7,17,Build Muscle,Intermediate,Gym,6.7,8,1,0.75,78,Push,2,47,428,1
U1757,44,Male,153,52.4,22.4,Gain Strength,Beginner,Gym,7.1,5,6,0.27,62,Push,1,58,595,0
U1758,43,Female,184,89.4,26.4,Lose Weight,Advanced,Gym,6,7,5,0.73,78,Full Body,3,53,348,1
U1759,34,Male,160,59.1,23.1,Build Muscle,Advanced,Gym,7.3,6,3,0.55,68,Push,3,58,503,1
U1760,27,Female,183,90.8,27.1,Build Muscle,Advanced,Home,7.3,2,1,0.61,75,Pull,3,64,483,1
U1761,28,Male,160,70.4,27.5,Lose Weight,Intermediate,Gym,4.8,6,1,0.93,66,Cardio,2,30,275,1
U1762,28,Male,153,61.6,26.3,Lose Weight,Intermediate,Gym,8.4,10,4,0.47,61,Lower Body,2,58,588,0
U1763,29,Female,166,64.2,23.3,Lose Weight,Intermediate,Gym,6.2,9,1,1,59,Cardio,2,38,346,1
U1764,38,Female,171,64.9,22.2,Lose Weight,Advanced,Home,7.3,9,5,0.5,66,Recovery,3,26,248,1
U1765,22,Male,180,83.6,25.8,Improve Fitness,Beginner,Mixed,6.7,0,1,0.7,64,Cardio,1,43,331,1
U1766,30,Female,174,54.8,18.1,Gain Strength,Beginner,Mixed,7.5,5,4,1,72,Push,1,53,461,1
U1767,40,Female,193,94.6,25.4,Build Muscle,Advanced,Home,7.9,2,0,0.49,97,Lower Body,3,52,435,1
U1768,41,Male,162,66.4,25.3,Lose Weight,Intermediate,Gym,8.9,4,2,0.59,99,Cardio,2,38,299,1
U1769,33,Female,152,64.2,27.8,Improve Fitness,Intermediate,Gym,7.7,0,4,0.76,68,Lower Body,2,63,685,1
U1770,42,Male,152,68.2,29.5,Lose Weight,Intermediate,Home,7.3,2,6,0.37,55,Lower Body,2,41,330,1
U1771,45,Female,162,62.2,23.7,Gain Strength,Intermediate,Gym,7.4,10,6,0.71,90,Lower Body,2,52,446,1
U1772,39,Male,154,40.3,17,Build Muscle,Intermediate,Gym,7.3,4,0,0.39,83,Push,2,51,493,1
U1773,44,Male,169,68.8,24.1,Build Muscle,Beginner,Gym,7.6,9,6,0.56,91,Upper Body,1,42,339,1
U1774,38,Male,160,74,28.9,Gain Strength,Beginner,Gym,7.7,1,5,0.7,80,Lower Body,1,49,331,1
U1775,40,Female,161,55.7,21.5,Build Muscle,Intermediate,Gym,8,3,2,1,88,Lower Body,2,55,455,1
U1776,29,Female,191,78.1,21.4,Lose Weight,Intermediate,Home,7.5,2,0,0.49,80,Recovery,2,32,311,1
U1777,39,Female,163,70.1,26.4,Build Muscle,Advanced,Home,5,4,0,0.51,67,Legs,3,46,450,1
U1778,23,Female,158,57.9,23.2,Lose Weight,Beginner,Home,5.8,10,4,0.79,75,Recovery,1,30,245,1
U1779,38,Male,161,61.4,23.7,Improve Fitness,Beginner,Gym,6.3,2,6,0.91,96,Full Body,1,58,618,1
U1780,26,Female,188,79.5,22.5,Build Muscle,Intermediate,Gym,6.4,3,6,0.81,66,Full Body,2,53,501,1
U1781,23,Male,169,68.3,23.9,Improve Fitness,Advanced,Mixed,7.9,3,4,0.38,91,Upper Body,3,64,672,1
U1782,32,Female,160,63.5,24.8,Lose Weight,Intermediate,Gym,6.6,2,2,0.7,71,Cardio,2,37,367,1
U1783,45,Female,150,38.7,17.2,Lose Weight,Beginner,Gym,8.7,10,3,0.73,78,Full Body,1,54,385,1
U1784,42,Male,175,87.3,28.5,Gain Strength,Advanced,Mixed,6,6,4,0.81,67,Pull,3,68,743,1
U1785,23,Male,173,84.1,28.1,Lose Weight,Intermediate,Gym,4.8,9,6,0.7,62,Cardio,2,50,400,1
U1786,20,Female,174,79.6,26.3,Gain Strength,Beginner,Gym,7.6,6,5,0.59,61,Upper Body,1,61,650,1
U1787,32,Male,172,71,24,Gain Strength,Beginner,Mixed,6.1,0,1,0.87,66,Pull,1,65,559,1
U1788,19,Female,177,53.3,17,Build Muscle,Intermediate,Home,6.7,7,4,0.53,47,Pull,2,48,439,1
U1789,30,Male,159,48.8,19.3,Build Muscle,Advanced,Home,7.2,4,1,0.96,76,Legs,3,46,404,1
U1790,19,Female,166,60.6,22,Lose Weight,Intermediate,Home,7.6,0,4,0.64,61,Cardio,2,41,273,1
U1791,21,Female,152,45.5,19.7,Lose Weight,Beginner,Gym,5.2,8,0,0.65,74,Cardio,1,50,479,1
U1792,44,Female,152,55.7,24.1,Build Muscle,Beginner,Gym,6.6,10,6,0.55,81,Lower Body,1,53,450,1
U1793,23,Female,191,69.3,19,Gain Strength,Beginner,Mixed,8,1,6,0.54,60,Push,1,61,608,1
U1794,19,Female,186,63.3,18.3,Lose Weight,Intermediate,Gym,6.5,2,2,0.9,79,Full Body,2,52,443,1
U1795,18,Female,192,105.4,28.6,Build Muscle,Beginner,Home,7.7,10,2,0.52,67,Push,1,52,523,1
U1796,44,Female,187,74.1,21.2,Lose Weight,Intermediate,Gym,8.6,7,4,0.5,85,Cardio,2,40,302,1
U1797,40,Male,193,105.4,28.3,Lose Weight,Beginner,Home,9.1,9,0,0.65,82,Full Body,1,46,471,1
U1798,32,Female,151,77.8,34.1,Build Muscle,Intermediate,Home,6.4,9,3,0.44,43,Pull,2,60,429,0
U1799,37,Male,156,66.9,27.5,Lose Weight,Beginner,Gym,5,4,1,0.65,78,Lower Body,1,59,465,1
U1800,42,Female,190,91.3,25.3,Build Muscle,Advanced,Mixed,7.6,10,2,0.76,91,Legs,3,59,429,1
U1801,45,Male,175,62.8,20.5,Build Muscle,Intermediate,Gym,6.4,7,5,0.58,84,Push,2,65,629,1
U1802,37,Male,158,70.6,28.3,Lose Weight,Intermediate,Gym,7.6,9,5,0.93,54,Full Body,2,59,585,1
U1803,29,Male,188,111.3,31.5,Improve Fitness,Intermediate,Home,8.8,3,6,0.85,98,Recovery,2,34,275,1
U1804,27,Male,151,39.9,17.5,Build Muscle,Intermediate,Gym,6.5,9,3,0.59,82,Full Body,2,56,608,1
U1805,23,Male,179,64.4,20.1,Gain Strength,Beginner,Home,7.9,10,5,0.97,82,Legs,1,75,689,1
U1806,40,Male,178,81.4,25.7,Lose Weight,Intermediate,Gym,6,6,6,0.57,90,Lower Body,2,54,466,1
U1807,21,Male,159,70.3,27.8,Gain Strength,Intermediate,Home,7.1,1,5,0.64,41,Push,2,52,363,1
U1808,38,Male,179,64.1,20,Improve Fitness,Intermediate,Gym,9.2,4,2,0.49,74,Full Body,2,54,360,1
U1809,22,Male,183,96.1,28.7,Build Muscle,Beginner,Gym,5.7,5,5,0.75,86,Pull,1,60,478,1
U1810,41,Male,159,62.2,24.6,Lose Weight,Advanced,Gym,9.5,3,0,0.42,87,Lower Body,3,56,572,1
U1811,34,Female,180,77.1,23.8,Lose Weight,Beginner,Gym,7.9,2,4,0.8,61,Lower Body,1,56,498,1
U1812,33,Female,150,57.4,25.5,Gain Strength,Beginner,Gym,5.1,3,1,0.83,76,Push,1,56,617,1
U1813,44,Male,162,71.4,27.2,Lose Weight,Beginner,Home,8.3,5,4,0.79,74,Cardio,1,31,325,1
U1814,23,Male,164,55.9,20.8,Gain Strength,Intermediate,Gym,6.3,9,2,0.93,93,Legs,2,54,412,1
U1815,36,Female,179,75.3,23.5,Build Muscle,Advanced,Gym,7.2,10,0,0.56,89,Push,3,60,454,1
U1816,33,Female,186,94.4,27.3,Build Muscle,Beginner,Mixed,9.2,7,6,0.56,66,Upper Body,1,48,463,1
U1817,28,Female,182,84.5,25.5,Build Muscle,Intermediate,Gym,7.8,8,1,0.68,58,Pull,2,69,450,1
U1818,34,Female,181,92.4,28.2,Build Muscle,Beginner,Gym,7.9,4,0,0.56,92,Full Body,1,60,623,1
U1819,42,Male,163,78.1,29.4,Build Muscle,Beginner,Home,7.2,7,0,0.73,80,Upper Body,1,64,667,1
U1820,45,Male,189,74.7,20.9,Gain Strength,Beginner,Gym,7.1,7,5,0.33,85,Legs,1,74,534,0
U1821,28,Female,170,51.7,17.9,Lose Weight,Beginner,Gym,8.8,6,0,0.66,68,Lower Body,1,54,558,1
U1822,18,Male,163,58.2,21.9,Gain Strength,Beginner,Mixed,6.8,0,2,0.98,34,Legs,1,51,488,1
U1823,32,Female,156,72.8,29.9,Build Muscle,Beginner,Home,7.5,9,3,0.5,55,Full Body,1,55,373,0
U1824,19,Female,167,87.9,31.5,Lose Weight,Beginner,Gym,6.1,7,1,0.51,89,Lower Body,1,58,434,0
U1825,20,Female,165,70.5,25.9,Build Muscle,Intermediate,Home,6.1,8,4,0.76,56,Lower Body,2,50,564,1
U1826,29,Female,163,77.3,29.1,Build Muscle,Intermediate,Gym,8.3,5,1,0.82,77,Upper Body,2,43,367,1
U1827,30,Female,153,74.7,31.9,Gain Strength,Beginner,Mixed,7.1,5,0,0.51,78,Legs,1,60,490,0
U1828,20,Male,186,115.2,33.3,Build Muscle,Intermediate,Gym,6,2,6,0.65,78,Legs,2,51,527,1
U1829,31,Female,179,77.9,24.3,Lose Weight,Advanced,Home,6,10,2,0.92,100,Cardio,3,44,374,1
U1830,27,Male,189,90.4,25.3,Gain Strength,Beginner,Gym,6.1,6,1,0.44,75,Pull,1,59,610,0
U1831,36,Female,195,110.7,29.1,Improve Fitness,Beginner,Home,7.6,3,2,0.72,63,Full Body,1,59,665,1
U1832,28,Female,164,53.5,19.9,Gain Strength,Beginner,Gym,8,4,1,0.88,48,Lower Body,1,40,348,1
U1833,41,Male,174,94.5,31.2,Build Muscle,Beginner,Gym,7.7,6,4,0.97,51,Lower Body,1,45,462,1
U1834,21,Female,188,66.4,18.8,Lose Weight,Advanced,Gym,6.9,3,0,0.81,98,Lower Body,3,40,261,1
U1835,43,Female,175,84.2,27.5,Improve Fitness,Beginner,Gym,6.8,4,6,0.54,90,Full Body,1,42,276,1
U1836,26,Female,152,47.1,20.4,Build Muscle,Beginner,Home,8.9,2,4,0.67,95,Push,1,64,509,1
U1837,37,Female,160,70.1,27.4,Lose Weight,Beginner,Gym,6.9,2,5,0.63,66,Lower Body,1,46,369,1
U1838,38,Female,166,72.5,26.3,Lose Weight,Beginner,Gym,7.2,0,3,0.61,69,Cardio,1,43,392,1
U1839,23,Male,150,55.8,24.8,Build Muscle,Beginner,Gym,4.8,1,0,0.8,57,Full Body,1,57,552,1
U1840,27,Female,180,63.8,19.7,Improve Fitness,Beginner,Gym,5.2,8,2,0.4,51,Recovery,1,23,208,0
U1841,43,Male,164,57.8,21.5,Gain Strength,Intermediate,Home,9.2,4,4,0.63,74,Push,2,68,773,1
U1842,39,Female,158,65.4,26.2,Build Muscle,Beginner,Gym,7.2,0,5,0.71,54,Full Body,1,41,396,1
U1843,44,Male,160,78.3,30.6,Lose Weight,Beginner,Gym,9.1,5,1,0.42,56,Full Body,1,46,326,1
U1844,26,Female,171,68.1,23.3,Improve Fitness,Beginner,Gym,6,7,6,0.81,61,Cardio,1,40,388,1
U1845,35,Male,156,81.8,33.6,Build Muscle,Intermediate,Gym,8.4,8,5,0.76,87,Pull,2,62,459,1
U1846,44,Male,159,73.6,29.1,Gain Strength,Beginner,Gym,6.5,5,4,0.57,73,Legs,1,70,643,1
U1847,40,Male,173,84.1,28.1,Build Muscle,Intermediate,Home,7.3,9,1,0.44,59,Lower Body,2,52,415,0
U1848,34,Female,180,78.4,24.2,Lose Weight,Beginner,Mixed,7,0,0,1,51,Cardio,1,36,259,1
U1849,33,Male,165,72.4,26.6,Lose Weight,Beginner,Gym,8.7,9,1,1,65,Cardio,1,32,324,1
U1850,36,Male,163,70.7,26.6,Lose Weight,Intermediate,Home,7.7,0,5,0.76,70,Cardio,2,46,450,1
U1851,27,Male,184,89,26.3,Gain Strength,Intermediate,Gym,4.5,5,2,0.84,73,Lower Body,2,58,425,1
U1852,40,Female,168,66.6,23.6,Build Muscle,Beginner,Mixed,9.4,9,4,0.6,65,Lower Body,1,64,505,1
U1853,41,Female,166,90.7,32.9,Lose Weight,Beginner,Home,6.2,4,2,0.62,69,Cardio,1,45,442,1
U1854,21,Female,185,95.8,28,Lose Weight,Intermediate,Home,7.3,10,3,0.49,64,Cardio,2,48,369,1
U1855,36,Female,175,67.1,21.9,Gain Strength,Beginner,Home,7,7,6,0.8,78,Legs,1,58,439,1
U1856,23,Male,190,61.4,17,Improve Fitness,Beginner,Mixed,8.3,0,5,0.77,92,Cardio,1,41,276,1
U1857,32,Female,160,67.6,26.4,Build Muscle,Intermediate,Gym,8.3,5,5,0.8,92,Pull,2,55,560,1
U1858,44,Male,170,77.2,26.7,Gain Strength,Beginner,Home,7,10,3,1,85,Pull,1,57,508,1
U1859,28,Female,173,80.5,26.9,Gain Strength,Advanced,Gym,5.7,1,1,0.49,76,Legs,3,64,479,1
U1860,20,Female,166,69.2,25.1,Build Muscle,Beginner,Gym,6.4,2,3,0.75,95,Push,1,47,363,1
U1861,22,Female,151,62.5,27.4,Lose Weight,Intermediate,Mixed,5.8,3,1,0.7,59,Full Body,2,40,356,1
U1862,32,Female,185,78.4,22.9,Lose Weight,Intermediate,Gym,6.6,8,4,0.63,53,Cardio,2,38,316,1
U1863,25,Female,184,81.3,24,Lose Weight,Advanced,Gym,6.5,3,6,0.2,100,Full Body,3,56,590,1
U1864,37,Male,172,86.1,29.1,Gain Strength,Intermediate,Home,6.7,3,3,0.72,54,Pull,2,60,675,1
U1865,23,Male,185,108.2,31.6,Lose Weight,Intermediate,Mixed,9.2,7,6,0.75,87,Full Body,2,42,278,1
U1866,37,Female,177,78.9,25.2,Gain Strength,Advanced,Mixed,5.6,3,5,0.65,73,Legs,3,73,527,1
U1867,35,Female,150,50.8,22.6,Improve Fitness,Beginner,Home,6.9,9,0,0.7,70,Upper Body,1,45,336,0
U1868,37,Male,161,64,24.7,Build Muscle,Advanced,Home,5.9,5,0,0.59,52,Push,3,70,503,1
U1869,28,Male,156,69.6,28.6,Build Muscle,Beginner,Gym,4.8,4,3,0.93,92,Push,1,52,426,1
U1870,42,Male,183,77.7,23.2,Build Muscle,Advanced,Gym,4.5,8,0,0.65,71,Upper Body,3,50,401,1
U1871,43,Female,154,48.1,20.3,Improve Fitness,Beginner,Home,6.5,2,4,1,81,Full Body,1,44,441,1
U1872,42,Male,182,68.2,20.6,Build Muscle,Intermediate,Gym,5.3,0,4,0.66,68,Lower Body,2,58,527,1
U1873,21,Female,162,69.8,26.6,Lose Weight,Advanced,Mixed,6.5,7,5,0.81,100,Full Body,3,43,358,1
U1874,25,Female,162,73.2,27.9,Gain Strength,Beginner,Gym,7,7,6,0.69,66,Upper Body,1,56,525,1
U1875,35,Female,184,99.9,29.5,Lose Weight,Beginner,Gym,6.4,3,2,0.73,72,Recovery,1,33,231,1
U1876,35,Female,189,80,22.4,Lose Weight,Intermediate,Home,5.6,4,6,0.78,71,Full Body,2,41,451,1
U1877,35,Male,191,97,26.6,Build Muscle,Beginner,Gym,6.5,4,3,0.94,58,Push,1,61,609,1
U1878,24,Male,179,101.6,31.7,Improve Fitness,Advanced,Home,5.2,1,5,0.8,79,Full Body,3,60,660,1
U1879,21,Female,150,47.7,21.2,Improve Fitness,Intermediate,Mixed,7.6,5,1,0.95,38,Recovery,2,27,259,1
U1880,26,Female,193,99.1,26.6,Lose Weight,Advanced,Home,4.5,3,5,0.55,96,Full Body,3,40,423,1
U1881,33,Female,188,78.1,22.1,Build Muscle,Intermediate,Gym,5.8,7,1,0.68,100,Upper Body,2,65,444,1
U1882,35,Female,160,43.5,17,Improve Fitness,Beginner,Home,5.9,6,2,0.99,99,Cardio,1,48,540,1
U1883,35,Female,162,63.2,24.1,Build Muscle,Advanced,Gym,5.7,1,0,1,95,Pull,3,67,581,1
U1884,29,Female,159,69.3,27.4,Lose Weight,Intermediate,Home,6.2,8,6,0.71,69,Recovery,2,26,280,1
U1885,26,Male,172,76.6,25.9,Lose Weight,Advanced,Gym,8.7,6,1,0.88,55,Recovery,3,22,191,1
U1886,45,Female,154,71.9,30.3,Gain Strength,Intermediate,Gym,7.4,2,1,0.84,93,Legs,2,58,382,1
U1887,41,Male,170,57.2,19.8,Lose Weight,Beginner,Gym,7.1,3,0,0.62,48,Cardio,1,42,391,1
U1888,20,Male,191,94.9,26,Gain Strength,Intermediate,Home,9.5,6,2,0.39,71,Upper Body,2,48,547,1
U1889,38,Female,180,88.1,27.2,Improve Fitness,Beginner,Gym,7.2,5,1,0.7,52,Full Body,1,48,505,1
U1890,22,Male,179,81.7,25.5,Lose Weight,Advanced,Mixed,6.3,6,1,0.33,89,Lower Body,3,54,470,0
U1891,30,Female,173,85.3,28.5,Build Muscle,Intermediate,Gym,7.2,8,1,0.76,88,Pull,2,66,726,1
U1892,35,Female,173,76,25.4,Lose Weight,Beginner,Gym,8.1,1,4,0.67,91,Full Body,1,53,580,1
U1893,39,Female,183,86.4,25.8,Lose Weight,Advanced,Gym,7.3,3,3,0.49,76,Full Body,3,58,603,1
U1894,24,Male,176,65,21,Build Muscle,Beginner,Home,6.4,7,2,0.57,56,Upper Body,1,41,441,1
U1895,28,Female,162,87.7,33.4,Gain Strength,Advanced,Gym,8.6,1,2,1,53,Legs,3,67,537,1
U1896,43,Male,159,62.7,24.8,Build Muscle,Beginner,Mixed,5.7,6,1,0.59,58,Legs,1,75,523,0
U1897,19,Male,174,89.9,29.7,Lose Weight,Intermediate,Home,6.7,9,5,0.91,81,Recovery,2,31,348,1
U1898,36,Female,171,100,34.2,Improve Fitness,Advanced,Gym,5.5,2,4,0.95,89,Full Body,3,43,342,1
U1899,43,Male,172,60.4,20.4,Lose Weight,Intermediate,Gym,8.2,9,3,0.78,68,Recovery,2,31,250,1
U1900,23,Male,191,76.6,21,Build Muscle,Beginner,Gym,6.3,6,2,1,72,Push,1,62,630,1
U1901,18,Female,174,84.2,27.8,Build Muscle,Intermediate,Gym,6.2,10,2,0.58,88,Upper Body,2,62,444,1
U1902,29,Female,185,64.3,18.8,Build Muscle,Beginner,Gym,6.6,7,5,0.73,73,Push,1,45,316,1
U1903,20,Male,173,70.9,23.7,Build Muscle,Intermediate,Gym,7.5,1,6,0.84,83,Push,2,47,453,1
U1904,28,Male,189,72.9,20.4,Build Muscle,Intermediate,Gym,6.8,1,1,0.94,85,Push,2,70,705,1
U1905,30,Female,190,67.5,18.7,Lose Weight,Intermediate,Gym,7.5,7,4,0.36,72,Full Body,2,58,400,1
U1906,24,Female,159,82.2,32.5,Improve Fitness,Intermediate,Gym,6.1,1,5,0.57,83,Upper Body,2,52,555,1
U1907,27,Female,182,59.6,18,Lose Weight,Beginner,Gym,6.4,5,5,0.83,62,Cardio,1,50,340,1
U1908,29,Male,189,83.9,23.5,Gain Strength,Beginner,Home,7.9,7,0,0.8,76,Lower Body,1,59,583,1
U1909,20,Female,170,66.8,23.1,Lose Weight,Intermediate,Gym,7.5,7,2,0.7,78,Lower Body,2,62,512,1
U1910,32,Female,170,64.7,22.4,Improve Fitness,Intermediate,Mixed,6.9,7,6,0.54,71,Lower Body,2,40,434,1
U1911,43,Female,174,63.9,21.1,Improve Fitness,Intermediate,Gym,5.9,0,3,0.77,75,Upper Body,2,40,354,1
U1912,26,Female,162,73,27.8,Build Muscle,Beginner,Gym,6.6,8,2,0.79,80,Pull,1,58,658,1
U1913,19,Female,156,64.2,26.4,Build Muscle,Beginner,Gym,6.2,4,1,0.75,77,Pull,1,45,328,1
U1914,38,Female,193,91.3,24.5,Lose Weight,Intermediate,Home,4.8,8,2,0.75,100,Cardio,2,34,283,1
U1915,25,Male,170,66.5,23,Gain Strength,Advanced,Mixed,6.3,10,3,0.79,76,Upper Body,3,44,457,1
U1916,36,Male,195,112.2,29.5,Lose Weight,Beginner,Mixed,5.7,7,4,0.85,80,Full Body,1,56,454,1
U1917,34,Female,179,76.6,23.9,Lose Weight,Advanced,Mixed,7.5,4,0,0.91,85,Full Body,3,44,335,1
U1918,18,Female,172,58.3,19.7,Gain Strength,Intermediate,Gym,8,4,2,0.71,73,Legs,2,65,619,1
U1919,27,Male,162,65.1,24.8,Lose Weight,Intermediate,Gym,6.9,6,3,0.93,70,Full Body,2,48,468,1
U1920,42,Female,155,47.6,19.8,Lose Weight,Intermediate,Mixed,6.7,7,5,0.75,90,Cardio,2,49,386,1
U1921,40,Female,168,76.2,27,Build Muscle,Beginner,Mixed,6.2,1,0,1,75,Lower Body,1,40,385,1
U1922,38,Female,175,91.6,29.9,Build Muscle,Intermediate,Home,6.9,10,2,0.82,84,Pull,2,67,456,1
U1923,20,Male,159,74.8,29.6,Build Muscle,Beginner,Home,8.3,1,6,0.88,67,Pull,1,55,467,1
U1924,19,Female,191,80.6,22.1,Gain Strength,Intermediate,Gym,7.5,1,6,0.89,68,Pull,2,52,482,1
U1925,19,Male,180,94,29,Build Muscle,Beginner,Gym,8.7,2,6,0.56,59,Push,1,69,624,1
U1926,27,Female,151,54.5,23.9,Gain Strength,Intermediate,Home,7.4,0,1,0.63,92,Legs,2,56,526,1
U1927,29,Male,175,80.5,26.3,Build Muscle,Intermediate,Mixed,7.1,9,2,0.46,52,Pull,2,51,416,0
U1928,28,Female,175,78.7,25.7,Build Muscle,Beginner,Gym,4.8,9,5,0.9,69,Upper Body,1,65,663,1
U1929,45,Male,162,94.5,36,Gain Strength,Intermediate,Gym,9.5,10,1,0.69,70,Lower Body,2,58,635,1
U1930,44,Female,163,76.3,28.7,Lose Weight,Beginner,Gym,9,2,6,0.43,45,Cardio,1,42,466,1
U1931,33,Female,192,80.7,21.9,Improve Fitness,Beginner,Home,7.7,0,6,0.81,88,Full Body,1,48,448,1
U1932,23,Male,153,45.6,19.5,Lose Weight,Intermediate,Mixed,4.6,5,0,0.87,59,Cardio,2,39,434,1
U1933,43,Male,157,41.9,17,Improve Fitness,Intermediate,Home,7.3,0,3,0.86,70,Full Body,2,47,368,1
U1934,40,Female,154,53.6,22.6,Gain Strength,Beginner,Gym,6.9,10,3,0.65,51,Push,1,58,567,0
U1935,42,Female,195,81.8,21.5,Build Muscle,Intermediate,Mixed,7.7,0,5,0.78,74,Pull,2,45,480,1
U1936,31,Female,164,54.6,20.3,Gain Strength,Intermediate,Gym,6.9,1,4,0.33,74,Pull,2,66,610,1
U1937,22,Female,190,110.1,30.5,Build Muscle,Beginner,Gym,5.5,7,2,0.61,76,Upper Body,1,53,504,1
U1938,22,Female,172,88.2,29.8,Lose Weight,Intermediate,Gym,6.6,10,1,0.6,42,Lower Body,2,60,639,0
U1939,23,Male,163,66.2,24.9,Gain Strength,Beginner,Mixed,9.3,1,4,0.77,71,Legs,1,66,503,1
U1940,40,Female,181,84.9,25.9,Build Muscle,Intermediate,Home,7.1,8,3,0.57,84,Legs,2,58,663,1
U1941,25,Female,159,64.2,25.4,Gain Strength,Advanced,Gym,7.1,0,6,0.54,91,Lower Body,3,47,483,1
U1942,27,Male,184,92.4,27.3,Lose Weight,Advanced,Gym,6.5,0,0,0.9,64,Cardio,3,35,392,1
U1943,39,Female,150,47.7,21.2,Gain Strength,Beginner,Gym,6.3,3,2,0.4,79,Legs,1,66,593,0
U1944,29,Male,166,46.8,17,Gain Strength,Advanced,Gym,5.7,8,6,0.35,70,Push,3,57,628,0
U1945,33,Female,184,80.9,23.9,Build Muscle,Beginner,Mixed,6.7,10,0,0.53,54,Legs,1,55,571,0
U1946,45,Female,163,70.4,26.5,Lose Weight,Beginner,Home,6.5,9,6,0.78,58,Full Body,1,54,539,1
U1947,30,Male,166,69.7,25.3,Lose Weight,Intermediate,Gym,8.5,7,2,0.83,65,Lower Body,2,44,499,1
U1948,20,Male,180,82.9,25.6,Lose Weight,Beginner,Home,6.8,10,1,0.72,67,Lower Body,1,58,622,0
U1949,25,Female,194,89.6,23.8,Improve Fitness,Beginner,Gym,7.3,2,5,0.54,56,Recovery,1,20,200,1
U1950,40,Female,190,67.5,18.7,Lose Weight,Beginner,Gym,5.3,6,4,0.5,74,Full Body,1,42,379,1
U1951,25,Male,157,51.3,20.8,Build Muscle,Beginner,Gym,7.7,3,3,0.73,42,Upper Body,1,61,574,1
U1952,21,Male,164,73.4,27.3,Build Muscle,Beginner,Home,8,6,0,0.54,78,Pull,1,53,424,1
U1953,43,Male,170,60.4,20.9,Improve Fitness,Advanced,Mixed,7.2,3,5,0.49,45,Cardio,3,36,331,1
U1954,43,Male,159,57.9,22.9,Gain Strength,Advanced,Gym,7,1,3,0.65,54,Legs,3,69,573,1
U1955,25,Female,176,70.6,22.8,Build Muscle,Beginner,Mixed,7.4,6,0,0.71,74,Push,1,64,612,1
U1956,43,Female,191,79.2,21.7,Improve Fitness,Intermediate,Gym,8.4,8,2,0.51,79,Cardio,2,43,430,1
U1957,42,Male,191,107.6,29.5,Build Muscle,Beginner,Gym,7.6,10,6,0.68,64,Full Body,1,57,516,1
U1958,30,Male,180,93.6,28.9,Build Muscle,Intermediate,Mixed,5.5,8,4,0.55,66,Upper Body,2,49,444,1
U1959,28,Female,165,80.9,29.7,Lose Weight,Beginner,Gym,7.5,5,4,0.55,67,Full Body,1,59,564,1
U1960,43,Male,194,82.4,21.9,Build Muscle,Intermediate,Gym,6.3,8,4,0.9,51,Pull,2,48,465,1
U1961,24,Female,161,81.1,31.3,Improve Fitness,Intermediate,Gym,8,6,3,0.92,65,Upper Body,2,42,299,1
U1962,30,Female,150,53.8,23.9,Build Muscle,Intermediate,Gym,5.5,7,3,0.63,79,Full Body,2,58,559,1
U1963,33,Male,180,96.9,29.9,Lose Weight,Beginner,Gym,5.9,1,2,0.65,69,Lower Body,1,48,342,1
U1964,21,Female,163,49.4,18.6,Build Muscle,Intermediate,Gym,7.8,1,2,0.59,69,Full Body,2,53,495,1
U1965,26,Female,165,61.5,22.6,Build Muscle,Intermediate,Gym,6.2,3,1,0.72,68,Lower Body,2,42,392,1
U1966,37,Female,181,75,22.9,Build Muscle,Beginner,Gym,6.3,3,3,0.78,96,Upper Body,1,61,529,1
U1967,45,Female,178,79.5,25.1,Build Muscle,Beginner,Gym,8.2,7,3,0.47,74,Push,1,45,490,1
U1968,33,Female,183,66.6,19.9,Build Muscle,Beginner,Gym,5.5,6,6,0.59,89,Legs,1,64,536,1
U1969,43,Female,163,75.7,28.5,Build Muscle,Beginner,Gym,7.4,4,1,0.44,69,Pull,1,65,654,1
U1970,18,Female,186,89.3,25.8,Build Muscle,Beginner,Gym,7.3,7,3,0.39,58,Push,1,53,386,0
U1971,25,Male,152,55.9,24.2,Improve Fitness,Beginner,Home,7.7,1,5,0.32,69,Recovery,1,22,192,1
U1972,27,Male,177,78.6,25.1,Build Muscle,Advanced,Gym,8,4,1,0.84,80,Legs,3,65,705,1
U1973,45,Male,168,59.6,21.1,Lose Weight,Advanced,Mixed,5,3,0,0.65,87,Lower Body,3,65,480,1
U1974,21,Female,185,104,30.4,Gain Strength,Intermediate,Gym,7.9,2,1,0.8,77,Upper Body,2,56,474,1
U1975,23,Male,180,71.9,22.2,Build Muscle,Beginner,Mixed,7,5,4,1,57,Lower Body,1,47,343,1
U1976,37,Male,154,74.2,31.3,Improve Fitness,Beginner,Gym,6.7,8,6,0.96,50,Cardio,1,47,531,1
U1977,34,Female,188,95.4,27,Lose Weight,Intermediate,Gym,6.3,4,4,0.47,75,Recovery,2,25,237,1
U1978,29,Female,157,70.7,28.7,Lose Weight,Beginner,Gym,6.2,5,0,0.45,70,Cardio,1,30,262,0
U1979,36,Male,191,87.9,24.1,Gain Strength,Beginner,Gym,7.7,3,3,0.89,71,Pull,1,51,576,1
U1980,25,Male,190,116.6,32.3,Improve Fitness,Beginner,Gym,7.3,7,3,0.66,47,Lower Body,1,57,506,1
U1981,45,Female,154,55.5,23.4,Lose Weight,Beginner,Mixed,6.7,2,0,0.89,78,Recovery,1,24,218,1
U1982,18,Female,175,59.7,19.5,Build Muscle,Intermediate,Gym,7.3,5,2,0.84,94,Pull,2,69,717,1
U1983,41,Male,159,71.3,28.2,Improve Fitness,Beginner,Home,7.9,7,5,0.73,77,Upper Body,1,59,464,1
U1984,25,Male,152,68.6,29.7,Build Muscle,Advanced,Gym,5.6,9,1,0.66,60,Pull,3,53,607,1
U1985,23,Male,166,71.9,26.1,Gain Strength,Intermediate,Gym,8.5,2,5,0.61,36,Legs,2,56,525,1
U1986,35,Female,190,82.3,22.8,Gain Strength,Intermediate,Home,8.1,9,4,0.82,78,Upper Body,2,50,400,1
U1987,41,Female,153,54.5,23.3,Improve Fitness,Beginner,Mixed,5.7,1,6,0.81,59,Full Body,1,47,432,1
U1988,29,Female,175,103.2,33.7,Lose Weight,Beginner,Gym,7.7,2,4,0.62,62,Full Body,1,41,351,1
U1989,18,Female,173,72.1,24.1,Build Muscle,Beginner,Mixed,6.8,7,3,0.92,74,Legs,1,64,523,1
U1990,37,Female,187,74.8,21.4,Lose Weight,Beginner,Gym,9.2,0,1,0.73,83,Full Body,1,60,399,1
U1991,27,Female,193,81.6,21.9,Gain Strength,Intermediate,Gym,7.5,9,0,0.78,43,Push,2,46,299,0
U1992,24,Male,175,101.1,33,Gain Strength,Intermediate,Gym,8.5,4,4,0.65,55,Upper Body,2,59,429,1
U1993,42,Male,181,85.2,26,Lose Weight,Intermediate,Gym,7.2,5,5,0.78,74,Cardio,2,44,465,1
U1994,31,Male,169,76,26.6,Gain Strength,Beginner,Gym,8.7,2,0,0.82,56,Push,1,59,466,1
U1995,28,Female,187,105.6,30.2,Build Muscle,Intermediate,Gym,8.9,10,5,1,55,Full Body,2,55,410,1
U1996,20,Male,152,58.9,25.5,Gain Strength,Intermediate,Gym,4.8,7,3,0.82,63,Upper Body,2,62,607,1
U1997,42,Male,150,73.4,32.6,Improve Fitness,Beginner,Gym,6.2,1,3,0.42,64,Lower Body,1,55,620,0
U1998,24,Male,176,52.7,17,Build Muscle,Beginner,Gym,7.9,5,6,0.35,72,Upper Body,1,56,423,1
U1999,28,Female,183,56.9,17,Lose Weight,Intermediate,Home,6.7,9,1,1,77,Full Body,2,58,389,1
U2000,28,Male,176,64.7,20.9,Lose Weight,Advanced,Gym,7.1,6,3,0.72,79,Recovery,3,27,290,1
U2001,44,Male,192,69.3,18.8,Improve Fitness,Beginner,Gym,7.8,8,1,0.23,62,Full Body,1,52,546,0
U2002,35,Female,151,51.1,22.4,Lose Weight,Advanced,Home,7.8,10,6,0.72,50,Cardio,3,45,467,1
U2003,45,Male,174,61.8,20.4,Lose Weight,Beginner,Gym,7.3,3,0,0.71,63,Full Body,1,60,669,1
U2004,41,Female,160,57.6,22.5,Gain Strength,Intermediate,Gym,7.9,6,1,0.63,70,Upper Body,2,57,390,1
U2005,22,Male,150,75.6,33.6,Improve Fitness,Beginner,Home,5.5,4,1,0.39,83,Full Body,1,43,379,0
U2006,21,Female,192,79.6,21.6,Lose Weight,Intermediate,Gym,6.7,1,2,0.58,68,Cardio,2,47,533,1
U2007,42,Male,154,74,31.2,Build Muscle,Beginner,Gym,8,8,1,0.88,50,Legs,1,69,727,1
U2008,42,Female,163,52.3,19.7,Build Muscle,Intermediate,Gym,4.5,9,5,0.57,86,Upper Body,2,50,417,1
U2009,19,Male,178,84.6,26.7,Build Muscle,Intermediate,Gym,6.9,10,2,0.72,61,Upper Body,2,43,391,1
U2010,42,Male,187,88.8,25.4,Build Muscle,Intermediate,Mixed,7.9,5,0,0.43,76,Upper Body,2,53,354,1
U2011,21,Male,169,81.1,28.4,Gain Strength,Advanced,Home,6.6,6,1,0.85,100,Pull,3,47,375,1
U2012,18,Male,168,68,24.1,Build Muscle,Intermediate,Mixed,7.5,8,4,0.59,74,Legs,2,69,755,1
U2013,23,Male,187,92.3,26.4,Gain Strength,Beginner,Gym,7.3,8,6,0.54,75,Legs,1,54,431,1
U2014,30,Male,169,87.4,30.6,Improve Fitness,Beginner,Home,7.6,4,5,0.89,68,Full Body,1,58,513,1
U2015,29,Female,184,93.4,27.6,Build Muscle,Beginner,Mixed,7.4,3,0,0.55,76,Pull,1,48,424,1
U2016,41,Male,160,52,20.3,Gain Strength,Intermediate,Home,6.4,3,3,0.75,76,Push,2,60,453,1
U2017,39,Female,162,51.2,19.5,Gain Strength,Beginner,Gym,8.3,9,3,0.82,61,Lower Body,1,48,467,1
U2018,33,Male,157,44.4,18,Lose Weight,Beginner,Gym,6.9,2,4,0.64,73,Cardio,1,37,249,1
U2019,20,Female,158,57.4,23,Improve Fitness,Beginner,Gym,4.9,0,5,0.65,67,Full Body,1,53,383,1
U2020,38,Male,173,81.4,27.2,Build Muscle,Beginner,Home,6.3,10,2,1,43,Legs,1,56,604,1
U2021,39,Male,181,98.3,30,Lose Weight,Beginner,Gym,6.9,0,3,0.87,73,Full Body,1,54,588,1
U2022,22,Female,167,81.7,29.3,Build Muscle,Intermediate,Gym,6.7,8,0,0.52,93,Legs,2,51,545,1
U2023,30,Female,160,61.4,24,Lose Weight,Beginner,Gym,7.3,3,5,0.94,56,Full Body,1,56,467,1
U2024,26,Male,167,75.3,27,Improve Fitness,Intermediate,Gym,6.5,6,0,0.7,73,Full Body,2,49,546,1
U2025,45,Male,190,65.7,18.2,Lose Weight,Intermediate,Gym,6.2,0,2,0.96,85,Lower Body,2,43,437,1
U2026,41,Female,166,66.7,24.2,Gain Strength,Beginner,Gym,7.4,6,5,0.67,92,Upper Body,1,47,316,1
U2027,28,Female,180,76.8,23.7,Gain Strength,Intermediate,Gym,7.4,6,4,0.93,60,Push,2,49,432,1
U2028,35,Male,156,75.4,31,Gain Strength,Advanced,Gym,5.4,2,1,1,66,Upper Body,3,58,411,1
U2029,26,Female,163,62.4,23.5,Build Muscle,Advanced,Home,5,1,6,0.64,56,Pull,3,53,545,1
U2030,41,Male,181,71.7,21.9,Gain Strength,Beginner,Gym,6.9,5,0,0.89,75,Push,1,45,461,1
U2031,35,Male,151,58.8,25.8,Gain Strength,Advanced,Home,5.9,10,2,0.56,98,Push,3,68,487,1
U2032,32,Male,192,78.9,21.4,Lose Weight,Intermediate,Gym,8.9,3,2,0.68,72,Full Body,2,44,369,1
U2033,23,Female,152,67,29,Lose Weight,Intermediate,Mixed,8.5,1,0,0.7,66,Lower Body,2,62,654,1
U2034,26,Female,178,77,24.3,Build Muscle,Advanced,Gym,7.5,9,1,0.88,72,Full Body,3,59,562,1
U2035,41,Male,162,71.1,27.1,Lose Weight,Beginner,Gym,8.9,1,6,0.79,76,Full Body,1,47,418,1
U2036,38,Male,153,42.4,18.1,Lose Weight,Intermediate,Gym,4.5,2,1,0.79,70,Recovery,2,22,153,1
U2037,26,Female,185,76.3,22.3,Build Muscle,Beginner,Gym,7.4,3,1,0.71,88,Lower Body,1,42,361,1
U2038,38,Male,170,72,24.9,Lose Weight,Intermediate,Mixed,6.3,5,0,0.9,68,Cardio,2,30,219,1
U2039,41,Male,155,64.1,26.7,Gain Strength,Intermediate,Mixed,6.6,7,6,0.6,73,Lower Body,2,44,503,1
U2040,28,Female,193,91.6,24.6,Build Muscle,Advanced,Home,7.6,4,2,0.67,44,Push,3,62,685,1
U2041,20,Male,161,58.8,22.7,Gain Strength,Beginner,Home,8,0,2,0.67,68,Pull,1,45,293,1
U2042,26,Male,174,86.6,28.6,Build Muscle,Beginner,Gym,6.3,8,2,0.44,69,Legs,1,58,455,0
U2043,25,Female,173,67.3,22.5,Gain Strength,Beginner,Mixed,6,9,3,0.69,79,Upper Body,1,47,446,1
U2044,37,Female,189,87.5,24.5,Lose Weight,Advanced,Home,7.4,10,6,1,66,Recovery,3,25,270,1
U2045,26,Male,185,88,25.7,Improve Fitness,Intermediate,Gym,6.5,4,6,0.57,63,Cardio,2,45,334,1
U2046,38,Male,175,68.9,22.5,Build Muscle,Beginner,Gym,7.5,6,4,1,61,Upper Body,1,63,537,1
U2047,23,Male,165,62.1,22.8,Improve Fitness,Intermediate,Gym,7,8,3,0.79,75,Full Body,2,42,471,1
U2048,38,Female,160,76.5,29.9,Lose Weight,Intermediate,Home,4.5,0,1,0.29,64,Full Body,2,50,564,0
U2049,41,Male,192,107.3,29.1,Build Muscle,Beginner,Gym,5.4,4,6,0.2,80,Pull,1,52,472,0
U2050,44,Female,171,74.6,25.5,Gain Strength,Beginner,Home,5.9,0,5,0.54,57,Upper Body,1,46,347,1
U2051,42,Female,162,65.6,25,Gain Strength,Beginner,Gym,6.4,1,3,0.81,30,Upper Body,1,54,476,1
U2052,43,Male,184,70.8,20.9,Build Muscle,Advanced,Gym,5.9,1,5,0.67,63,Upper Body,3,47,512,1
U2053,45,Male,154,66.2,27.9,Improve Fitness,Advanced,Home,5.1,8,3,0.73,80,Upper Body,3,53,490,1
U2054,45,Male,150,72.7,32.3,Improve Fitness,Beginner,Gym,6.6,0,4,0.78,44,Full Body,1,57,566,1
U2055,28,Female,190,61.4,17,Gain Strength,Beginner,Gym,8,9,0,0.72,89,Lower Body,1,59,617,1
U2056,22,Male,154,44.3,18.7,Build Muscle,Beginner,Gym,7.7,8,5,1,78,Upper Body,1,52,462,1
U2057,44,Male,187,89.9,25.7,Build Muscle,Advanced,Gym,7.1,2,1,0.44,92,Upper Body,3,50,344,1
U2058,26,Male,194,82.4,21.9,Gain Strength,Intermediate,Gym,7.7,8,3,0.44,54,Lower Body,2,47,421,0
U2059,30,Female,177,95.6,30.5,Improve Fitness,Intermediate,Gym,6.7,1,0,0.98,70,Upper Body,2,46,388,1
U2060,37,Male,151,38.8,17,Lose Weight,Intermediate,Gym,8.1,3,0,0.61,82,Recovery,2,26,240,1
U2061,31,Male,181,80.6,24.6,Lose Weight,Intermediate,Home,5.4,10,1,0.75,100,Full Body,2,41,429,1
U2062,32,Male,171,77.8,26.6,Build Muscle,Intermediate,Home,7,8,5,0.91,75,Lower Body,2,59,597,1
U2063,19,Male,192,93.6,25.4,Lose Weight,Intermediate,Gym,5.9,0,4,0.76,87,Cardio,2,39,447,1
U2064,26,Male,175,64.3,21,Gain Strength,Intermediate,Home,8.7,10,3,0.7,58,Upper Body,2,59,598,1
U2065,39,Female,155,69,28.7,Improve Fitness,Beginner,Gym,6.8,5,4,0.86,67,Full Body,1,50,450,1
U2066,27,Male,161,62.7,24.2,Improve Fitness,Beginner,Mixed,7.6,3,2,0.77,42,Upper Body,1,59,390,1
U2067,35,Female,159,50.1,19.8,Lose Weight,Beginner,Home,8.1,0,5,0.7,64,Full Body,1,57,463,1
U2068,39,Female,191,68.6,18.8,Build Muscle,Advanced,Gym,5.9,8,6,0.36,70,Push,3,58,541,1
U2069,31,Female,151,50.2,22,Lose Weight,Intermediate,Gym,6,9,6,0.71,77,Cardio,2,43,360,1
U2070,31,Male,163,88.5,33.3,Build Muscle,Intermediate,Gym,5.4,10,6,0.93,86,Upper Body,2,64,496,1
U2071,24,Female,175,64.9,21.2,Lose Weight,Beginner,Home,7.3,4,6,0.64,74,Full Body,1,45,442,1
U2072,34,Female,188,108.9,30.8,Lose Weight,Advanced,Gym,7.8,0,0,0.81,65,Lower Body,3,59,482,1
U2073,44,Male,153,42.8,18.3,Improve Fitness,Beginner,Gym,6.9,10,2,0.94,49,Full Body,1,41,373,1
U2074,45,Female,191,73.3,20.1,Lose Weight,Beginner,Home,7.2,3,5,0.54,60,Cardio,1,45,305,1
U2075,32,Male,175,69.5,22.7,Gain Strength,Beginner,Gym,5.6,2,2,0.54,82,Push,1,60,559,1
U2076,37,Male,166,52.4,19,Build Muscle,Advanced,Home,5.3,4,0,0.61,82,Full Body,3,54,447,1
U2077,23,Male,172,70.1,23.7,Improve Fitness,Beginner,Gym,6.6,1,3,0.73,45,Full Body,1,42,318,1
U2078,31,Male,182,88.1,26.6,Improve Fitness,Beginner,Gym,7.5,8,4,0.65,87,Recovery,1,32,255,1
U2079,26,Male,160,50.7,19.8,Improve Fitness,Beginner,Gym,8.3,6,2,0.75,66,Cardio,1,43,426,1
U2080,44,Male,175,74.7,24.4,Lose Weight,Beginner,Gym,7,7,5,0.94,55,Lower Body,1,55,603,1
U2081,36,Male,156,51.8,21.3,Lose Weight,Beginner,Mixed,8.2,6,1,0.61,85,Full Body,1,59,641,1
U2082,35,Male,157,77.9,31.6,Gain Strength,Beginner,Home,6.7,5,3,0.84,54,Push,1,68,642,1
U2083,41,Female,175,84.8,27.7,Gain Strength,Advanced,Gym,7.3,0,3,0.81,62,Lower Body,3,65,427,1
U2084,42,Male,174,53,17.5,Lose Weight,Beginner,Mixed,7.7,2,1,0.35,67,Full Body,1,42,276,1
U2085,28,Female,156,69.4,28.5,Gain Strength,Beginner,Gym,7.3,1,4,1,87,Upper Body,1,52,534,1
U2086,19,Female,165,59.4,21.8,Lose Weight,Intermediate,Gym,7.1,8,6,0.71,48,Cardio,2,34,345,1
U2087,39,Female,188,72.8,20.6,Gain Strength,Beginner,Mixed,6.5,10,1,0.35,72,Pull,1,65,514,0
U2088,32,Female,152,54.3,23.5,Gain Strength,Beginner,Gym,5.3,2,1,0.79,82,Lower Body,1,61,453,1
U2089,37,Female,167,71.1,25.5,Lose Weight,Beginner,Home,6.7,10,5,0.83,82,Recovery,1,35,328,1
U2090,31,Female,195,98.1,25.8,Gain Strength,Intermediate,Gym,6.2,8,4,0.77,89,Push,2,55,534,1
U2091,39,Male,173,65.8,22,Build Muscle,Beginner,Gym,9.4,5,6,0.63,72,Full Body,1,50,493,1
U2092,23,Female,184,73.5,21.7,Build Muscle,Intermediate,Mixed,7.3,4,2,0.41,63,Push,2,57,454,1
U2093,38,Male,190,71.8,19.9,Improve Fitness,Intermediate,Home,7.2,4,6,0.9,81,Full Body,2,57,444,1
U2094,39,Female,161,44.1,17,Lose Weight,Beginner,Mixed,9.3,7,1,0.77,60,Recovery,1,30,325,1
U2095,25,Female,183,84.4,25.2,Lose Weight,Intermediate,Gym,7.3,8,0,0.6,74,Full Body,2,51,575,1
U2096,45,Female,151,49.9,21.9,Lose Weight,Intermediate,Home,6.7,4,6,0.6,50,Cardio,2,36,382,1
U2097,20,Male,180,81.3,25.1,Lose Weight,Beginner,Gym,7.7,5,4,0.81,84,Cardio,1,32,254,1
U2098,21,Female,170,74.9,25.9,Build Muscle,Beginner,Gym,6.5,9,1,0.87,51,Lower Body,1,50,336,1
U2099,37,Female,159,52.3,20.7,Gain Strength,Intermediate,Gym,6,1,0,0.91,86,Upper Body,2,43,406,1
U2100,33,Male,188,93.7,26.5,Gain Strength,Beginner,Gym,8.3,4,2,0.56,77,Push,1,49,508,1
U2101,31,Male,170,69.4,24,Improve Fitness,Intermediate,Gym,8,7,4,0.7,66,Cardio,2,35,399,1
U2102,39,Female,184,90.7,26.8,Lose Weight,Intermediate,Gym,8.1,5,6,0.6,71,Lower Body,2,43,487,1
U2103,43,Female,171,58.8,20.1,Build Muscle,Advanced,Gym,4.5,0,0,0.76,81,Push,3,52,587,1
U2104,22,Male,170,74,25.6,Improve Fitness,Beginner,Gym,5,5,3,0.66,38,Full Body,1,60,420,0
U2105,27,Female,183,101.5,30.3,Lose Weight,Beginner,Home,5.9,7,1,0.95,86,Full Body,1,54,524,1
U2106,22,Male,158,51.7,20.7,Lose Weight,Intermediate,Home,5.9,2,2,0.78,59,Cardio,2,46,486,1
U2107,41,Male,162,65.3,24.9,Gain Strength,Beginner,Home,6.6,10,0,0.4,38,Legs,1,73,563,0
U2108,26,Female,160,65.3,25.5,Build Muscle,Intermediate,Gym,6.5,8,1,0.62,82,Upper Body,2,65,714,1
U2109,33,Female,170,85,29.4,Build Muscle,Advanced,Home,6.8,4,3,0.66,79,Push,3,55,582,1
U2110,45,Female,174,56.9,18.8,Improve Fitness,Intermediate,Home,7.3,6,0,0.82,82,Cardio,2,44,437,1
U2111,24,Female,195,64.6,17,Gain Strength,Advanced,Home,6.3,2,6,0.56,73,Lower Body,3,59,446,1
U2112,31,Male,156,64.5,26.5,Gain Strength,Intermediate,Home,8.7,9,0,0.63,64,Legs,2,73,712,0
U2113,40,Male,186,101.4,29.3,Improve Fitness,Intermediate,Gym,7.4,4,2,0.95,76,Cardio,2,50,365,1
U2114,30,Female,165,53.4,19.6,Improve Fitness,Intermediate,Gym,5.6,4,4,0.44,81,Lower Body,2,54,351,1
U2115,36,Male,178,93.5,29.5,Build Muscle,Beginner,Gym,9.1,9,3,0.87,89,Upper Body,1,50,469,1
U2116,35,Male,158,55.2,22.1,Build Muscle,Intermediate,Home,5.8,1,1,0.87,78,Lower Body,2,48,494,1
U2117,33,Female,183,83.7,25,Lose Weight,Advanced,Gym,7.5,10,1,0.78,91,Full Body,3,51,567,1
U2118,43,Male,162,78.5,29.9,Build Muscle,Advanced,Gym,7.7,6,5,0.87,79,Push,3,47,510,1
U2119,36,Male,151,51.5,22.6,Gain Strength,Intermediate,Gym,7.9,9,5,0.47,87,Pull,2,60,543,1
U2120,19,Male,150,43.9,19.5,Lose Weight,Advanced,Gym,7.4,10,4,0.57,80,Full Body,3,52,368,1
U2121,23,Male,193,90.9,24.4,Improve Fitness,Advanced,Gym,5.3,10,1,0.8,63,Full Body,3,43,288,1
U2122,37,Male,178,89.3,28.2,Build Muscle,Beginner,Home,7.1,8,6,0.79,57,Legs,1,51,477,1
U2123,31,Female,171,64.3,22,Build Muscle,Beginner,Gym,6.6,10,5,0.87,97,Lower Body,1,40,417,1
U2124,39,Female,190,76.2,21.1,Lose Weight,Advanced,Mixed,8.3,9,5,0.33,54,Cardio,3,34,253,1
U2125,45,Female,172,60.6,20.5,Gain Strength,Intermediate,Gym,5.6,10,0,0.43,78,Upper Body,2,62,556,0
U2126,18,Male,164,63.5,23.6,Improve Fitness,Beginner,Gym,7.5,6,2,0.84,75,Cardio,1,42,470,1
U2127,41,Male,151,62.2,27.3,Build Muscle,Intermediate,Gym,7,1,2,0.51,87,Upper Body,2,45,431,1
U2128,32,Male,177,68.9,22,Lose Weight,Intermediate,Gym,6.1,2,1,0.69,58,Lower Body,2,60,582,1
U2129,25,Female,152,52.4,22.7,Build Muscle,Beginner,Home,7.5,6,3,0.78,58,Legs,1,64,557,1
U2130,39,Female,173,67.3,22.5,Build Muscle,Intermediate,Mixed,8.3,4,3,0.81,100,Lower Body,2,57,387,1
U2131,21,Male,152,68.2,29.5,Build Muscle,Intermediate,Home,8.4,6,4,0.47,83,Pull,2,47,426,1
U2132,35,Male,183,81.4,24.3,Build Muscle,Intermediate,Gym,6.5,1,1,0.75,86,Legs,2,51,435,1
U2133,21,Male,153,62.3,26.6,Lose Weight,Beginner,Gym,6.1,0,6,0.85,62,Lower Body,1,52,383,1
U2134,40,Male,151,57.9,25.4,Build Muscle,Beginner,Gym,6.8,8,5,0.68,83,Pull,1,60,558,1
U2135,28,Male,192,74.1,20.1,Gain Strength,Intermediate,Home,9.2,2,6,0.39,63,Upper Body,2,44,363,1
U2136,20,Male,158,65.2,26.1,Gain Strength,Intermediate,Gym,7.7,4,3,0.7,71,Legs,2,45,471,1
U2137,19,Female,187,91.6,26.2,Lose Weight,Intermediate,Mixed,6.8,0,0,0.97,84,Full Body,2,47,498,1
U2138,36,Female,186,97.6,28.2,Build Muscle,Beginner,Mixed,6,1,2,0.71,67,Lower Body,1,58,463,1
U2139,44,Female,175,62.2,20.3,Gain Strength,Intermediate,Gym,7.5,3,5,0.62,81,Push,2,66,627,1
U2140,41,Female,156,48.7,20,Lose Weight,Beginner,Gym,9,3,3,0.56,75,Cardio,1,45,463,1
U2141,31,Male,163,73.9,27.8,Gain Strength,Advanced,Home,6.5,9,2,0.87,53,Legs,3,47,344,1
U2142,31,Male,151,69.8,30.6,Build Muscle,Beginner,Gym,7.1,8,6,0.61,67,Push,1,50,482,1
U2143,39,Female,156,67.9,27.9,Gain Strength,Advanced,Gym,6.5,1,1,0.59,68,Pull,3,59,630,1
U2144,34,Female,192,72.3,19.6,Lose Weight,Intermediate,Mixed,9.1,8,3,0.62,84,Lower Body,2,51,464,1
U2145,41,Male,186,87.9,25.4,Improve Fitness,Advanced,Gym,6,0,4,0.72,83,Full Body,3,57,560,1
U2146,44,Male,162,62.2,23.7,Lose Weight,Beginner,Home,8.4,1,6,0.9,85,Full Body,1,56,585,1
U2147,37,Female,185,77.3,22.6,Improve Fitness,Beginner,Home,5.9,6,4,0.61,74,Recovery,1,35,352,1
U2148,26,Male,187,93.7,26.8,Lose Weight,Beginner,Gym,4.7,8,5,0.72,74,Cardio,1,39,322,1
U2149,42,Female,187,81.5,23.3,Gain Strength,Intermediate,Home,8.5,6,1,0.8,91,Pull,2,65,547,1
U2150,25,Female,189,84.3,23.6,Lose Weight,Beginner,Gym,8.1,2,0,1,91,Full Body,1,50,469,1
U2151,25,Female,167,55.5,19.9,Lose Weight,Beginner,Gym,6.8,9,6,0.66,79,Lower Body,1,59,395,1
U2152,31,Male,166,75.5,27.4,Lose Weight,Beginner,Mixed,6.2,8,3,0.73,41,Full Body,1,40,302,1
U2153,44,Male,187,107,30.6,Improve Fitness,Advanced,Gym,6.5,10,6,0.73,67,Recovery,3,25,213,1
U2154,18,Female,161,75.9,29.3,Improve Fitness,Beginner,Gym,4.5,8,4,0.72,70,Full Body,1,45,325,1
U2155,21,Male,177,70.8,22.6,Build Muscle,Beginner,Gym,9,4,2,0.56,83,Push,1,60,409,1
U2156,34,Male,194,97.9,26,Build Muscle,Intermediate,Home,8.5,10,0,0.6,61,Legs,2,48,418,1
U2157,31,Male,164,78.3,29.1,Gain Strength,Intermediate,Mixed,7.6,10,3,0.44,63,Lower Body,2,62,705,0
U2158,30,Female,169,74.5,26.1,Improve Fitness,Beginner,Gym,8,1,2,0.6,30,Full Body,1,41,389,1
U2159,23,Male,193,99.5,26.7,Gain Strength,Advanced,Gym,5.8,6,5,0.36,30,Push,3,47,358,0
U2160,37,Female,163,74.1,27.9,Lose Weight,Beginner,Mixed,7.2,10,1,0.68,92,Cardio,1,40,269,1
U2161,37,Female,158,67.9,27.2,Build Muscle,Advanced,Gym,8.9,0,2,0.47,71,Full Body,3,57,384,1
U2162,43,Female,166,48.8,17.7,Build Muscle,Intermediate,Mixed,6.8,5,3,0.68,81,Lower Body,2,65,732,1
U2163,42,Female,164,66.4,24.7,Build Muscle,Intermediate,Home,7.8,6,1,0.85,100,Pull,2,70,724,1
U2164,28,Female,153,54.3,23.2,Build Muscle,Intermediate,Home,6.1,5,1,0.76,59,Full Body,2,45,333,1
U2165,42,Female,177,96.2,30.7,Improve Fitness,Intermediate,Home,6.8,4,3,0.62,64,Full Body,2,42,331,1
U2166,21,Male,173,82.3,27.5,Improve Fitness,Advanced,Mixed,6.9,4,4,0.6,96,Upper Body,3,43,406,1
U2167,30,Female,195,79.5,20.9,Lose Weight,Intermediate,Gym,7.1,1,1,0.84,47,Full Body,2,40,341,1
U2168,26,Male,190,95.7,26.5,Gain Strength,Beginner,Home,5.9,2,0,0.87,57,Pull,1,52,491,1
U2169,30,Male,179,87.8,27.4,Lose Weight,Advanced,Home,8.3,5,2,0.88,75,Recovery,3,25,191,1
U2170,28,Female,173,70.3,23.5,Gain Strength,Advanced,Gym,6.5,0,5,0.98,61,Lower Body,3,50,509,1
U2171,45,Male,154,47.7,20.1,Build Muscle,Advanced,Gym,7.8,7,2,0.58,57,Upper Body,3,64,660,1
U2172,25,Female,191,67.1,18.4,Lose Weight,Intermediate,Gym,6.6,0,1,0.71,75,Lower Body,2,60,552,1
U2173,43,Male,188,100.7,28.5,Gain Strength,Advanced,Mixed,7.7,4,2,0.69,69,Upper Body,3,50,461,1
U2174,44,Male,167,74.2,26.6,Lose Weight,Beginner,Mixed,8.5,4,0,0.74,64,Cardio,1,46,364,1
U2175,20,Female,172,60.1,20.3,Improve Fitness,Beginner,Gym,5.5,10,2,0.84,80,Full Body,1,57,389,1
U2176,37,Male,178,85.2,26.9,Gain Strength,Intermediate,Gym,7,10,5,0.97,64,Upper Body,2,57,644,1
U2177,34,Female,184,96.5,28.5,Gain Strength,Intermediate,Home,7.1,6,4,0.61,80,Legs,2,60,429,1
U2178,33,Male,167,73.1,26.2,Gain Strength,Intermediate,Gym,7.5,3,0,0.73,71,Upper Body,2,46,448,1
U2179,36,Female,160,88.3,34.5,Lose Weight,Beginner,Home,8.4,2,0,0.85,73,Recovery,1,35,379,1
U2180,19,Male,160,73.5,28.7,Build Muscle,Beginner,Gym,7.7,2,1,0.72,67,Push,1,67,562,1
U2181,19,Male,182,80.2,24.2,Gain Strength,Intermediate,Mixed,4.5,10,3,0.76,64,Upper Body,2,51,534,0
U2182,27,Male,165,84.9,31.2,Improve Fitness,Beginner,Gym,7.1,3,5,0.51,71,Recovery,1,21,203,1
U2183,24,Female,169,57.4,20.1,Lose Weight,Advanced,Gym,7.6,10,6,0.77,86,Cardio,3,36,300,1
U2184,44,Female,171,62,21.2,Improve Fitness,Intermediate,Gym,7.1,1,2,0.47,82,Full Body,2,53,364,1
U2185,38,Female,173,79.9,26.7,Build Muscle,Beginner,Gym,7.6,3,2,0.72,78,Push,1,48,497,1
U2186,33,Male,183,104.5,31.2,Lose Weight,Beginner,Home,6.8,3,3,0.74,55,Full Body,1,57,531,1
U2187,30,Male,174,63.3,20.9,Lose Weight,Intermediate,Gym,7.2,8,3,0.92,68,Full Body,2,56,536,1
U2188,29,Male,173,70.3,23.5,Gain Strength,Beginner,Gym,6.7,1,4,0.62,76,Legs,1,45,389,1
U2189,40,Female,179,58.3,18.2,Gain Strength,Intermediate,Home,8.5,2,3,0.6,82,Push,2,69,718,1
U2190,29,Female,182,63.6,19.2,Build Muscle,Advanced,Gym,7.8,7,2,0.84,77,Upper Body,3,65,453,1
U2191,39,Male,167,56.6,20.3,Build Muscle,Intermediate,Gym,7.4,2,3,0.51,68,Pull,2,55,481,1
U2192,43,Female,173,86.2,28.8,Build Muscle,Beginner,Mixed,8,5,5,0.72,57,Pull,1,69,739,1
U2193,22,Male,173,81.4,27.2,Lose Weight,Beginner,Home,7.1,0,0,0.3,83,Full Body,1,53,563,1
U2194,26,Female,161,63.2,24.4,Lose Weight,Advanced,Home,8.4,4,0,0.52,30,Cardio,3,46,463,1
U2195,25,Male,158,64.2,25.7,Improve Fitness,Beginner,Mixed,7.4,8,6,0.42,57,Upper Body,1,57,569,0
U2196,19,Male,157,88.7,36,Lose Weight,Advanced,Home,6.8,7,6,0.85,62,Cardio,3,40,332,1
U2197,44,Female,153,39.8,17,Gain Strength,Beginner,Gym,6.9,7,0,0.67,66,Upper Body,1,62,429,0
U2198,34,Female,185,82.1,24,Gain Strength,Intermediate,Gym,7.4,10,1,0.69,53,Upper Body,2,53,379,0
U2199,26,Female,180,85.9,26.5,Gain Strength,Beginner,Home,5,9,6,0.35,83,Upper Body,1,57,431,0
U2200,42,Male,152,61.5,26.6,Build Muscle,Beginner,Gym,7,8,5,0.47,61,Upper Body,1,65,659,1
U2201,32,Female,183,78.4,23.4,Gain Strength,Intermediate,Gym,5.3,2,3,0.59,81,Legs,2,68,507,1
U2202,35,Male,195,116,30.5,Improve Fitness,Advanced,Mixed,6.6,8,1,0.86,43,Cardio,3,40,341,1
U2203,22,Male,171,79.8,27.3,Build Muscle,Beginner,Gym,6.2,4,5,0.78,68,Push,1,55,401,1
U2204,36,Male,150,67.5,30,Lose Weight,Intermediate,Gym,6.1,5,0,0.83,67,Cardio,2,30,264,1
U2205,34,Female,156,57.9,23.8,Lose Weight,Intermediate,Gym,6.9,4,5,0.57,71,Recovery,2,32,307,1
U2206,25,Female,167,67.5,24.2,Gain Strength,Beginner,Gym,7.4,0,0,0.74,83,Upper Body,1,58,629,1
U2207,19,Male,160,72.7,28.4,Improve Fitness,Intermediate,Home,5.9,0,0,0.88,54,Full Body,2,45,424,1
U2208,32,Female,152,62.4,27,Lose Weight,Beginner,Mixed,7.8,1,6,0.38,73,Full Body,1,54,551,1
U2209,39,Female,191,82.1,22.5,Build Muscle,Beginner,Home,6.3,1,0,0.96,62,Push,1,51,383,1
U2210,36,Male,150,47.5,21.1,Build Muscle,Beginner,Gym,7.2,3,3,0.84,69,Push,1,62,699,1
U2211,38,Female,189,105,29.4,Lose Weight,Beginner,Gym,7.7,5,6,0.33,64,Lower Body,1,42,279,1
U2212,31,Female,186,76.5,22.1,Improve Fitness,Beginner,Gym,7.6,9,3,0.25,100,Recovery,1,21,141,0
U2213,40,Male,180,86.5,26.7,Lose Weight,Intermediate,Gym,7.3,3,5,0.93,100,Cardio,2,39,254,1
U2214,33,Female,174,85.4,28.2,Gain Strength,Intermediate,Gym,8.1,0,1,0.74,69,Push,2,60,429,1
U2215,30,Male,168,63.5,22.5,Build Muscle,Intermediate,Gym,6.2,0,5,0.6,51,Push,2,54,355,1
U2216,43,Male,186,83.7,24.2,Build Muscle,Advanced,Gym,5.2,10,0,0.75,71,Pull,3,58,381,1
U2217,21,Male,174,76,25.1,Lose Weight,Beginner,Gym,6.5,0,2,1,92,Lower Body,1,57,499,1
U2218,45,Male,155,46.4,19.3,Build Muscle,Intermediate,Home,7.4,4,1,0.61,56,Pull,2,70,457,1
U2219,40,Male,179,60.6,18.9,Lose Weight,Intermediate,Gym,7.6,7,3,0.6,86,Lower Body,2,45,343,1
U2220,42,Male,161,74.4,28.7,Build Muscle,Intermediate,Gym,8.6,10,6,0.57,79,Upper Body,2,56,618,1
U2221,41,Male,193,101.3,27.2,Lose Weight,Beginner,Gym,6.6,1,4,0.58,96,Full Body,1,57,532,1
U2222,32,Female,160,65.3,25.5,Gain Strength,Beginner,Home,7.8,0,5,0.57,53,Push,1,62,669,1
U2223,20,Female,188,78.1,22.1,Improve Fitness,Intermediate,Home,7,2,6,0.53,71,Cardio,2,39,394,1
U2224,33,Male,150,39.2,17.4,Build Muscle,Intermediate,Home,5.9,8,1,0.84,81,Upper Body,2,48,428,1
U2225,26,Male,158,57.2,22.9,Improve Fitness,Advanced,Home,6,1,3,0.54,66,Recovery,3,31,221,1
U2226,38,Male,158,67.9,27.2,Build Muscle,Beginner,Gym,8.1,2,1,0.63,54,Lower Body,1,47,393,1
U2227,24,Male,158,63.9,25.6,Lose Weight,Beginner,Mixed,6.2,6,2,0.63,91,Cardio,1,31,272,1
U2228,29,Female,187,97.9,28,Build Muscle,Intermediate,Gym,7.3,1,5,0.49,75,Push,2,58,398,1
U2229,27,Female,188,102.5,29,Build Muscle,Advanced,Home,6.7,8,1,0.96,91,Push,3,68,652,1
U2230,30,Male,159,79.6,31.5,Lose Weight,Intermediate,Gym,7.4,1,3,0.83,93,Full Body,2,52,457,1
U2231,42,Male,174,79.9,26.4,Build Muscle,Beginner,Gym,6.5,9,4,0.64,75,Lower Body,1,64,666,1
U2232,27,Male,178,60.5,19.1,Improve Fitness,Beginner,Gym,6.9,4,4,0.92,39,Upper Body,1,60,503,1
U2233,32,Male,158,77.1,30.9,Gain Strength,Beginner,Gym,8.3,1,0,0.64,80,Pull,1,58,476,1
U2234,38,Female,167,68.3,24.5,Gain Strength,Beginner,Gym,8.5,8,5,0.9,50,Lower Body,1,63,605,1
U2235,31,Male,190,97.5,27,Build Muscle,Beginner,Mixed,6.9,1,5,0.73,61,Upper Body,1,65,710,1
U2236,41,Female,179,101.9,31.8,Improve Fitness,Beginner,Gym,8.2,0,2,0.59,51,Cardio,1,37,254,1
U2237,40,Female,192,84.4,22.9,Lose Weight,Beginner,Gym,7.6,4,2,0.76,90,Lower Body,1,52,490,1
U2238,41,Female,190,100.4,27.8,Build Muscle,Beginner,Mixed,8.2,6,2,0.78,51,Legs,1,69,780,1
U2239,20,Female,163,63,23.7,Improve Fitness,Beginner,Gym,8.3,4,2,0.71,79,Full Body,1,50,371,1
U2240,30,Male,170,67,23.2,Gain Strength,Beginner,Gym,6,4,6,0.7,76,Legs,1,49,508,1
U2241,36,Male,167,60.5,21.7,Build Muscle,Beginner,Mixed,6.8,0,5,0.55,88,Full Body,1,45,491,1
U2242,24,Male,178,73.8,23.3,Lose Weight,Beginner,Home,8.7,3,0,1,70,Recovery,1,20,224,1
U2243,44,Female,160,52,20.3,Build Muscle,Beginner,Gym,4.8,8,3,0.46,51,Push,1,51,519,0
U2244,23,Female,182,100.4,30.3,Gain Strength,Beginner,Mixed,7.2,10,5,0.79,38,Legs,1,72,477,1
U2245,34,Female,171,57,19.5,Improve Fitness,Intermediate,Gym,8.1,7,3,0.77,69,Cardio,2,42,296,1
U2246,19,Male,190,97.1,26.9,Gain Strength,Intermediate,Mixed,8.9,8,0,0.68,73,Push,2,61,677,1
U2247,33,Male,158,63.2,25.3,Build Muscle,Beginner,Gym,9.5,3,0,0.34,82,Legs,1,48,495,1
U2248,34,Male,181,78.6,24,Improve Fitness,Advanced,Gym,7.7,3,3,0.6,71,Cardio,3,34,323,1
U2249,23,Female,165,74.9,27.5,Build Muscle,Intermediate,Mixed,9.5,5,6,0.87,59,Lower Body,2,64,676,1
U2250,25,Male,183,76,22.7,Lose Weight,Beginner,Gym,6.6,7,5,0.4,67,Full Body,1,47,424,1
U2251,19,Female,175,84.5,27.6,Build Muscle,Beginner,Mixed,5.7,0,4,0.91,79,Push,1,70,468,1
U2252,18,Female,157,52.7,21.4,Build Muscle,Beginner,Home,6.9,8,1,1,83,Lower Body,1,53,589,1
U2253,42,Female,184,82.9,24.5,Improve Fitness,Intermediate,Gym,6.8,5,3,0.73,64,Upper Body,2,44,488,1
U2254,34,Male,190,61.4,17,Build Muscle,Intermediate,Gym,9.3,2,2,0.75,77,Legs,2,75,508,1
U2255,23,Female,163,64.6,24.3,Lose Weight,Beginner,Gym,6.3,10,6,0.69,48,Full Body,1,60,595,1
U2256,33,Female,156,83,34.1,Gain Strength,Beginner,Home,5.7,3,6,0.53,65,Legs,1,49,336,1
U2257,42,Female,161,77.5,29.9,Lose Weight,Beginner,Home,7.1,10,3,0.5,90,Cardio,1,41,364,1
U2258,29,Female,166,76.1,27.6,Lose Weight,Intermediate,Mixed,7.7,10,0,0.85,100,Cardio,2,38,309,1
U2259,26,Male,186,116.6,33.7,Improve Fitness,Beginner,Home,6.3,9,1,1,77,Cardio,1,47,494,1
U2260,43,Male,151,60.7,26.6,Build Muscle,Beginner,Gym,5.2,0,0,0.69,59,Upper Body,1,44,302,1
U2261,24,Male,195,106.5,28,Lose Weight,Advanced,Gym,8.3,8,4,0.35,71,Full Body,3,58,500,1
U2262,33,Male,155,70.2,29.2,Gain Strength,Advanced,Gym,6.9,7,5,0.85,77,Pull,3,63,605,1
U2263,38,Female,172,76.6,25.9,Build Muscle,Intermediate,Gym,6.8,10,5,0.5,55,Legs,2,65,529,0
U2264,24,Male,182,91.1,27.5,Gain Strength,Intermediate,Home,7.1,2,1,0.7,65,Push,2,63,519,1
U2265,43,Female,167,64.7,23.2,Improve Fitness,Intermediate,Gym,8.3,4,3,0.66,51,Full Body,2,44,354,1
U2266,39,Female,181,90.4,27.6,Lose Weight,Intermediate,Home,6.9,4,0,0.73,96,Full Body,2,51,339,1
U2267,31,Male,172,72.2,24.4,Build Muscle,Beginner,Gym,7.4,9,5,0.51,68,Pull,1,50,344,1
U2268,38,Female,158,67.7,27.1,Lose Weight,Beginner,Gym,5.4,0,5,0.76,73,Cardio,1,30,219,1
U2269,31,Male,177,77.4,24.7,Build Muscle,Advanced,Mixed,8.2,9,2,0.78,94,Full Body,3,52,402,1
U2270,28,Female,168,57.3,20.3,Gain Strength,Beginner,Gym,7.2,1,6,0.74,55,Lower Body,1,59,455,1
U2271,40,Female,167,79.5,28.5,Lose Weight,Beginner,Home,9.5,4,3,0.72,79,Cardio,1,34,242,1
U2272,41,Female,163,66.2,24.9,Improve Fitness,Intermediate,Gym,6.3,8,4,0.39,61,Lower Body,2,64,598,0
U2273,22,Male,194,70.4,18.7,Build Muscle,Advanced,Home,9,7,2,0.7,66,Pull,3,67,548,1
U2274,43,Male,158,70.4,28.2,Build Muscle,Beginner,Gym,5.9,9,3,0.58,73,Lower Body,1,41,435,0
U2275,22,Female,156,70.1,28.8,Build Muscle,Beginner,Home,7.7,7,2,0.76,73,Lower Body,1,50,482,1
U2276,44,Female,150,59,26.2,Lose Weight,Beginner,Mixed,7.3,9,4,0.53,72,Cardio,1,38,309,1
U2277,30,Male,155,48.1,20,Build Muscle,Advanced,Home,7.2,0,1,0.63,100,Pull,3,66,712,1
U2278,24,Female,179,77.9,24.3,Build Muscle,Beginner,Gym,5.6,1,0,0.7,79,Pull,1,68,665,1
U2279,43,Male,152,72.8,31.5,Lose Weight,Advanced,Mixed,6.5,5,5,0.44,84,Full Body,3,48,524,1
U2280,38,Male,191,68.2,18.7,Gain Strength,Intermediate,Mixed,6.6,1,3,0.67,70,Pull,2,46,481,1
U2281,44,Female,153,64.1,27.4,Build Muscle,Intermediate,Home,6.3,4,3,0.67,71,Pull,2,69,517,1
U2282,22,Male,189,89.7,25.1,Gain Strength,Beginner,Gym,7.2,5,3,0.8,84,Legs,1,45,349,1
U2283,32,Female,154,61.9,26.1,Gain Strength,Beginner,Mixed,7.6,7,2,0.44,72,Lower Body,1,59,485,0
U2284,44,Female,165,72.1,26.5,Improve Fitness,Beginner,Gym,7.9,5,1,0.6,62,Full Body,1,58,445,1
U2285,24,Female,195,84,22.1,Improve Fitness,Intermediate,Gym,7.7,8,2,0.91,65,Cardio,2,32,335,1
U2286,27,Male,173,84.7,28.3,Build Muscle,Intermediate,Home,7.2,4,5,0.7,68,Lower Body,2,50,531,1
U2287,31,Male,189,98.6,27.6,Gain Strength,Intermediate,Mixed,7.5,4,0,1,59,Pull,2,70,506,1
U2288,34,Male,161,69.2,26.7,Build Muscle,Intermediate,Mixed,6.5,9,6,0.56,71,Upper Body,2,56,571,1
U2289,25,Female,165,68.3,25.1,Lose Weight,Intermediate,Home,9.5,1,6,0.69,55,Cardio,2,32,214,1
U2290,40,Female,194,96.3,25.6,Lose Weight,Intermediate,Home,4.8,0,5,0.7,72,Recovery,2,22,212,1
U2291,25,Male,172,82.2,27.8,Build Muscle,Advanced,Home,8.2,5,1,0.63,69,Legs,3,49,501,1
U2292,25,Male,185,72.9,21.3,Lose Weight,Beginner,Gym,5.9,4,1,0.78,52,Cardio,1,35,330,1
U2293,38,Female,162,59.8,22.8,Improve Fitness,Intermediate,Gym,6,8,6,0.82,99,Full Body,2,49,440,1
U2294,37,Female,150,42.8,19,Build Muscle,Beginner,Gym,5.1,5,4,0.7,72,Upper Body,1,65,568,1
U2295,26,Male,175,77.8,25.4,Lose Weight,Intermediate,Gym,6.6,9,5,0.68,77,Cardio,2,38,279,1
U2296,29,Male,151,65.9,28.9,Lose Weight,Advanced,Gym,4.9,1,1,0.65,75,Lower Body,3,44,416,1
U2297,21,Male,170,59.5,20.6,Improve Fitness,Advanced,Home,9,3,0,0.61,71,Full Body,3,58,570,1
U2298,43,Male,191,97.8,26.8,Lose Weight,Intermediate,Home,6.4,10,6,0.39,65,Recovery,2,21,190,0
U2299,38,Female,156,70.1,28.8,Build Muscle,Intermediate,Gym,6.7,8,6,0.57,85,Lower Body,2,42,444,1
U2300,20,Male,159,58.4,23.1,Build Muscle,Intermediate,Home,6.5,5,5,0.75,83,Pull,2,58,521,1
U2301,30,Female,150,77.6,34.5,Build Muscle,Intermediate,Gym,8,4,4,0.93,64,Legs,2,71,476,1
U2302,30,Male,186,69.9,20.2,Improve Fitness,Advanced,Gym,7.2,10,4,0.74,55,Cardio,3,46,391,1
U2303,45,Female,169,68,23.8,Gain Strength,Beginner,Gym,7.5,2,1,0.78,79,Pull,1,67,484,1
U2304,20,Male,161,66.6,25.7,Build Muscle,Intermediate,Gym,6.5,2,4,0.63,54,Pull,2,60,621,1
U2305,40,Male,155,76.9,32,Lose Weight,Intermediate,Gym,7.1,6,4,0.68,58,Full Body,2,56,419,1
U2306,41,Male,153,84.3,36,Build Muscle,Beginner,Gym,5.9,2,5,0.64,78,Push,1,68,626,1
U2307,24,Male,150,60.8,27,Build Muscle,Beginner,Mixed,8.2,4,1,1,79,Lower Body,1,53,567,1
U2308,37,Male,192,74.1,20.1,Gain Strength,Intermediate,Gym,6.8,7,3,0.78,100,Legs,2,74,546,1
U2309,35,Male,182,61.6,18.6,Lose Weight,Beginner,Home,8.4,3,1,0.75,84,Lower Body,1,57,630,1
U2310,42,Female,161,62.5,24.1,Lose Weight,Beginner,Gym,6.2,4,6,0.86,81,Cardio,1,36,396,1
U2311,40,Male,156,69.6,28.6,Gain Strength,Intermediate,Home,7.1,3,2,0.61,48,Lower Body,2,64,651,1
U2312,40,Male,175,85.4,27.9,Improve Fitness,Intermediate,Gym,7.6,10,0,0.55,63,Cardio,2,48,336,0
U2313,38,Female,165,61.3,22.5,Gain Strength,Intermediate,Gym,5.5,7,3,0.57,54,Push,2,58,448,0
U2314,40,Female,172,67.5,22.8,Gain Strength,Beginner,Home,6.3,2,5,0.43,100,Pull,1,69,646,1
U2315,21,Male,170,86.1,29.8,Lose Weight,Beginner,Gym,6.2,9,1,0.77,78,Cardio,1,49,505,1
U2316,41,Female,158,73.6,29.5,Lose Weight,Intermediate,Gym,6.2,10,3,0.92,63,Cardio,2,43,412,1
U2317,33,Male,185,64.7,18.9,Build Muscle,Intermediate,Gym,7.9,10,5,0.95,100,Legs,2,53,395,1
U2318,37,Female,157,48.1,19.5,Lose Weight,Beginner,Mixed,7.9,8,5,0.65,83,Cardio,1,48,498,1
U2319,35,Male,166,50.4,18.3,Build Muscle,Beginner,Home,5.7,10,5,0.58,73,Legs,1,71,602,1
U2320,32,Male,175,66.8,21.8,Lose Weight,Intermediate,Mixed,7.8,0,6,0.9,80,Full Body,2,48,312,1
U2321,35,Male,192,115.4,31.3,Gain Strength,Beginner,Gym,7.6,8,4,0.5,92,Pull,1,56,405,1
U2322,32,Female,150,49.5,22,Build Muscle,Beginner,Home,8.1,6,6,1,78,Upper Body,1,40,337,1
U2323,21,Female,186,63,18.2,Build Muscle,Beginner,Gym,6.1,4,3,0.96,69,Legs,1,65,575,1
U2324,31,Male,151,56.5,24.8,Build Muscle,Intermediate,Gym,7.9,1,0,0.85,76,Pull,2,64,570,1
U2325,39,Female,177,73.9,23.6,Lose Weight,Advanced,Mixed,6.8,5,1,0.87,80,Cardio,3,42,464,1
U2326,37,Female,180,75.8,23.4,Build Muscle,Advanced,Home,8.3,2,6,0.7,59,Push,3,51,443,1
U2327,18,Female,181,69.8,21.3,Build Muscle,Advanced,Gym,6,4,5,0.67,90,Lower Body,3,43,461,1
U2328,44,Male,184,71.4,21.1,Build Muscle,Beginner,Mixed,7.3,2,2,0.6,68,Pull,1,67,436,1
U2329,25,Female,158,45.4,18.2,Gain Strength,Advanced,Mixed,6.9,1,5,0.69,80,Upper Body,3,45,466,1
U2330,35,Male,189,90.7,25.4,Build Muscle,Beginner,Home,5.8,8,2,0.92,75,Push,1,49,417,1
U2331,34,Female,181,82.9,25.3,Lose Weight,Beginner,Gym,7.1,5,0,0.63,75,Full Body,1,49,393,1
U2332,33,Male,173,79.3,26.5,Lose Weight,Beginner,Gym,5.2,7,6,0.62,68,Full Body,1,54,568,1
U2333,36,Female,162,67.2,25.6,Build Muscle,Intermediate,Home,8.4,0,2,0.58,64,Pull,2,61,663,1
U2334,20,Male,165,60.7,22.3,Gain Strength,Intermediate,Home,6.2,2,3,0.66,83,Lower Body,2,42,347,1
U2335,23,Female,184,68.1,20.1,Lose Weight,Beginner,Mixed,7.6,6,1,0.41,63,Cardio,1,40,325,0
U2336,39,Male,170,66.8,23.1,Gain Strength,Intermediate,Mixed,8.9,8,0,0.67,38,Push,2,66,715,0
U2337,33,Male,180,55.1,17,Lose Weight,Beginner,Gym,7.1,6,4,0.83,77,Recovery,1,29,225,1
U2338,30,Female,166,69.4,25.2,Improve Fitness,Beginner,Home,8.4,9,4,0.62,85,Upper Body,1,50,381,1
U2339,18,Male,193,65.6,17.6,Gain Strength,Beginner,Home,6.1,8,4,0.39,67,Legs,1,57,637,0
U2340,42,Female,189,86.8,24.3,Gain Strength,Advanced,Home,7.2,7,4,0.73,58,Pull,3,60,561,1
U2341,42,Male,183,79.4,23.7,Gain Strength,Intermediate,Gym,5.5,2,0,0.97,67,Legs,2,72,763,1
U2342,27,Male,190,80.9,22.4,Lose Weight,Advanced,Mixed,8.8,7,0,0.5,55,Recovery,3,29,322,0
U2343,31,Female,160,50.9,19.9,Lose Weight,Beginner,Gym,7,1,1,0.8,83,Full Body,1,56,395,1
U2344,20,Male,189,126.1,35.3,Improve Fitness,Intermediate,Gym,4.6,4,2,0.83,63,Cardio,2,49,433,1
U2345,19,Female,170,63.6,22,Build Muscle,Advanced,Mixed,6.4,9,1,0.56,97,Pull,3,55,563,1
U2346,42,Female,150,63,28,Gain Strength,Intermediate,Gym,7.1,10,3,0.96,49,Push,2,52,402,1
U2347,45,Male,186,65.4,18.9,Improve Fitness,Beginner,Home,4.7,5,2,0.59,74,Full Body,1,58,608,0
U2348,45,Male,152,57.5,24.9,Build Muscle,Beginner,Gym,7.3,3,5,0.47,84,Legs,1,70,526,1
U2349,42,Female,158,63.7,25.5,Improve Fitness,Beginner,Home,7.9,8,5,0.38,76,Cardio,1,36,235,0
U2350,28,Female,177,61.1,19.5,Build Muscle,Intermediate,Gym,6.7,10,1,0.82,73,Push,2,52,430,1
U2351,43,Male,156,50.9,20.9,Lose Weight,Beginner,Mixed,7.1,9,0,0.44,89,Full Body,1,55,520,0
U2352,42,Female,176,73.1,23.6,Build Muscle,Advanced,Gym,8.3,8,0,0.63,64,Pull,3,66,723,1
U2353,37,Female,170,61.6,21.3,Lose Weight,Beginner,Gym,8.1,10,2,0.59,81,Full Body,1,51,470,1
U2354,22,Female,163,60.8,22.9,Build Muscle,Beginner,Gym,4.9,6,1,0.62,54,Full Body,1,60,548,0
U2355,36,Male,187,86,24.6,Build Muscle,Beginner,Gym,5.8,6,4,0.89,70,Lower Body,1,59,568,1
U2356,40,Male,186,82.3,23.8,Build Muscle,Intermediate,Home,7.8,4,4,0.89,71,Legs,2,52,477,1
U2357,32,Male,181,69.8,21.3,Build Muscle,Beginner,Gym,5.1,10,3,0.6,62,Lower Body,1,41,308,0
U2358,24,Male,182,82.5,24.9,Lose Weight,Intermediate,Gym,6.7,5,4,0.84,62,Cardio,2,36,383,1
U2359,21,Male,195,92.4,24.3,Build Muscle,Beginner,Mixed,8.4,5,1,0.78,71,Legs,1,57,445,1
U2360,23,Male,166,60.6,22,Build Muscle,Intermediate,Mixed,6.4,3,0,0.57,63,Upper Body,2,64,437,1
U2361,19,Female,194,104.3,27.7,Lose Weight,Intermediate,Gym,6.9,3,1,0.48,98,Cardio,2,47,450,1
U2362,21,Male,159,65.2,25.8,Gain Strength,Intermediate,Gym,5.6,9,5,0.64,73,Upper Body,2,46,339,1
U2363,20,Female,169,90.5,31.7,Gain Strength,Beginner,Gym,5.9,10,5,0.9,92,Pull,1,64,513,1
U2364,34,Female,156,53.3,21.9,Gain Strength,Beginner,Gym,6.8,2,4,0.53,68,Pull,1,46,478,1
U2365,25,Female,176,75.3,24.3,Gain Strength,Beginner,Gym,7.8,6,4,0.92,60,Legs,1,55,383,1
U2366,25,Male,171,49.7,17,Improve Fitness,Intermediate,Gym,7.1,7,1,0.77,75,Cardio,2,36,253,1
U2367,35,Female,186,79.9,23.1,Build Muscle,Intermediate,Mixed,7.2,10,3,0.99,77,Legs,2,55,434,1
U2368,31,Male,181,75,22.9,Build Muscle,Beginner,Mixed,6.5,1,3,0.69,96,Lower Body,1,47,484,1
U2369,27,Male,161,61.4,23.7,Lose Weight,Beginner,Gym,7.1,2,2,0.63,88,Cardio,1,32,251,1
U2370,41,Female,180,105.9,32.7,Improve Fitness,Beginner,Gym,7.6,10,1,0.73,72,Cardio,1,40,390,1
U2371,37,Female,185,58.2,17,Build Muscle,Advanced,Gym,7.9,5,6,0.74,78,Upper Body,3,43,422,1
U2372,28,Male,160,55,21.5,Gain Strength,Intermediate,Gym,6.7,4,5,0.65,87,Legs,2,70,602,1
U2373,24,Female,174,69.3,22.9,Improve Fitness,Advanced,Gym,9.4,4,2,0.8,52,Cardio,3,46,324,1
U2374,19,Female,168,67.7,24,Lose Weight,Intermediate,Gym,6.4,4,0,0.33,95,Cardio,2,42,341,1
U2375,25,Female,184,93.1,27.5,Build Muscle,Beginner,Gym,7.7,0,4,0.75,51,Push,1,58,419,1
U2376,45,Male,160,57.6,22.5,Build Muscle,Beginner,Home,8,7,5,0.53,34,Full Body,1,51,387,0
U2377,19,Male,151,53.6,23.5,Lose Weight,Beginner,Home,6.9,6,3,0.74,82,Cardio,1,49,509,1
U2378,20,Male,166,75,27.2,Build Muscle,Intermediate,Gym,7.4,1,3,0.94,49,Legs,2,51,543,1
U2379,39,Female,195,101.1,26.6,Lose Weight,Beginner,Gym,7.8,5,2,0.5,49,Full Body,1,53,357,1
U2380,37,Female,193,79.7,21.4,Build Muscle,Beginner,Mixed,6.4,3,3,0.86,62,Push,1,55,535,1
U2381,40,Female,171,61.1,20.9,Lose Weight,Intermediate,Mixed,6.4,4,1,0.92,72,Recovery,2,26,195,1
U2382,42,Male,167,66.1,23.7,Lose Weight,Beginner,Gym,7,9,4,0.95,60,Full Body,1,48,324,1
U2383,19,Male,167,83.7,30,Improve Fitness,Intermediate,Mixed,7.3,8,0,0.69,100,Upper Body,2,59,468,1
U2384,18,Male,175,61.6,20.1,Build Muscle,Intermediate,Gym,6.7,1,3,0.5,86,Pull,2,70,794,1
U2385,31,Female,160,80.9,31.6,Improve Fitness,Beginner,Mixed,8.9,0,0,0.94,69,Full Body,1,43,430,1
U2386,21,Male,193,85.7,23,Lose Weight,Beginner,Gym,5.3,10,2,1,79,Cardio,1,39,287,1
U2387,19,Female,177,70.2,22.4,Lose Weight,Beginner,Gym,8.6,3,4,0.54,78,Cardio,1,30,342,1
U2388,22,Female,154,56.4,23.8,Lose Weight,Beginner,Home,7.8,4,4,0.71,50,Full Body,1,53,580,1
U2389,42,Female,169,70.8,24.8,Lose Weight,Beginner,Mixed,8.3,10,1,0.71,83,Lower Body,1,43,413,1
U2390,28,Male,150,45.2,20.1,Lose Weight,Intermediate,Home,7.1,3,5,0.61,83,Cardio,2,38,340,1
U2391,31,Male,160,63,24.6,Improve Fitness,Intermediate,Home,7.9,2,6,0.92,82,Cardio,2,42,442,1
U2392,29,Female,159,64.7,25.6,Improve Fitness,Beginner,Gym,6,9,3,0.72,64,Lower Body,1,49,434,1
U2393,44,Male,192,85.2,23.1,Build Muscle,Beginner,Gym,6.7,0,0,0.54,42,Pull,1,63,449,1
U2394,28,Female,163,57.7,21.7,Build Muscle,Beginner,Gym,7.3,6,4,0.48,72,Push,1,55,523,1
U2395,42,Female,160,83.2,32.5,Lose Weight,Intermediate,Gym,8.2,6,5,1,77,Full Body,2,42,401,1
U2396,42,Male,184,99.5,29.4,Lose Weight,Intermediate,Gym,6.3,0,6,0.6,30,Full Body,2,47,423,1
U2397,45,Male,154,70,29.5,Lose Weight,Beginner,Mixed,8.8,8,0,0.62,68,Recovery,1,32,237,1
U2398,23,Female,169,60.8,21.3,Build Muscle,Intermediate,Gym,7.5,2,1,0.92,45,Lower Body,2,53,345,1
U2399,25,Female,159,66.2,26.2,Build Muscle,Intermediate,Mixed,6.8,6,0,0.74,78,Full Body,2,41,379,1
U2400,36,Male,155,56.9,23.7,Build Muscle,Beginner,Mixed,7,3,2,0.68,86,Full Body,1,47,328,1
U2401,44,Female,191,95.9,26.3,Lose Weight,Beginner,Home,7.3,10,6,0.49,66,Cardio,1,41,286,1
U2402,38,Female,190,102.2,28.3,Lose Weight,Intermediate,Mixed,7.1,0,5,0.84,98,Cardio,2,44,312,1
U2403,33,Male,185,98.9,28.9,Lose Weight,Advanced,Gym,7.2,0,3,0.63,33,Cardio,3,49,344,1
U2404,18,Male,189,85,23.8,Lose Weight,Intermediate,Gym,6.7,3,5,0.79,69,Full Body,2,55,490,1
U2405,44,Male,152,53.6,23.2,Lose Weight,Beginner,Mixed,5.1,0,1,0.55,79,Lower Body,1,41,269,1
U2406,38,Female,192,116.9,31.7,Improve Fitness,Beginner,Home,7,3,3,0.78,86,Recovery,1,25,246,1
U2407,30,Female,179,67.6,21.1,Build Muscle,Intermediate,Gym,7.5,7,5,0.59,84,Upper Body,2,58,579,1
U2408,22,Male,170,72.5,25.1,Build Muscle,Beginner,Gym,7.4,4,6,0.58,82,Push,1,45,512,1
U2409,44,Female,160,85.2,33.3,Build Muscle,Beginner,Home,6,1,4,0.66,75,Legs,1,72,491,1
U2410,18,Male,169,79.4,27.8,Improve Fitness,Intermediate,Home,6.5,1,6,0.21,92,Full Body,2,44,390,1
U2411,29,Female,194,104.3,27.7,Build Muscle,Intermediate,Gym,5.2,10,6,0.61,95,Full Body,2,49,322,1
U2412,21,Female,181,100.2,30.6,Lose Weight,Intermediate,Gym,8.1,8,6,0.69,73,Lower Body,2,50,511,1
U2413,45,Male,158,59.9,24,Lose Weight,Beginner,Gym,8.3,7,2,0.56,59,Lower Body,1,56,391,1
U2414,29,Female,159,72.6,28.7,Lose Weight,Advanced,Gym,7.1,10,6,0.97,61,Full Body,3,52,451,1
U2415,41,Female,167,67.8,24.3,Lose Weight,Intermediate,Gym,6.1,5,0,0.72,49,Full Body,2,46,387,1
U2416,26,Female,184,76.2,22.5,Improve Fitness,Intermediate,Gym,5.5,0,1,0.84,82,Full Body,2,47,375,1
U2417,20,Female,182,57,17.2,Gain Strength,Intermediate,Home,8.6,6,0,1,72,Push,2,69,587,1
U2418,22,Female,161,56.5,21.8,Lose Weight,Intermediate,Mixed,9.5,7,3,0.48,72,Full Body,2,54,480,1
U2419,20,Male,171,74,25.3,Build Muscle,Intermediate,Mixed,8.6,7,3,0.78,64,Upper Body,2,63,672,1
U2420,37,Male,176,63.5,20.5,Improve Fitness,Intermediate,Home,6.7,8,4,0.54,72,Recovery,2,27,207,1
U2421,18,Female,151,50.4,22.1,Gain Strength,Advanced,Home,5.5,2,3,0.95,64,Pull,3,59,386,1
U2422,24,Female,176,59.5,19.2,Lose Weight,Intermediate,Gym,6.9,7,3,0.73,45,Full Body,2,45,346,1
U2423,43,Female,159,65.5,25.9,Gain Strength,Intermediate,Mixed,5.9,2,3,1,79,Upper Body,2,55,386,1
U2424,20,Female,173,68.2,22.8,Gain Strength,Intermediate,Home,6.3,7,0,0.7,81,Legs,2,56,439,1
U2425,35,Female,186,84.4,24.4,Lose Weight,Beginner,Gym,6.9,1,6,0.73,62,Full Body,1,58,593,1
U2426,36,Male,156,56.2,23.1,Improve Fitness,Advanced,Gym,4.8,6,2,0.9,76,Cardio,3,31,273,1
U2427,42,Male,163,56.6,21.3,Gain Strength,Beginner,Mixed,9.2,7,6,0.74,56,Push,1,54,462,1
U2428,32,Male,166,77.4,28.1,Improve Fitness,Beginner,Gym,7.5,1,6,0.79,65,Lower Body,1,57,372,1
U2429,25,Male,175,80.8,26.4,Gain Strength,Beginner,Gym,6.8,5,4,0.82,43,Upper Body,1,47,414,1
U2430,23,Female,161,58.8,22.7,Lose Weight,Beginner,Mixed,9,1,6,0.58,62,Cardio,1,50,356,1
U2431,31,Female,178,71.6,22.6,Lose Weight,Beginner,Gym,5.8,2,4,0.32,68,Full Body,1,58,547,1
U2432,18,Female,150,56.5,25.1,Lose Weight,Intermediate,Gym,7,0,3,0.69,72,Full Body,2,40,402,1
U2433,21,Male,188,101.8,28.8,Build Muscle,Beginner,Gym,6.9,5,6,0.62,67,Lower Body,1,58,642,1
U2434,36,Male,161,69.7,26.9,Improve Fitness,Beginner,Gym,8.7,3,1,0.61,73,Full Body,1,51,562,1
U2435,43,Female,172,76.6,25.9,Improve Fitness,Beginner,Home,6,3,2,0.72,50,Full Body,1,52,483,1
U2436,40,Male,189,61.1,17.1,Build Muscle,Intermediate,Gym,7.5,2,2,0.65,75,Lower Body,2,57,378,1
U2437,36,Male,157,60.1,24.4,Build Muscle,Advanced,Gym,6,4,0,0.71,53,Push,3,69,655,1
U2438,22,Male,157,74.7,30.3,Build Muscle,Advanced,Gym,5.6,1,3,0.68,56,Legs,3,57,591,1
U2439,26,Male,186,93.1,26.9,Build Muscle,Beginner,Home,6.7,1,4,0.63,84,Push,1,67,513,1
U2440,30,Male,177,77.1,24.6,Improve Fitness,Beginner,Gym,7.7,10,6,0.54,50,Cardio,1,38,327,0
U2441,32,Male,151,57,25,Build Muscle,Intermediate,Home,6.7,8,2,0.83,70,Pull,2,50,413,1
U2442,25,Female,172,75.1,25.4,Build Muscle,Beginner,Gym,5.3,2,0,1,69,Legs,1,61,676,1
U2443,32,Male,166,75.5,27.4,Lose Weight,Advanced,Gym,6.2,4,6,0.78,52,Cardio,3,46,482,1
U2444,28,Male,187,92.3,26.4,Build Muscle,Advanced,Gym,6.7,8,3,0.73,82,Legs,3,51,524,1
U2445,36,Female,172,57.1,19.3,Build Muscle,Advanced,Mixed,6.3,2,2,0.8,100,Legs,3,55,573,1
U2446,29,Male,184,80.9,23.9,Build Muscle,Intermediate,Home,7.8,7,1,0.7,100,Pull,2,57,537,1
U2447,23,Female,169,49.1,17.2,Improve Fitness,Advanced,Home,7.2,5,5,0.43,34,Full Body,3,57,585,0
U2448,35,Male,172,76,25.7,Gain Strength,Intermediate,Home,7.3,2,6,0.67,70,Lower Body,2,64,496,1
U2449,23,Male,155,86.5,36,Improve Fitness,Beginner,Gym,6.8,4,0,0.81,62,Full Body,1,40,343,1
U2450,23,Female,152,59.4,25.7,Build Muscle,Beginner,Gym,6.8,5,6,0.65,99,Lower Body,1,60,401,1
U2451,40,Male,189,105,29.4,Build Muscle,Intermediate,Gym,7.3,3,1,0.31,66,Pull,2,49,341,0
U2452,36,Male,174,108.7,35.9,Improve Fitness,Intermediate,Gym,6.8,0,4,0.92,93,Full Body,2,50,512,1
U2453,44,Male,180,82.3,25.4,Improve Fitness,Advanced,Gym,6.2,3,5,0.28,82,Cardio,3,30,224,1
U2454,31,Male,178,66.9,21.1,Gain Strength,Intermediate,Mixed,7.3,10,0,0.5,68,Pull,2,65,506,0
U2455,40,Male,177,77.1,24.6,Build Muscle,Advanced,Home,7.4,6,2,0.52,89,Pull,3,50,548,1
U2456,34,Female,180,71.3,22,Improve Fitness,Advanced,Home,5.3,6,6,0.7,72,Upper Body,3,48,506,1
U2457,33,Female,171,73.7,25.2,Build Muscle,Intermediate,Gym,8.6,1,6,0.68,70,Lower Body,2,49,455,1
U2458,32,Female,167,55.5,19.9,Gain Strength,Beginner,Gym,8,3,2,0.75,65,Pull,1,63,649,1
U2459,18,Male,172,50.3,17,Improve Fitness,Intermediate,Gym,8.7,3,3,0.5,63,Lower Body,2,54,397,1
U2460,34,Female,195,98.9,26,Build Muscle,Intermediate,Mixed,5.8,0,4,0.45,40,Pull,2,68,473,1
U2461,41,Female,165,74.9,27.5,Build Muscle,Intermediate,Gym,6.5,0,4,1,57,Lower Body,2,49,438,1
U2462,38,Female,156,50.1,20.6,Build Muscle,Intermediate,Mixed,6.5,8,2,0.76,64,Pull,2,57,499,1
U2463,38,Female,176,83.9,27.1,Build Muscle,Beginner,Gym,6,10,3,0.47,45,Upper Body,1,62,564,0
U2464,44,Male,153,39.8,17,Build Muscle,Intermediate,Home,6.5,9,6,0.67,62,Push,2,67,442,1
U2465,25,Female,176,92,29.7,Gain Strength,Beginner,Gym,8.5,0,1,0.66,45,Upper Body,1,46,390,1
U2466,38,Female,192,81.5,22.1,Build Muscle,Intermediate,Gym,6.4,1,4,0.6,61,Full Body,2,53,419,1
U2467,20,Male,182,72.2,21.8,Lose Weight,Intermediate,Gym,6.7,3,4,0.61,75,Lower Body,2,46,369,1
U2468,44,Male,194,97.9,26,Lose Weight,Intermediate,Mixed,6.1,7,3,0.95,57,Cardio,2,50,359,1
U2469,44,Male,194,66.6,17.7,Lose Weight,Beginner,Mixed,7.5,6,6,0.57,76,Full Body,1,52,439,1
U2470,23,Male,154,40.3,17,Lose Weight,Beginner,Mixed,8.6,10,0,0.84,49,Full Body,1,59,528,1
U2471,35,Male,176,56.7,18.3,Gain Strength,Advanced,Home,8.9,3,3,0.59,59,Push,3,54,509,1
U2472,23,Male,163,45.2,17,Gain Strength,Intermediate,Home,6.7,10,1,0.68,82,Lower Body,2,62,408,1
U2473,27,Female,186,64.3,18.6,Lose Weight,Beginner,Gym,5.4,6,4,0.8,87,Cardio,1,47,430,1
U2474,26,Male,185,61.3,17.9,Improve Fitness,Intermediate,Gym,8.3,3,6,0.73,88,Full Body,2,54,486,1
U2475,18,Female,190,87.4,24.2,Lose Weight,Intermediate,Home,4.5,10,0,0.69,87,Cardio,2,33,366,1
U2476,39,Male,191,75.5,20.7,Lose Weight,Beginner,Gym,6.7,7,6,0.69,30,Cardio,1,31,270,1
U2477,19,Male,151,71.8,31.5,Lose Weight,Intermediate,Gym,6.1,1,3,0.81,70,Cardio,2,46,499,1
U2478,27,Female,183,99.8,29.8,Build Muscle,Advanced,Home,7.5,0,3,0.68,58,Push,3,65,451,1
U2479,31,Male,177,87.4,27.9,Improve Fitness,Intermediate,Home,5,6,6,0.84,55,Full Body,2,52,372,1
U2480,18,Male,189,106.4,29.8,Build Muscle,Beginner,Home,7.3,2,3,0.84,73,Push,1,51,492,1
U2481,23,Female,171,50,17.1,Improve Fitness,Intermediate,Mixed,6.2,0,0,0.84,74,Full Body,2,49,418,1
U2482,18,Male,159,74.6,29.5,Improve Fitness,Intermediate,Gym,7.5,2,4,0.55,60,Recovery,2,34,297,1
U2483,22,Female,165,67.8,24.9,Lose Weight,Beginner,Home,4.6,4,0,1,78,Cardio,1,43,454,1
U2484,43,Female,167,82.8,29.7,Gain Strength,Advanced,Mixed,5.4,4,6,0.94,100,Lower Body,3,47,427,1
U2485,26,Female,176,58.9,19,Build Muscle,Beginner,Gym,7.9,6,0,0.72,48,Pull,1,58,414,1
U2486,36,Female,186,92,26.6,Gain Strength,Advanced,Mixed,8,10,1,0.61,89,Push,3,64,723,1
U2487,36,Male,150,39.4,17.5,Lose Weight,Beginner,Mixed,5.5,9,4,0.74,72,Full Body,1,52,551,1
U2488,36,Male,163,57.1,21.5,Build Muscle,Intermediate,Gym,8,6,4,0.82,84,Legs,2,74,485,1
U2489,21,Male,166,66.1,24,Lose Weight,Beginner,Mixed,7.8,4,4,0.64,100,Lower Body,1,64,607,1
U2490,22,Male,175,64.6,21.1,Build Muscle,Beginner,Gym,9.4,4,0,0.73,51,Upper Body,1,42,337,1
U2491,38,Male,152,69.8,30.2,Improve Fitness,Intermediate,Home,7.2,3,2,0.87,90,Full Body,2,58,513,1
U2492,19,Female,191,94.5,25.9,Build Muscle,Intermediate,Gym,6.4,10,5,0.9,72,Push,2,67,496,1
U2493,28,Male,151,62.5,27.4,Lose Weight,Intermediate,Gym,4.7,9,6,0.8,62,Cardio,2,47,433,1
U2494,44,Male,191,114.6,31.4,Improve Fitness,Beginner,Gym,7.8,0,0,0.76,79,Cardio,1,37,259,1
U2495,34,Female,186,70.2,20.3,Build Muscle,Intermediate,Home,8.9,10,5,1,77,Upper Body,2,49,381,1
U2496,40,Male,170,90.2,31.2,Build Muscle,Beginner,Gym,6.5,10,4,0.58,72,Pull,1,60,582,1
U2497,20,Female,172,77.8,26.3,Build Muscle,Beginner,Home,6.7,10,1,0.82,76,Full Body,1,59,557,1
U2498,34,Female,162,53.3,20.3,Build Muscle,Beginner,Gym,7.7,2,6,0.88,74,Pull,1,62,486,1
U2499,31,Male,178,92.8,29.3,Gain Strength,Intermediate,Mixed,5.8,3,2,0.8,54,Lower Body,2,59,404,1
U2500,33,Male,194,74.5,19.8,Lose Weight,Intermediate,Gym,6.4,7,5,0.55,63,Cardio,2,47,350,1
U2501,26,Male,188,83.4,23.6,Gain Strength,Intermediate,Gym,8,0,2,0.66,48,Pull,2,53,508,1
U2502,39,Female,165,79.8,29.3,Lose Weight,Beginner,Gym,6.2,10,3,0.71,78,Lower Body,1,40,403,1
U2503,28,Female,157,62.4,25.3,Lose Weight,Advanced,Mixed,8.3,3,4,0.81,59,Recovery,3,24,226,1
U2504,30,Male,152,77.6,33.6,Build Muscle,Beginner,Mixed,7.3,8,3,0.69,86,Upper Body,1,57,413,1
U2505,28,Male,188,90.1,25.5,Gain Strength,Beginner,Mixed,7.5,4,5,1,67,Legs,1,58,393,1
U2506,24,Female,169,66.3,23.2,Build Muscle,Beginner,Mixed,7.2,0,6,0.91,49,Upper Body,1,59,525,1
U2507,19,Male,152,39.3,17,Improve Fitness,Intermediate,Home,6.5,9,0,0.43,65,Cardio,2,37,312,0
U2508,21,Male,171,77.8,26.6,Lose Weight,Intermediate,Home,6.1,5,1,0.46,73,Lower Body,2,41,327,0
U2509,32,Male,159,71,28.1,Build Muscle,Beginner,Mixed,5.2,10,0,0.87,84,Legs,1,68,461,1
U2510,35,Male,190,102.9,28.5,Improve Fitness,Beginner,Home,8.4,4,3,1,66,Upper Body,1,65,683,1
U2511,31,Male,176,77.4,25,Build Muscle,Beginner,Home,6.6,6,0,0.72,94,Pull,1,68,486,1
U2512,33,Female,150,42.5,18.9,Build Muscle,Beginner,Gym,6.2,5,6,0.97,87,Push,1,57,383,1
U2513,41,Male,191,83.9,23,Lose Weight,Beginner,Gym,8,8,4,0.78,94,Cardio,1,48,489,1
U2514,38,Male,159,62.7,24.8,Lose Weight,Beginner,Gym,8.2,2,5,1,80,Cardio,1,41,442,1
U2515,36,Male,175,75.6,24.7,Build Muscle,Intermediate,Gym,7.9,0,1,0.65,100,Lower Body,2,65,511,1
U2516,38,Male,152,58.5,25.3,Build Muscle,Intermediate,Mixed,6.8,4,5,0.57,88,Pull,2,48,446,1
U2517,40,Female,172,83.1,28.1,Lose Weight,Intermediate,Gym,6.6,4,6,0.82,49,Cardio,2,35,249,1
U2518,37,Female,153,59.2,25.3,Build Muscle,Beginner,Gym,7.6,6,0,1,60,Lower Body,1,49,428,1
U2519,38,Male,176,59.2,19.1,Improve Fitness,Beginner,Gym,6.1,5,6,0.48,92,Recovery,1,31,202,1
U2520,32,Male,193,115.5,31,Gain Strength,Advanced,Gym,7.5,1,2,0.94,74,Legs,3,56,435,1
U2521,20,Male,165,65.6,24.1,Lose Weight,Beginner,Home,6.7,0,5,0.66,48,Cardio,1,41,458,1
U2522,32,Male,170,74,25.6,Gain Strength,Beginner,Mixed,7.1,1,6,0.85,73,Legs,1,63,513,1
U2523,21,Male,162,62.5,23.8,Improve Fitness,Intermediate,Gym,6.1,10,5,0.73,83,Cardio,2,47,349,1
U2524,25,Female,180,63.8,19.7,Gain Strength,Beginner,Gym,7.2,0,6,0.76,61,Legs,1,58,439,1
U2525,45,Male,194,82.8,22,Gain Strength,Intermediate,Gym,7.4,10,1,0.52,77,Pull,2,50,405,0
U2526,42,Male,175,63.4,20.7,Improve Fitness,Advanced,Gym,8.3,9,6,1,59,Cardio,3,38,424,1
U2527,23,Male,184,90.4,26.7,Improve Fitness,Intermediate,Gym,6.3,3,5,0.91,53,Full Body,2,40,412,1
U2528,23,Female,168,74.8,26.5,Build Muscle,Advanced,Gym,6.1,1,4,0.68,56,Legs,3,60,648,1
U2529,28,Female,194,105.4,28,Build Muscle,Advanced,Gym,6.2,7,2,0.82,66,Legs,3,45,479,1
U2530,43,Female,165,65.3,24,Build Muscle,Beginner,Home,7.3,6,5,0.58,75,Upper Body,1,46,515,1
U2531,31,Male,175,94.6,30.9,Lose Weight,Beginner,Gym,6.2,7,0,0.93,94,Cardio,1,31,250,1
U2532,37,Female,158,52.7,21.1,Lose Weight,Beginner,Mixed,5.5,10,3,0.77,63,Lower Body,1,60,650,0
U2533,33,Female,182,107,32.3,Build Muscle,Intermediate,Gym,7.1,9,0,0.58,54,Lower Body,2,46,484,0
U2534,39,Female,190,105.1,29.1,Gain Strength,Intermediate,Gym,6.5,4,3,0.73,86,Upper Body,2,55,518,1
U2535,21,Male,187,78.7,22.5,Gain Strength,Intermediate,Gym,7,9,6,0.72,82,Legs,2,74,639,1
U2536,36,Female,170,78,27,Build Muscle,Beginner,Home,6.9,10,1,0.73,66,Push,1,51,580,1
U2537,26,Female,156,44.5,18.3,Build Muscle,Beginner,Gym,7.4,8,6,1,58,Upper Body,1,50,387,1
U2538,18,Male,161,55.2,21.3,Gain Strength,Beginner,Home,6.1,2,1,0.85,78,Lower Body,1,52,523,1
U2539,41,Female,154,56.4,23.8,Gain Strength,Intermediate,Gym,6.1,2,1,0.74,48,Legs,2,72,607,1
U2540,19,Female,194,94.5,25.1,Build Muscle,Intermediate,Home,8.1,4,4,0.49,49,Upper Body,2,57,482,1
U2541,42,Female,182,103,31.1,Lose Weight,Beginner,Gym,6.4,6,1,0.92,69,Lower Body,1,65,461,1
U2542,44,Male,186,82.3,23.8,Improve Fitness,Beginner,Gym,7.6,2,0,0.56,73,Full Body,1,50,562,1
U2543,28,Female,192,84.4,22.9,Improve Fitness,Advanced,Gym,5.6,5,3,0.78,68,Full Body,3,55,463,1
U2544,32,Female,183,79.7,23.8,Gain Strength,Beginner,Gym,5.8,2,2,1,85,Upper Body,1,50,363,1
U2545,26,Female,166,78.5,28.5,Build Muscle,Intermediate,Home,6.8,4,0,0.41,100,Push,2,58,601,1
U2546,44,Female,180,78.4,24.2,Improve Fitness,Intermediate,Gym,6.3,3,3,0.8,89,Full Body,2,44,324,1
U2547,43,Female,153,57.1,24.4,Lose Weight,Intermediate,Gym,8.5,9,6,0.91,55,Lower Body,2,64,554,1
U2548,20,Female,188,76.7,21.7,Lose Weight,Intermediate,Mixed,8.2,9,3,0.23,69,Cardio,2,40,337,0
U2549,26,Male,169,52.8,18.5,Build Muscle,Beginner,Gym,6.6,6,6,0.67,66,Upper Body,1,60,676,1
U2550,36,Female,193,82.7,22.2,Build Muscle,Beginner,Mixed,5.9,8,0,1,100,Push,1,67,653,1
U2551,43,Male,164,52.7,19.6,Improve Fitness,Beginner,Gym,8.8,2,2,0.65,73,Cardio,1,44,409,1
U2552,32,Female,180,78.4,24.2,Build Muscle,Beginner,Gym,6.4,5,0,0.9,73,Upper Body,1,61,616,1
U2553,24,Male,182,74.5,22.5,Lose Weight,Intermediate,Mixed,5.7,5,6,0.56,47,Full Body,2,48,467,1
U2554,25,Male,177,77.1,24.6,Build Muscle,Intermediate,Home,5.8,6,5,0.67,92,Upper Body,2,56,391,1
U2555,32,Male,194,111,29.5,Build Muscle,Beginner,Mixed,7.1,3,5,0.7,100,Full Body,1,42,291,1
U2556,35,Male,168,75.4,26.7,Gain Strength,Advanced,Mixed,6.7,5,4,0.46,77,Pull,3,49,372,1
U2557,33,Male,178,88.7,28,Lose Weight,Advanced,Gym,6.4,2,1,0.77,66,Cardio,3,31,285,1
U2558,38,Female,153,55.5,23.7,Gain Strength,Intermediate,Mixed,4.5,7,4,0.68,86,Pull,2,59,476,1
U2559,36,Male,184,73.8,21.8,Lose Weight,Intermediate,Mixed,7.2,3,3,0.58,77,Full Body,2,42,395,1
U2560,29,Female,160,60.4,23.6,Lose Weight,Intermediate,Gym,6.1,8,4,0.96,85,Full Body,2,40,275,1
U2561,25,Female,193,81.9,22,Build Muscle,Beginner,Home,7.6,10,4,0.82,81,Push,1,70,681,1
U2562,35,Female,191,63.5,17.4,Gain Strength,Beginner,Home,8.2,0,5,0.62,66,Upper Body,1,59,641,1
U2563,19,Female,187,124.5,35.6,Build Muscle,Intermediate,Gym,7.4,8,1,0.65,38,Pull,2,61,489,0
U2564,32,Male,165,82.5,30.3,Gain Strength,Beginner,Gym,5.6,7,4,0.54,67,Legs,1,59,527,0
U2565,25,Male,160,77.8,30.4,Gain Strength,Intermediate,Mixed,8,1,2,0.69,76,Pull,2,46,320,1
U2566,33,Male,183,73.7,22,Build Muscle,Intermediate,Gym,7.3,4,2,0.73,86,Full Body,2,42,409,1
U2567,40,Male,159,72.3,28.6,Improve Fitness,Advanced,Home,7.6,0,1,0.65,83,Cardio,3,33,313,1
U2568,41,Male,187,84.3,24.1,Lose Weight,Advanced,Gym,5.9,7,4,0.65,73,Cardio,3,37,306,1
U2569,34,Female,166,78,28.3,Lose Weight,Intermediate,Mixed,6.9,0,6,0.5,72,Recovery,2,33,315,1
U2570,33,Male,181,81.9,25,Lose Weight,Beginner,Gym,7.3,9,3,0.89,87,Cardio,1,49,414,1
U2571,35,Male,195,83.7,22,Build Muscle,Intermediate,Gym,6.4,8,2,0.53,82,Full Body,2,45,377,0
U2572,41,Female,154,72.6,30.6,Lose Weight,Intermediate,Gym,6.8,3,4,0.68,94,Full Body,2,54,579,1
U2573,40,Female,174,80.5,26.6,Build Muscle,Beginner,Home,7.6,9,2,0.51,82,Legs,1,74,638,1
U2574,32,Male,171,60.2,20.6,Build Muscle,Beginner,Gym,5.9,8,5,0.66,63,Push,1,48,513,1
U2575,39,Female,174,71.5,23.6,Gain Strength,Beginner,Home,5.5,8,1,0.89,88,Upper Body,1,65,701,1
U2576,35,Female,168,48,17,Gain Strength,Advanced,Mixed,8.2,0,6,0.57,84,Push,3,68,720,1
U2577,21,Male,176,75,24.2,Lose Weight,Intermediate,Home,7.1,6,3,0.69,90,Full Body,2,44,324,1
U2578,19,Male,158,48.2,19.3,Build Muscle,Intermediate,Gym,7.8,9,4,0.92,82,Legs,2,52,431,1
U2579,41,Male,156,83.5,34.3,Lose Weight,Intermediate,Gym,6.5,2,5,0.89,70,Cardio,2,33,254,1
U2580,45,Female,154,70.4,29.7,Lose Weight,Advanced,Mixed,7.1,6,2,0.65,91,Cardio,3,31,221,1
U2581,24,Male,186,77.5,22.4,Lose Weight,Intermediate,Home,5.5,10,3,0.63,81,Lower Body,2,55,545,0
U2582,30,Female,155,72.8,30.3,Build Muscle,Beginner,Gym,7.2,8,2,0.96,51,Push,1,47,533,1
U2583,42,Female,193,84.2,22.6,Build Muscle,Intermediate,Gym,6.8,2,4,0.7,73,Full Body,2,40,273,1
U2584,29,Female,174,83,27.4,Gain Strength,Intermediate,Gym,6.6,7,2,0.75,71,Legs,2,53,500,1
U2585,34,Female,187,72,20.6,Gain Strength,Beginner,Gym,7,0,2,0.69,69,Push,1,59,411,1
U2586,24,Male,194,92.6,24.6,Lose Weight,Beginner,Gym,7.2,1,5,0.64,91,Full Body,1,42,292,1
U2587,20,Female,164,52.7,19.6,Lose Weight,Intermediate,Gym,6.3,1,6,1,56,Cardio,2,47,453,1
U2588,28,Female,169,53.7,18.8,Build Muscle,Intermediate,Mixed,7.9,6,5,0.35,68,Legs,2,51,515,1
U2589,29,Female,161,86.8,33.5,Gain Strength,Beginner,Gym,5.4,0,1,0.36,49,Push,1,55,362,0
U2590,28,Male,160,72.4,28.3,Build Muscle,Beginner,Gym,8.3,2,0,0.63,82,Pull,1,47,443,1
U2591,22,Male,156,73.7,30.3,Improve Fitness,Beginner,Mixed,9.1,3,6,0.68,37,Upper Body,1,41,314,1
U2592,36,Male,161,54.7,21.1,Gain Strength,Beginner,Gym,6.6,10,0,0.67,69,Push,1,69,520,0
U2593,36,Male,162,76.6,29.2,Build Muscle,Beginner,Gym,8.5,6,0,0.69,88,Lower Body,1,61,482,1
U2594,22,Male,169,74.3,26,Build Muscle,Beginner,Home,7.2,4,4,0.88,73,Legs,1,58,454,1
U2595,41,Male,187,115.7,33.1,Improve Fitness,Beginner,Home,5.5,10,5,0.63,70,Cardio,1,38,365,0
U2596,44,Male,172,77.8,26.3,Lose Weight,Intermediate,Gym,8.5,2,3,0.72,50,Recovery,2,32,351,1
U2597,23,Female,165,76.2,28,Improve Fitness,Intermediate,Home,7.9,6,3,0.37,71,Full Body,2,51,426,0
U2598,27,Female,167,49.6,17.8,Improve Fitness,Beginner,Home,6.4,10,1,0.56,84,Full Body,1,60,464,0
U2599,27,Male,195,95.1,25,Gain Strength,Beginner,Mixed,5.7,2,2,0.88,50,Push,1,65,726,1
U2600,24,Male,170,74.9,25.9,Build Muscle,Advanced,Gym,6.2,8,2,0.65,79,Legs,3,70,710,1
U2601,22,Female,186,92.4,26.7,Lose Weight,Intermediate,Home,8.6,8,6,0.71,76,Full Body,2,51,357,1
U2602,43,Male,194,85.4,22.7,Lose Weight,Beginner,Gym,7.3,3,3,0.8,70,Cardio,1,45,413,1
U2603,31,Female,185,58.2,17,Improve Fitness,Beginner,Mixed,7.5,6,5,0.79,61,Full Body,1,44,416,1
U2604,27,Female,175,58.5,19.1,Build Muscle,Intermediate,Mixed,8.7,9,6,0.81,68,Upper Body,2,46,324,1
U2605,22,Female,150,44.3,19.7,Build Muscle,Intermediate,Gym,6.2,10,0,0.95,74,Full Body,2,60,477,1
U2606,32,Male,189,79.3,22.2,Lose Weight,Advanced,Gym,7.7,10,4,0.57,94,Cardio,3,37,271,1
U2607,43,Male,157,74.4,30.2,Lose Weight,Intermediate,Home,6.6,4,5,0.61,32,Full Body,2,47,521,1
U2608,31,Female,192,67.5,18.3,Gain Strength,Advanced,Gym,5.6,1,2,0.74,67,Push,3,47,314,1
U2609,26,Male,156,45.8,18.8,Lose Weight,Advanced,Home,6.8,9,5,0.81,79,Full Body,3,49,448,1
U2610,44,Female,176,52.7,17,Improve Fitness,Beginner,Gym,7,0,5,0.47,85,Recovery,1,21,163,1
U2611,41,Female,169,79.4,27.8,Lose Weight,Advanced,Mixed,6.1,3,2,0.58,65,Cardio,3,31,216,1
U2612,35,Female,153,39.8,17,Build Muscle,Intermediate,Gym,7.5,1,6,0.67,86,Legs,2,54,432,1
U2613,32,Male,160,50.9,19.9,Improve Fitness,Intermediate,Mixed,6.4,1,2,0.45,56,Full Body,2,54,603,0
U2614,20,Male,177,61.1,19.5,Lose Weight,Intermediate,Gym,8.2,4,6,0.59,73,Full Body,2,57,456,1
U2615,21,Female,157,56.4,22.9,Gain Strength,Advanced,Gym,5.7,10,1,0.69,80,Push,3,67,546,1
U2616,31,Female,192,71.5,19.4,Build Muscle,Beginner,Gym,8,5,2,0.57,64,Push,1,60,431,1
U2617,29,Female,181,87.5,26.7,Gain Strength,Beginner,Home,6.4,9,4,0.73,67,Legs,1,57,514,1
U2618,37,Male,153,58.5,25,Build Muscle,Beginner,Mixed,4.5,5,3,0.39,81,Legs,1,61,656,0
U2619,23,Female,190,104.3,28.9,Gain Strength,Intermediate,Gym,6.1,2,6,0.68,76,Upper Body,2,40,264,1
U2620,19,Male,168,77.3,27.4,Improve Fitness,Intermediate,Gym,4.9,3,0,0.56,67,Recovery,2,32,320,0
U2621,32,Male,150,61.9,27.5,Build Muscle,Intermediate,Mixed,9.5,6,4,0.68,50,Legs,2,49,418,1
U2622,24,Male,157,64.6,26.2,Lose Weight,Intermediate,Gym,8.6,3,1,0.74,58,Full Body,2,57,504,1
U2623,45,Male,183,95.4,28.5,Build Muscle,Advanced,Home,7.8,4,0,0.54,77,Push,3,53,404,1
U2624,43,Male,195,109.1,28.7,Build Muscle,Beginner,Home,8.4,5,1,0.71,66,Pull,1,65,722,1
U2625,18,Female,168,83.8,29.7,Build Muscle,Intermediate,Home,5.8,7,4,0.8,51,Full Body,2,47,505,1
U2626,18,Female,156,70.6,29,Lose Weight,Advanced,Home,6.8,5,1,0.95,79,Cardio,3,34,269,1
U2627,35,Female,179,62.2,19.4,Build Muscle,Advanced,Gym,8.7,0,1,1,85,Push,3,52,505,1
U2628,18,Male,179,68.2,21.3,Lose Weight,Intermediate,Home,6.8,1,1,0.75,61,Lower Body,2,40,323,1
U2629,28,Female,172,93.5,31.6,Improve Fitness,Intermediate,Home,7.3,4,5,0.23,77,Upper Body,2,53,600,0
U2630,36,Male,194,86.6,23,Build Muscle,Advanced,Gym,7,8,3,0.65,84,Push,3,55,481,1
U2631,26,Female,178,92.5,29.2,Improve Fitness,Beginner,Gym,7.4,7,3,0.66,71,Full Body,1,57,410,1
U2632,25,Male,182,81.5,24.6,Build Muscle,Intermediate,Gym,6.2,9,1,0.82,78,Upper Body,2,55,446,1
U2633,43,Male,184,105,31,Build Muscle,Beginner,Home,8.5,4,1,0.6,84,Push,1,47,331,1
U2634,28,Female,165,55.8,20.5,Improve Fitness,Beginner,Gym,7.9,8,2,0.63,56,Full Body,1,40,421,1
U2635,18,Male,167,71.7,25.7,Build Muscle,Intermediate,Gym,4.5,3,1,0.4,69,Upper Body,2,47,381,0
U2636,35,Male,183,83.1,24.8,Lose Weight,Beginner,Gym,6.7,2,4,0.44,59,Full Body,1,59,470,1
U2637,23,Male,158,65.2,26.1,Build Muscle,Beginner,Gym,7.7,2,0,0.72,89,Pull,1,57,615,1
U2638,44,Male,175,80.2,26.2,Build Muscle,Beginner,Gym,6.3,0,1,0.67,50,Push,1,61,682,1
U2639,29,Male,161,62.2,24,Build Muscle,Beginner,Home,8.3,0,0,0.84,93,Legs,1,60,415,1
U2640,19,Male,153,54.3,23.2,Lose Weight,Beginner,Home,8.6,5,3,0.69,94,Cardio,1,35,350,1
U2641,20,Female,172,72.2,24.4,Improve Fitness,Beginner,Home,7.9,9,4,0.99,69,Lower Body,1,63,662,1
U2642,24,Male,164,68.3,25.4,Build Muscle,Beginner,Home,8.5,7,6,0.7,52,Legs,1,59,630,1
U2643,32,Male,157,82.6,33.5,Lose Weight,Advanced,Gym,6.6,10,4,0.75,89,Full Body,3,54,442,1
U2644,29,Male,192,80.7,21.9,Lose Weight,Advanced,Gym,6,2,0,0.77,45,Lower Body,3,57,386,1
U2645,39,Male,189,83.2,23.3,Build Muscle,Beginner,Gym,7.4,1,3,0.67,48,Legs,1,65,531,1
U2646,22,Male,162,81.9,31.2,Gain Strength,Beginner,Gym,7.2,2,0,0.98,68,Lower Body,1,51,437,1
U2647,33,Male,155,50,20.8,Build Muscle,Beginner,Gym,7.4,0,0,0.68,54,Push,1,69,643,1
U2648,40,Male,165,83.6,30.7,Gain Strength,Beginner,Gym,6.4,6,2,0.39,91,Legs,1,60,604,0
U2649,21,Female,192,82.6,22.4,Lose Weight,Intermediate,Gym,6.4,5,4,0.4,98,Cardio,2,36,283,1
U2650,45,Male,174,57.8,19.1,Gain Strength,Beginner,Gym,7.2,4,1,0.88,78,Legs,1,60,484,1
U2651,29,Male,165,65.9,24.2,Lose Weight,Intermediate,Home,5.2,5,6,0.57,74,Cardio,2,43,371,1
U2652,23,Female,186,73.3,21.2,Build Muscle,Beginner,Gym,7.3,4,3,0.84,86,Upper Body,1,53,446,1
U2653,28,Male,159,49,19.4,Gain Strength,Beginner,Gym,9.5,2,6,0.86,71,Legs,1,68,449,1
U2654,32,Male,166,80.2,29.1,Gain Strength,Beginner,Gym,9.5,2,4,0.46,68,Push,1,50,548,1
U2655,32,Male,168,48,17,Improve Fitness,Advanced,Home,7.3,7,6,0.79,71,Lower Body,3,54,357,1
U2656,25,Male,155,52.4,21.8,Build Muscle,Intermediate,Mixed,4.8,2,6,0.79,93,Pull,2,46,460,1
U2657,28,Male,195,83.7,22,Improve Fitness,Intermediate,Home,7.6,7,0,0.44,78,Full Body,2,47,427,0
U2658,24,Male,157,56.2,22.8,Build Muscle,Beginner,Home,6.3,2,0,0.58,66,Lower Body,1,48,497,1
U2659,45,Male,163,69.3,26.1,Improve Fitness,Beginner,Mixed,5.7,10,4,0.65,71,Full Body,1,59,408,0
U2660,24,Female,150,44.8,19.9,Improve Fitness,Intermediate,Gym,9.1,4,3,0.57,61,Lower Body,2,62,661,1
U2661,21,Male,159,51.6,20.4,Build Muscle,Beginner,Mixed,9.1,9,1,0.82,57,Pull,1,54,444,1
U2662,34,Male,184,98.5,29.1,Improve Fitness,Beginner,Gym,7.3,8,4,0.77,66,Cardio,1,39,306,1
U2663,20,Female,175,65.5,21.4,Lose Weight,Intermediate,Gym,7.5,3,6,0.62,99,Cardio,2,38,307,1
U2664,34,Male,162,50.4,19.2,Build Muscle,Intermediate,Gym,8.8,6,4,0.7,76,Full Body,2,54,421,1
U2665,20,Male,159,70.8,28,Improve Fitness,Intermediate,Home,6.4,6,4,0.88,31,Cardio,2,45,501,1
U2666,31,Female,157,53,21.5,Build Muscle,Intermediate,Mixed,6.1,6,3,0.49,68,Pull,2,47,380,1
U2667,18,Female,184,88.4,26.1,Build Muscle,Beginner,Gym,7.9,8,0,0.76,62,Legs,1,62,516,1
U2668,25,Male,187,90.9,26,Gain Strength,Intermediate,Gym,7.2,4,1,0.89,83,Pull,2,67,450,1
U2669,39,Female,184,83.3,24.6,Gain Strength,Advanced,Gym,6.1,7,4,0.6,63,Lower Body,3,46,335,1
U2670,44,Female,161,60.1,23.2,Lose Weight,Beginner,Home,7.4,10,1,0.85,71,Cardio,1,50,404,1
U2671,45,Female,169,70.3,24.6,Lose Weight,Advanced,Gym,7.3,8,3,0.63,58,Lower Body,3,40,387,1
U2672,42,Male,185,58.5,17.1,Improve Fitness,Intermediate,Mixed,6.3,7,3,0.81,61,Cardio,2,33,335,1
U2673,38,Female,162,61.7,23.5,Build Muscle,Intermediate,Gym,7.6,1,1,0.81,55,Push,2,51,386,1
U2674,39,Male,172,84.9,28.7,Gain Strength,Intermediate,Mixed,8.3,10,3,0.52,59,Lower Body,2,60,532,0
U2675,30,Female,195,112.2,29.5,Lose Weight,Beginner,Gym,6.9,7,3,0.32,51,Cardio,1,46,303,0
U2676,40,Female,159,59.4,23.5,Build Muscle,Intermediate,Gym,5.8,2,5,0.65,72,Pull,2,51,363,1
U2677,20,Male,166,84.3,30.6,Build Muscle,Intermediate,Gym,6.8,0,2,0.91,93,Upper Body,2,50,522,1
U2678,36,Male,155,73.3,30.5,Improve Fitness,Beginner,Home,7.4,1,0,0.37,78,Full Body,1,40,329,0
U2679,36,Male,192,106.5,28.9,Build Muscle,Intermediate,Gym,7,7,6,1,84,Legs,2,61,505,1
U2680,20,Male,156,65.5,26.9,Build Muscle,Beginner,Home,8.3,4,3,0.78,34,Pull,1,66,480,1
U2681,24,Male,181,73.4,22.4,Gain Strength,Intermediate,Gym,8.4,5,1,0.57,68,Upper Body,2,58,663,1
U2682,33,Male,168,56.7,20.1,Build Muscle,Intermediate,Home,9.1,10,5,1,58,Push,2,54,355,1
U2683,20,Male,185,85.9,25.1,Gain Strength,Beginner,Mixed,6.4,7,0,0.83,79,Legs,1,51,560,1
U2684,45,Male,174,84.5,27.9,Lose Weight,Intermediate,Mixed,7.5,0,0,1,56,Recovery,2,21,161,1
U2685,35,Female,183,57.9,17.3,Build Muscle,Beginner,Mixed,6.7,8,0,0.44,49,Push,1,47,347,0
U2686,39,Male,189,72.5,20.3,Gain Strength,Beginner,Gym,6.1,3,5,0.55,79,Legs,1,57,631,1
U2687,18,Male,158,55.9,22.4,Improve Fitness,Intermediate,Gym,6.9,1,2,0.88,60,Lower Body,2,51,563,1
U2688,25,Male,155,56.2,23.4,Build Muscle,Beginner,Gym,7.5,3,5,0.37,36,Upper Body,1,46,402,1
U2689,34,Female,158,64.9,26,Build Muscle,Intermediate,Gym,7.6,4,1,1,74,Upper Body,2,40,405,1
U2690,30,Female,177,87.4,27.9,Lose Weight,Advanced,Gym,6.9,7,3,0.77,97,Lower Body,3,53,488,1
U2691,39,Female,151,38.8,17,Build Muscle,Intermediate,Mixed,7.6,10,1,1,76,Legs,2,58,505,1
U2692,44,Male,186,108.6,31.4,Gain Strength,Beginner,Home,6.4,1,3,0.71,72,Lower Body,1,62,569,1
U2693,37,Male,179,54.5,17,Build Muscle,Intermediate,Mixed,5.8,9,4,0.52,84,Push,2,60,486,1
U2694,37,Female,174,85.4,28.2,Build Muscle,Intermediate,Gym,7.5,8,2,0.87,69,Full Body,2,40,414,1
U2695,21,Female,171,86.3,29.5,Lose Weight,Intermediate,Home,7.1,2,4,0.73,68,Recovery,2,31,213,1
U2696,21,Female,183,91.8,27.4,Lose Weight,Beginner,Home,6.6,0,0,0.9,55,Full Body,1,48,539,1
U2697,35,Female,172,58.9,19.9,Lose Weight,Advanced,Home,7.9,10,0,0.7,65,Lower Body,3,50,483,1
U2698,20,Female,190,101.8,28.2,Build Muscle,Beginner,Home,6.4,0,3,0.68,92,Upper Body,1,46,438,1
U2699,44,Male,190,111.9,31,Lose Weight,Beginner,Mixed,8.8,0,6,0.67,90,Recovery,1,26,253,1
U2700,31,Male,166,56.5,20.5,Gain Strength,Intermediate,Gym,6.1,7,6,0.3,97,Upper Body,2,42,407,0
U2701,26,Female,175,64,20.9,Improve Fitness,Advanced,Gym,7,6,5,0.56,82,Upper Body,3,55,414,1
U2702,38,Female,166,63.1,22.9,Improve Fitness,Beginner,Gym,5.7,1,2,0.8,50,Full Body,1,57,560,1
U2703,45,Female,182,69.6,21,Build Muscle,Beginner,Home,4.8,3,5,0.46,74,Full Body,1,57,432,1
U2704,30,Female,183,56.9,17,Build Muscle,Beginner,Mixed,5.5,7,3,0.72,63,Pull,1,54,589,1
U2705,31,Male,192,121.3,32.9,Gain Strength,Beginner,Gym,9.1,6,4,0.56,80,Upper Body,1,49,514,1
U2706,29,Male,188,97.5,27.6,Build Muscle,Beginner,Gym,6.4,0,0,0.45,71,Legs,1,63,556,1
U2707,25,Female,159,60.2,23.8,Gain Strength,Intermediate,Gym,6.6,5,5,0.8,60,Legs,2,58,539,1
U2708,29,Male,172,58.3,19.7,Build Muscle,Beginner,Home,7.2,0,2,0.79,54,Full Body,1,57,622,1
U2709,22,Female,188,100.4,28.4,Build Muscle,Intermediate,Home,5.2,3,6,0.62,68,Pull,2,47,518,1
U2710,21,Male,165,59.4,21.8,Gain Strength,Intermediate,Gym,6.5,2,3,1,59,Pull,2,58,639,1
U2711,43,Female,157,85.8,34.8,Gain Strength,Intermediate,Gym,7.6,8,1,0.74,79,Legs,2,53,458,1
U2712,19,Male,187,122.7,35.1,Build Muscle,Beginner,Gym,6,4,2,0.52,60,Lower Body,1,53,380,0
U2713,23,Male,176,76.2,24.6,Lose Weight,Beginner,Gym,5.2,1,6,0.72,97,Cardio,1,40,433,1
U2714,23,Female,166,69.2,25.1,Improve Fitness,Beginner,Gym,6.8,8,2,0.61,85,Cardio,1,42,392,1
U2715,20,Female,165,57.2,21,Build Muscle,Intermediate,Mixed,9.1,9,2,1,75,Full Body,2,41,414,1
U2716,44,Male,158,61.2,24.5,Improve Fitness,Intermediate,Gym,8.2,3,5,0.92,59,Lower Body,2,56,621,1
U2717,34,Male,169,63.7,22.3,Lose Weight,Advanced,Gym,5.6,4,5,0.79,81,Cardio,3,41,442,1
U2718,22,Male,165,51.2,18.8,Build Muscle,Beginner,Gym,6.6,5,3,0.48,58,Pull,1,48,453,1
U2719,41,Female,190,96.7,26.8,Build Muscle,Advanced,Gym,6.3,3,5,0.67,47,Pull,3,70,683,1
U2720,23,Female,180,82,25.3,Build Muscle,Intermediate,Gym,7.1,6,1,0.59,69,Upper Body,2,65,685,1
U2721,32,Male,160,64.8,25.3,Lose Weight,Intermediate,Gym,6.2,9,0,0.45,99,Full Body,2,59,456,1
U2722,36,Male,170,63,21.8,Lose Weight,Intermediate,Gym,7,7,0,0.9,100,Lower Body,2,40,348,1
U2723,27,Female,188,68.2,19.3,Gain Strength,Intermediate,Gym,7.6,3,0,0.59,63,Pull,2,50,486,1
U2724,41,Male,185,73.6,21.5,Lose Weight,Intermediate,Mixed,5.9,4,5,0.71,49,Cardio,2,35,296,1
U2725,25,Male,167,79.5,28.5,Build Muscle,Intermediate,Home,7.2,4,3,0.8,65,Upper Body,2,62,448,1
U2726,43,Female,184,77.9,23,Lose Weight,Beginner,Mixed,7.4,8,5,0.51,66,Cardio,1,32,252,1
U2727,19,Male,184,70.8,20.9,Build Muscle,Beginner,Gym,6.1,8,5,0.34,92,Legs,1,62,615,1
U2728,20,Female,183,72.3,21.6,Build Muscle,Intermediate,Gym,8.4,6,6,0.91,52,Push,2,52,459,1
U2729,34,Female,191,72.6,19.9,Lose Weight,Intermediate,Gym,9.5,0,2,1,71,Cardio,2,33,254,1
U2730,35,Female,151,58.4,25.6,Gain Strength,Intermediate,Mixed,6.4,5,0,0.8,61,Push,2,56,527,1
U2731,20,Female,191,62,17,Build Muscle,Beginner,Gym,5.6,9,3,0.72,55,Push,1,57,492,1
U2732,20,Male,178,76.7,24.2,Lose Weight,Intermediate,Gym,5.9,10,4,0.58,84,Full Body,2,47,479,1
U2733,42,Female,178,80.8,25.5,Lose Weight,Advanced,Gym,7.1,7,1,0.88,79,Full Body,3,56,568,1
U2734,24,Female,192,112.8,30.6,Lose Weight,Beginner,Gym,6.6,6,3,0.64,52,Cardio,1,36,246,1
U2735,32,Female,156,55.2,22.7,Gain Strength,Beginner,Home,8.2,5,1,0.95,86,Pull,1,62,678,1
U2736,31,Female,180,55.1,17,Build Muscle,Beginner,Gym,8.3,8,4,0.39,85,Pull,1,62,403,1
U2737,26,Male,181,75.4,23,Gain Strength,Advanced,Gym,7.9,3,5,0.48,89,Upper Body,3,62,438,1
U2738,38,Male,180,59.3,18.3,Improve Fitness,Beginner,Home,6.4,4,0,0.54,45,Full Body,1,52,359,0
U2739,32,Male,158,62.2,24.9,Lose Weight,Beginner,Gym,9.1,3,0,1,73,Cardio,1,44,359,1
U2740,32,Female,186,101,29.2,Lose Weight,Beginner,Home,7.4,9,4,0.81,66,Cardio,1,34,366,1
U2741,43,Female,176,78.4,25.3,Lose Weight,Intermediate,Home,7.7,8,5,0.62,70,Cardio,2,43,463,1
U2742,45,Female,176,75.3,24.3,Improve Fitness,Beginner,Gym,8,1,1,0.53,71,Cardio,1,41,287,1
U2743,37,Female,188,114.9,32.5,Lose Weight,Intermediate,Home,8.4,1,0,0.96,72,Full Body,2,58,490,1
U2744,23,Male,157,63.6,25.8,Gain Strength,Intermediate,Gym,8.2,1,3,1,42,Lower Body,2,62,463,1
U2745,21,Male,154,45.1,19,Lose Weight,Advanced,Gym,8.5,9,0,0.67,61,Lower Body,3,45,427,1
U2746,41,Female,173,57.5,19.2,Lose Weight,Beginner,Gym,6.5,6,6,0.47,100,Lower Body,1,60,436,1
U2747,28,Female,156,59.4,24.4,Lose Weight,Beginner,Mixed,7,2,2,0.83,86,Full Body,1,48,508,1
U2748,23,Male,175,87.3,28.5,Gain Strength,Beginner,Gym,8.3,3,4,0.61,67,Legs,1,69,558,1
U2749,21,Female,174,83.9,27.7,Build Muscle,Beginner,Gym,6.5,7,4,0.72,77,Pull,1,63,505,1
U2750,43,Female,158,69.4,27.8,Lose Weight,Advanced,Gym,5.1,9,4,0.85,68,Lower Body,3,50,487,1
U2751,42,Male,176,85.2,27.5,Lose Weight,Beginner,Mixed,8,3,4,1,92,Full Body,1,40,391,1
U2752,40,Female,150,68,30.2,Gain Strength,Beginner,Gym,8.7,2,5,0.77,72,Push,1,61,643,1
U2753,19,Female,193,105,28.2,Improve Fitness,Beginner,Gym,7.9,5,2,0.66,78,Recovery,1,23,168,1
U2754,42,Female,159,61.7,24.4,Gain Strength,Intermediate,Gym,6.2,4,1,0.95,72,Upper Body,2,51,559,1
U2755,20,Male,192,122,33.1,Gain Strength,Beginner,Gym,5.3,5,3,0.62,72,Lower Body,1,51,380,1
U2756,35,Male,162,76.9,29.3,Lose Weight,Beginner,Mixed,7.5,2,2,0.78,55,Lower Body,1,52,561,1
U2757,39,Male,151,44.7,19.6,Lose Weight,Beginner,Gym,7.5,4,1,0.47,64,Full Body,1,60,504,1
U2758,36,Female,188,94,26.6,Build Muscle,Beginner,Gym,6,3,4,1,90,Pull,1,62,591,1
U2759,18,Male,169,51.1,17.9,Build Muscle,Intermediate,Mixed,6.1,4,0,0.31,60,Pull,2,58,463,0
U2760,34,Male,165,75.4,27.7,Build Muscle,Intermediate,Gym,6.6,8,3,0.8,49,Legs,2,70,555,1
U2761,27,Male,185,95.5,27.9,Build Muscle,Advanced,Mixed,6.5,8,2,0.72,70,Pull,3,45,511,1
U2762,45,Female,188,67.9,19.2,Build Muscle,Advanced,Gym,5.8,10,6,0.89,77,Push,3,54,376,1
U2763,45,Female,175,88.5,28.9,Build Muscle,Beginner,Gym,7.5,8,4,0.75,46,Push,1,55,618,1
U2764,24,Female,168,66,23.4,Gain Strength,Intermediate,Gym,7.1,6,4,1,82,Lower Body,2,54,355,1
U2765,40,Male,179,99.3,31,Gain Strength,Advanced,Gym,7.8,6,4,0.59,73,Push,3,47,493,1
U2766,26,Female,156,62.1,25.5,Build Muscle,Intermediate,Gym,6.1,6,5,0.65,68,Pull,2,61,425,1
U2767,33,Female,166,86,31.2,Lose Weight,Intermediate,Gym,4.8,4,5,0.94,57,Cardio,2,49,534,1
U2768,26,Female,151,42.6,18.7,Lose Weight,Intermediate,Gym,8.4,9,6,0.85,90,Recovery,2,35,385,1
U2769,23,Female,154,66.2,27.9,Lose Weight,Intermediate,Home,9.4,5,6,0.82,69,Full Body,2,44,404,1
U2770,45,Female,177,81.1,25.9,Gain Strength,Intermediate,Mixed,8.5,4,4,0.58,62,Lower Body,2,60,476,1
U2771,25,Female,185,79.4,23.2,Improve Fitness,Intermediate,Gym,4.8,8,2,0.74,43,Full Body,2,42,352,0
U2772,28,Male,189,88.2,24.7,Lose Weight,Beginner,Gym,8.1,8,6,0.63,97,Cardio,1,44,482,1
U2773,30,Female,176,57,18.4,Build Muscle,Advanced,Home,8.4,3,2,0.84,46,Pull,3,53,502,1
U2774,41,Male,164,96.6,35.9,Build Muscle,Beginner,Mixed,7,3,1,0.56,50,Pull,1,68,742,1
U2775,44,Male,178,74.8,23.6,Build Muscle,Advanced,Gym,7,6,1,0.74,67,Upper Body,3,50,335,1
U2776,37,Female,181,89.1,27.2,Build Muscle,Intermediate,Home,6.7,5,4,0.37,69,Pull,2,61,575,1
U2777,45,Male,178,53.9,17,Gain Strength,Intermediate,Mixed,7.5,0,6,0.54,74,Upper Body,2,49,383,1
U2778,22,Male,180,97.2,30,Lose Weight,Beginner,Gym,6.1,7,2,0.91,65,Cardio,1,32,332,1
U2779,19,Male,152,73.7,31.9,Lose Weight,Beginner,Mixed,6.7,0,6,0.57,82,Full Body,1,56,437,1
U2780,25,Female,191,82.8,22.7,Gain Strength,Beginner,Gym,6.2,2,1,0.63,71,Lower Body,1,64,420,1
U2781,19,Female,179,96.4,30.1,Build Muscle,Advanced,Home,5,1,0,0.72,81,Upper Body,3,59,609,1
U2782,34,Female,170,73.1,25.3,Improve Fitness,Beginner,Gym,8.5,5,4,0.71,69,Full Body,1,52,460,1
U2783,31,Male,182,89.4,27,Lose Weight,Intermediate,Gym,7.2,10,0,0.65,79,Cardio,2,48,443,1
U2784,22,Male,173,65.2,21.8,Gain Strength,Beginner,Gym,6.4,9,4,0.62,92,Pull,1,52,527,1
U2785,36,Male,181,55.7,17,Lose Weight,Beginner,Gym,7.5,4,6,0.73,46,Full Body,1,57,442,1
U2786,29,Male,163,68.5,25.8,Improve Fitness,Intermediate,Gym,7.6,4,3,0.83,32,Full Body,2,57,581,1
U2787,28,Male,166,83.2,30.2,Lose Weight,Advanced,Mixed,6.3,0,1,0.84,83,Cardio,3,39,432,1
U2788,25,Female,191,75.9,20.8,Build Muscle,Beginner,Gym,7.8,10,5,0.65,40,Upper Body,1,43,298,1
U2789,24,Female,154,69.7,29.4,Lose Weight,Beginner,Gym,6.2,8,2,0.57,65,Cardio,1,40,415,1
U2790,29,Male,194,96.3,25.6,Build Muscle,Intermediate,Gym,7,9,6,0.82,51,Upper Body,2,51,463,1
U2791,45,Male,174,64.8,21.4,Lose Weight,Intermediate,Gym,7,8,1,1,70,Recovery,2,23,212,1
U2792,40,Male,153,68.1,29.1,Improve Fitness,Advanced,Gym,7.1,4,6,0.63,68,Full Body,3,59,586,1
U2793,29,Female,165,64.8,23.8,Improve Fitness,Intermediate,Mixed,7.8,1,1,0.97,77,Full Body,2,55,556,1
U2794,20,Male,165,80.3,29.5,Build Muscle,Advanced,Gym,6,3,6,0.65,61,Push,3,46,367,1
U2795,32,Female,184,87.3,25.8,Build Muscle,Intermediate,Mixed,6.7,9,5,0.85,58,Pull,2,58,445,1
U2796,43,Female,170,71.4,24.7,Improve Fitness,Beginner,Home,7.9,2,4,0.35,100,Cardio,1,43,369,1
U2797,39,Male,189,83.2,23.3,Improve Fitness,Intermediate,Gym,4.9,1,5,0.75,72,Upper Body,2,64,648,1
U2798,38,Male,160,62,24.2,Gain Strength,Beginner,Home,8.2,6,4,0.85,76,Push,1,65,553,1
U2799,38,Female,189,94.3,26.4,Lose Weight,Beginner,Gym,7,8,1,1,49,Full Body,1,42,321,1
U2800,39,Female,181,82.2,25.1,Build Muscle,Beginner,Home,7.2,0,5,0.87,59,Push,1,65,532,1
U2801,33,Male,166,47.4,17.2,Gain Strength,Intermediate,Mixed,7.3,2,4,0.77,94,Pull,2,70,803,1
U2802,43,Male,195,73,19.2,Improve Fitness,Advanced,Mixed,8.4,6,0,1,66,Lower Body,3,48,315,1
U2803,43,Female,169,54.6,19.1,Improve Fitness,Beginner,Mixed,6.7,6,5,0.72,80,Recovery,1,30,270,1
U2804,41,Female,177,68.9,22,Lose Weight,Intermediate,Gym,8.8,1,3,0.52,45,Cardio,2,43,388,1
U2805,34,Female,174,88.1,29.1,Build Muscle,Intermediate,Mixed,4.6,9,4,0.68,100,Lower Body,2,44,480,1
U2806,22,Male,155,58.6,24.4,Improve Fitness,Intermediate,Mixed,5.9,8,3,0.71,71,Full Body,2,58,595,1
U2807,37,Male,163,67,25.2,Lose Weight,Beginner,Gym,7.8,4,6,0.53,97,Recovery,1,30,206,1
U2808,40,Male,166,70.3,25.5,Lose Weight,Intermediate,Gym,7.9,5,1,0.61,91,Cardio,2,47,401,1
U2809,24,Male,186,81,23.4,Build Muscle,Beginner,Home,7.4,6,3,0.55,57,Push,1,57,488,1
U2810,43,Female,174,83,27.4,Gain Strength,Beginner,Mixed,6.6,5,6,0.57,62,Upper Body,1,40,412,1
U2811,34,Male,159,69.3,27.4,Build Muscle,Beginner,Gym,6.4,8,4,0.7,72,Pull,1,65,621,1
U2812,30,Female,170,49.1,17,Gain Strength,Beginner,Mixed,5.5,4,4,0.78,60,Pull,1,52,359,1
U2813,33,Female,172,85.5,28.9,Gain Strength,Intermediate,Home,8.2,2,4,0.85,99,Upper Body,2,48,544,1
U2814,20,Female,183,81,24.2,Lose Weight,Advanced,Mixed,7.8,6,3,0.61,100,Cardio,3,50,389,1
U2815,25,Female,189,117.2,32.8,Lose Weight,Intermediate,Gym,7.1,5,6,0.79,92,Full Body,2,59,453,1
U2816,41,Male,153,55.9,23.9,Lose Weight,Beginner,Home,6.4,2,0,0.88,73,Lower Body,1,58,514,1
U2817,38,Male,161,65.6,25.3,Improve Fitness,Beginner,Gym,6.2,8,6,0.41,75,Upper Body,1,57,532,0
U2818,34,Female,177,88.7,28.3,Gain Strength,Beginner,Gym,6.9,10,6,0.98,61,Legs,1,51,332,1
U2819,44,Female,164,54.1,20.1,Lose Weight,Beginner,Home,7,8,3,0.71,83,Full Body,1,51,419,1
U2820,36,Male,175,64.9,21.2,Build Muscle,Advanced,Gym,8.6,4,5,1,71,Lower Body,3,50,512,1
U2821,30,Female,189,106.1,29.7,Lose Weight,Beginner,Home,5.9,8,6,0.91,87,Recovery,1,33,336,1
U2822,23,Male,172,83.1,28.1,Improve Fitness,Intermediate,Mixed,7.1,10,6,0.2,62,Upper Body,2,50,359,0
U2823,23,Female,161,56.8,21.9,Lose Weight,Beginner,Home,6,6,3,0.74,65,Full Body,1,52,554,1
U2824,44,Female,171,61.4,21,Build Muscle,Intermediate,Home,5.9,9,0,0.59,88,Upper Body,2,44,435,1
U2825,26,Female,156,52.8,21.7,Gain Strength,Intermediate,Gym,6.5,3,5,0.64,77,Push,2,50,386,1
U2826,42,Female,192,97.3,26.4,Lose Weight,Beginner,Gym,4.5,5,3,0.9,93,Lower Body,1,59,461,1
U2827,43,Male,190,72.6,20.1,Gain Strength,Beginner,Home,6,8,3,0.64,60,Upper Body,1,44,286,0
U2828,36,Female,189,90.7,25.4,Improve Fitness,Beginner,Gym,5,3,2,0.52,95,Lower Body,1,41,402,1
U2829,21,Male,171,60.2,20.6,Lose Weight,Intermediate,Mixed,8.5,4,4,0.78,44,Recovery,2,27,223,1
U2830,29,Female,182,90.1,27.2,Build Muscle,Beginner,Gym,7,4,5,0.64,75,Full Body,1,43,380,1
U2831,37,Female,159,67,26.5,Build Muscle,Beginner,Gym,7.9,5,2,0.93,78,Legs,1,56,547,1
U2832,30,Male,159,47.3,18.7,Gain Strength,Advanced,Home,6.6,4,5,1,82,Legs,3,68,709,1
U2833,38,Female,178,109.3,34.5,Build Muscle,Beginner,Gym,8.6,6,6,0.76,76,Legs,1,60,536,1
U2834,43,Male,168,68.6,24.3,Build Muscle,Beginner,Gym,5.2,5,0,0.72,90,Legs,1,69,490,1
U2835,18,Male,188,77.8,22,Gain Strength,Beginner,Gym,7.6,5,4,0.87,58,Upper Body,1,52,486,1
U2836,38,Female,186,78.2,22.6,Build Muscle,Intermediate,Home,6,2,4,0.57,52,Pull,2,68,717,1
U2837,25,Female,178,65.6,20.7,Lose Weight,Beginner,Mixed,8.7,6,3,0.56,73,Recovery,1,31,271,1
U2838,22,Male,167,62.5,22.4,Gain Strength,Advanced,Gym,8.4,5,6,0.96,84,Push,3,47,415,1
U2839,45,Female,160,66,25.8,Lose Weight,Beginner,Home,6.8,6,3,0.51,100,Lower Body,1,53,461,1
U2840,44,Male,194,80.2,21.3,Build Muscle,Advanced,Gym,7.8,10,0,0.91,63,Upper Body,3,51,539,1
U2841,30,Male,182,95.7,28.9,Build Muscle,Intermediate,Gym,7.9,10,3,1,64,Pull,2,69,754,1
U2842,45,Female,177,59.8,19.1,Improve Fitness,Beginner,Mixed,6.5,10,1,0.76,72,Recovery,1,25,263,1
U2843,20,Male,187,79.7,22.8,Lose Weight,Intermediate,Home,5,2,6,0.8,100,Cardio,2,42,352,1
U2844,29,Male,161,68.4,26.4,Lose Weight,Intermediate,Gym,7.8,1,0,0.82,77,Full Body,2,46,457,1
U2845,22,Male,163,75.5,28.4,Lose Weight,Intermediate,Gym,7.5,9,1,0.66,60,Full Body,2,49,529,1
U2846,20,Female,174,71.1,23.5,Gain Strength,Beginner,Mixed,7.4,4,5,0.66,76,Legs,1,73,541,1
U2847,23,Male,174,79.6,26.3,Build Muscle,Beginner,Gym,8,6,2,0.95,73,Legs,1,66,572,1
U2848,35,Male,179,60.9,19,Lose Weight,Intermediate,Gym,6.7,7,3,0.73,44,Full Body,2,53,419,1
U2849,34,Female,185,103.7,30.3,Build Muscle,Beginner,Gym,7.3,9,1,0.79,92,Push,1,65,622,1
U2850,32,Female,156,53.3,21.9,Lose Weight,Beginner,Gym,7.7,10,6,0.7,69,Cardio,1,42,424,1
U2851,42,Female,191,77.7,21.3,Build Muscle,Beginner,Gym,8.9,10,0,0.65,82,Upper Body,1,51,477,1
U2852,24,Female,184,57.6,17,Build Muscle,Beginner,Mixed,8.4,7,2,0.91,73,Push,1,64,460,1
U2853,45,Female,160,60.2,23.5,Lose Weight,Beginner,Gym,7.5,6,4,1,45,Full Body,1,56,366,1
U2854,45,Male,162,73,27.8,Gain Strength,Beginner,Gym,6.1,8,6,0.72,68,Pull,1,59,634,1
U2855,33,Female,171,66.4,22.7,Improve Fitness,Beginner,Gym,7.1,5,0,0.52,87,Full Body,1,49,541,1
U2856,25,Male,155,40.8,17,Lose Weight,Beginner,Mixed,7.7,9,5,0.66,54,Full Body,1,50,349,1
U2857,33,Male,181,83.2,25.4,Gain Strength,Beginner,Gym,5.4,8,3,0.73,50,Lower Body,1,50,348,0
U2858,30,Female,184,89.4,26.4,Gain Strength,Intermediate,Home,6.1,9,2,0.64,76,Pull,2,48,495,0
U2859,30,Female,179,68.2,21.3,Improve Fitness,Beginner,Gym,7,6,2,0.45,81,Full Body,1,58,570,0
U2860,25,Male,190,115.2,31.9,Gain Strength,Intermediate,Gym,9.5,3,1,0.74,83,Pull,2,60,424,1
U2861,18,Female,184,57.6,17,Build Muscle,Intermediate,Gym,8.8,4,5,0.86,64,Lower Body,2,40,431,1
U2862,45,Female,160,76,29.7,Lose Weight,Intermediate,Home,6.8,9,2,0.64,79,Lower Body,2,55,619,1
U2863,36,Female,175,61.2,20,Build Muscle,Beginner,Gym,8.2,5,3,0.53,56,Pull,1,59,585,1
U2864,24,Female,182,68.6,20.7,Build Muscle,Advanced,Home,7.9,3,4,0.61,51,Push,3,56,470,1
U2865,36,Male,191,80.3,22,Gain Strength,Beginner,Gym,7.1,2,3,0.51,54,Upper Body,1,54,469,1
U2866,29,Female,152,77.2,33.4,Gain Strength,Beginner,Home,6.2,6,1,0.66,66,Pull,1,68,465,0
U2867,43,Male,153,53.1,22.7,Improve Fitness,Intermediate,Mixed,7.8,1,1,0.89,67,Cardio,2,35,396,1
U2868,38,Male,168,54.5,19.3,Build Muscle,Beginner,Home,8.5,3,0,0.7,97,Lower Body,1,40,417,1
U2869,44,Male,174,51.5,17,Lose Weight,Advanced,Home,7.3,10,0,1,66,Cardio,3,50,405,1
U2870,22,Female,155,56.7,23.6,Build Muscle,Beginner,Gym,7.4,0,0,0.62,67,Lower Body,1,55,571,1
U2871,28,Male,156,56.2,23.1,Build Muscle,Intermediate,Home,6.4,8,6,0.94,78,Push,2,54,438,1
U2872,32,Female,169,73.1,25.6,Improve Fitness,Beginner,Mixed,8,7,4,0.67,60,Lower Body,1,40,395,1
U2873,19,Male,187,76.9,22,Improve Fitness,Beginner,Gym,7.1,1,3,0.53,64,Full Body,1,50,562,1
U2874,42,Male,184,75.5,22.3,Gain Strength,Intermediate,Home,9.4,2,4,0.22,69,Legs,2,63,538,1
U2875,36,Male,180,102.7,31.7,Improve Fitness,Intermediate,Gym,7.2,1,3,0.86,73,Full Body,2,57,376,1
U2876,20,Male,161,56.2,21.7,Lose Weight,Beginner,Home,4.6,2,0,0.76,60,Cardio,1,50,399,1
U2877,26,Male,175,64.6,21.1,Build Muscle,Intermediate,Gym,6.6,1,0,1,100,Lower Body,2,63,415,1
U2878,21,Female,160,65,25.4,Lose Weight,Intermediate,Gym,6.6,4,1,0.51,79,Lower Body,2,50,398,1
U2879,35,Male,162,84,32,Build Muscle,Advanced,Gym,6.8,7,1,0.29,82,Full Body,3,57,597,0
U2880,45,Female,171,83.6,28.6,Lose Weight,Intermediate,Gym,5.4,6,3,0.75,78,Cardio,2,46,382,1
U2881,41,Male,186,83.7,24.2,Lose Weight,Intermediate,Mixed,6.2,7,5,0.9,65,Cardio,2,41,298,1
U2882,41,Female,158,45.7,18.3,Build Muscle,Intermediate,Mixed,4.8,7,6,0.95,81,Push,2,51,460,1
U2883,36,Male,171,72.8,24.9,Lose Weight,Advanced,Mixed,6.6,5,6,0.62,55,Cardio,3,36,263,1
U2884,18,Female,171,66.4,22.7,Gain Strength,Intermediate,Home,4.8,1,6,0.59,67,Lower Body,2,58,496,1
U2885,30,Male,172,80.2,27.1,Lose Weight,Intermediate,Gym,7.1,1,1,0.86,92,Cardio,2,44,387,1
U2886,23,Female,169,82.5,28.9,Build Muscle,Beginner,Home,7.6,5,6,0.72,57,Pull,1,64,568,1
U2887,28,Female,195,104.9,27.6,Improve Fitness,Beginner,Gym,8.9,10,5,0.78,100,Full Body,1,58,646,1
U2888,38,Male,191,66,18.1,Build Muscle,Beginner,Home,5.8,6,0,0.87,75,Upper Body,1,53,438,1
U2889,25,Female,176,92.9,30,Build Muscle,Advanced,Gym,7.1,2,1,0.56,68,Pull,3,70,663,1
U2890,20,Female,190,65.3,18.1,Improve Fitness,Advanced,Home,5.9,2,3,0.9,85,Full Body,3,45,403,1
U2891,45,Female,176,80.5,26,Lose Weight,Intermediate,Mixed,5.2,10,0,0.66,53,Full Body,2,47,369,0
U2892,43,Female,160,75.3,29.4,Build Muscle,Intermediate,Gym,6.5,10,6,0.52,72,Pull,2,60,464,1
U2893,37,Male,160,55.8,21.8,Build Muscle,Intermediate,Gym,8.7,4,3,0.59,51,Upper Body,2,46,438,1
U2894,18,Male,195,64.6,17,Improve Fitness,Beginner,Gym,7.1,7,3,0.62,50,Full Body,1,44,441,0
U2895,28,Female,192,108.7,29.5,Improve Fitness,Intermediate,Gym,7.8,10,1,0.71,92,Full Body,2,44,381,1
U2896,29,Female,186,94.4,27.3,Build Muscle,Beginner,Mixed,6.2,10,4,0.53,84,Pull,1,68,736,1
U2897,43,Female,161,67.9,26.2,Lose Weight,Intermediate,Gym,7.3,7,1,0.57,81,Cardio,2,37,286,1
U2898,44,Male,153,49.9,21.3,Build Muscle,Beginner,Gym,7,2,1,0.98,62,Pull,1,63,634,1
U2899,32,Male,153,41.9,17.9,Build Muscle,Beginner,Gym,5.9,1,3,0.9,75,Push,1,48,399,1
U2900,29,Female,184,81.3,24,Improve Fitness,Beginner,Home,6.5,4,5,0.81,59,Recovery,1,21,167,1
U2901,28,Female,169,73.7,25.8,Build Muscle,Intermediate,Gym,6.3,5,6,0.56,62,Push,2,70,635,1
U2902,36,Male,165,62.3,22.9,Gain Strength,Intermediate,Mixed,7,0,2,0.76,30,Upper Body,2,59,641,1
U2903,21,Female,194,79.4,21.1,Lose Weight,Intermediate,Gym,6.7,1,3,0.99,55,Full Body,2,56,432,1
U2904,44,Female,157,62.1,25.2,Gain Strength,Beginner,Mixed,8.7,10,5,0.48,77,Lower Body,1,40,351,1
U2905,20,Female,152,48.7,21.1,Build Muscle,Beginner,Home,6.5,10,3,0.58,61,Legs,1,59,439,0
U2906,24,Female,151,81.9,35.9,Improve Fitness,Intermediate,Home,8,9,0,0.92,79,Full Body,2,53,401,1
U2907,22,Female,182,59,17.8,Lose Weight,Intermediate,Gym,7.5,3,0,0.91,59,Cardio,2,33,374,1
U2908,33,Female,155,68.7,28.6,Lose Weight,Intermediate,Mixed,7.9,9,0,1,65,Recovery,2,21,216,1
U2909,30,Female,161,51.6,19.9,Lose Weight,Beginner,Mixed,6.7,7,1,0.98,44,Lower Body,1,46,379,1
U2910,27,Male,179,54.5,17,Lose Weight,Intermediate,Home,7.2,0,4,0.64,72,Cardio,2,49,560,1
U2911,29,Male,191,104,28.5,Build Muscle,Advanced,Home,6.5,3,3,0.38,100,Legs,3,63,528,1
U2912,34,Female,178,64.3,20.3,Lose Weight,Advanced,Gym,5.9,7,0,0.92,66,Cardio,3,41,341,1
U2913,30,Male,169,69.1,24.2,Build Muscle,Intermediate,Gym,7.6,10,5,0.92,66,Legs,2,61,497,1
U2914,43,Male,165,84.1,30.9,Gain Strength,Intermediate,Gym,4.8,3,0,0.86,59,Upper Body,2,43,447,1
U2915,44,Female,156,73.7,30.3,Lose Weight,Intermediate,Home,7.3,0,6,0.6,81,Cardio,2,31,303,1
U2916,28,Female,187,99,28.3,Improve Fitness,Intermediate,Home,7.8,0,5,0.53,64,Cardio,2,48,434,1
U2917,22,Female,174,74.2,24.5,Build Muscle,Beginner,Gym,7.1,4,1,0.85,41,Legs,1,54,393,1
U2918,27,Male,151,59.1,25.9,Lose Weight,Advanced,Gym,6.8,7,4,0.57,60,Full Body,3,48,460,1
U2919,40,Male,172,69.8,23.6,Build Muscle,Intermediate,Gym,4.5,2,2,0.59,58,Push,2,46,307,1
U2920,25,Female,152,61.7,26.7,Lose Weight,Intermediate,Gym,6.2,1,1,0.68,95,Cardio,2,46,511,1
U2921,45,Male,182,95.1,28.7,Improve Fitness,Beginner,Gym,8.1,6,3,0.63,80,Full Body,1,46,366,1
U2922,26,Female,190,84.8,23.5,Lose Weight,Intermediate,Gym,6.9,3,3,0.79,63,Cardio,2,45,475,1
U2923,45,Female,169,88,30.8,Build Muscle,Beginner,Gym,6.9,4,5,0.83,93,Legs,1,68,737,1
U2924,25,Female,154,68.3,28.8,Build Muscle,Beginner,Mixed,5.6,1,4,0.8,84,Push,1,65,678,1
U2925,37,Male,192,104,28.2,Lose Weight,Beginner,Gym,5.9,4,3,0.6,86,Recovery,1,22,231,1
U2926,37,Male,170,61.6,21.3,Gain Strength,Beginner,Home,6.8,9,1,1,71,Lower Body,1,49,334,1
U2927,19,Male,166,59,21.4,Build Muscle,Beginner,Home,6.1,8,0,0.78,52,Push,1,55,400,1
U2928,38,Male,178,74.5,23.5,Improve Fitness,Intermediate,Gym,7.5,7,0,0.95,82,Cardio,2,30,344,1
U2929,30,Female,156,52.3,21.5,Build Muscle,Intermediate,Gym,8.4,3,0,0.67,53,Push,2,69,491,1
U2930,42,Male,179,76.3,23.8,Build Muscle,Advanced,Home,8.7,0,3,0.75,72,Upper Body,3,59,554,1
U2931,34,Female,150,70.6,31.4,Lose Weight,Beginner,Home,5.5,3,3,0.49,47,Full Body,1,45,293,1
U2932,30,Male,164,70.2,26.1,Build Muscle,Intermediate,Gym,7.3,3,0,1,75,Upper Body,2,61,421,1
U2933,35,Female,191,83.2,22.8,Build Muscle,Beginner,Gym,7.1,5,1,0.74,46,Pull,1,53,450,1
U2934,37,Female,185,122.9,35.9,Lose Weight,Intermediate,Home,7.7,8,4,0.76,81,Cardio,2,46,392,1
U2935,21,Male,153,64.4,27.5,Improve Fitness,Intermediate,Gym,6.9,1,3,0.61,80,Cardio,2,50,374,1
U2936,24,Male,178,82.7,26.1,Lose Weight,Beginner,Mixed,6.2,7,0,0.98,76,Full Body,1,41,321,1
U2937,27,Male,172,81.7,27.6,Build Muscle,Intermediate,Gym,8.6,3,1,0.72,76,Pull,2,55,513,1
U2938,21,Female,193,103.9,27.9,Build Muscle,Beginner,Gym,6.3,3,0,0.73,73,Lower Body,1,45,379,1
U2939,30,Female,163,54.5,20.5,Gain Strength,Intermediate,Mixed,9.5,9,3,0.47,52,Legs,2,75,773,0
U2940,40,Male,167,83.7,30,Lose Weight,Intermediate,Gym,7.9,3,6,0.54,81,Full Body,2,52,563,1
U2941,39,Female,185,105.1,30.7,Lose Weight,Beginner,Home,7.1,3,2,1,46,Full Body,1,59,385,1
U2942,29,Male,180,88.8,27.4,Improve Fitness,Intermediate,Gym,8.4,2,0,0.88,68,Lower Body,2,65,613,1
U2943,37,Male,173,69.7,23.3,Gain Strength,Beginner,Gym,7.6,9,4,0.87,81,Upper Body,1,60,498,1
U2944,18,Male,188,102.1,28.9,Gain Strength,Beginner,Gym,6,1,5,0.68,57,Legs,1,55,586,1
U2945,38,Male,171,67,22.9,Build Muscle,Advanced,Gym,8.2,0,0,0.74,100,Push,3,47,322,1
U2946,36,Female,162,66.4,25.3,Lose Weight,Intermediate,Mixed,7.2,9,5,0.74,62,Full Body,2,47,425,1
U2947,38,Male,183,81.4,24.3,Improve Fitness,Intermediate,Gym,8.3,9,4,0.74,60,Full Body,2,44,299,1
U2948,39,Female,183,69,20.6,Build Muscle,Intermediate,Mixed,6.6,7,5,0.73,89,Pull,2,58,413,1
U2949,20,Male,158,47.2,18.9,Build Muscle,Beginner,Gym,6.7,6,6,0.75,44,Pull,1,65,691,1
U2950,22,Male,176,65,21,Build Muscle,Beginner,Home,6.4,9,1,0.58,74,Legs,1,47,407,1
U2951,18,Male,159,60.2,23.8,Build Muscle,Intermediate,Gym,6.5,9,5,0.8,97,Pull,2,62,527,1
U2952,32,Male,161,81.4,31.4,Lose Weight,Intermediate,Gym,5,4,4,0.82,69,Lower Body,2,53,546,1
U2953,26,Female,193,93.9,25.2,Lose Weight,Intermediate,Gym,6.7,10,3,0.74,74,Lower Body,2,47,357,1
U2954,31,Female,151,50.4,22.1,Lose Weight,Intermediate,Gym,6.1,7,3,0.64,75,Cardio,2,40,271,1
U2955,38,Female,194,101.6,27,Improve Fitness,Intermediate,Gym,8,9,0,0.63,76,Full Body,2,43,336,0
U2956,30,Male,179,91.3,28.5,Build Muscle,Beginner,Mixed,8.4,6,3,0.71,68,Upper Body,1,42,440,1
U2957,23,Female,172,74.8,25.3,Gain Strength,Intermediate,Mixed,5.8,7,6,0.69,83,Pull,2,56,577,1
U2958,20,Male,166,75,27.2,Gain Strength,Beginner,Gym,6.8,1,3,0.76,59,Upper Body,1,53,599,1
U2959,30,Female,177,86.2,27.5,Build Muscle,Beginner,Mixed,7,4,5,0.67,66,Lower Body,1,51,432,1
U2960,25,Male,182,80.2,24.2,Gain Strength,Intermediate,Gym,6.6,4,5,0.84,66,Legs,2,46,463,1
U2961,34,Male,155,75,31.2,Build Muscle,Beginner,Home,8.7,5,6,0.56,73,Full Body,1,45,431,1
U2962,45,Male,185,74.6,21.8,Build Muscle,Intermediate,Gym,6.7,10,0,1,67,Legs,2,69,584,1
U2963,20,Male,189,92.9,26,Gain Strength,Beginner,Gym,7.7,10,5,0.54,59,Push,1,61,560,0
U2964,26,Male,158,48.4,19.4,Lose Weight,Beginner,Home,6.1,0,1,0.21,80,Full Body,1,44,429,0
U2965,25,Male,195,125.9,33.1,Improve Fitness,Intermediate,Home,7.3,10,2,0.47,62,Full Body,2,46,331,0
U2966,35,Male,188,79.9,22.6,Build Muscle,Beginner,Gym,6,1,3,0.87,84,Lower Body,1,49,320,1
U2967,24,Male,166,54,19.6,Lose Weight,Advanced,Gym,7.9,0,3,0.99,100,Cardio,3,38,301,1
U2968,43,Female,185,123.2,36,Build Muscle,Beginner,Home,6.1,7,3,1,66,Pull,1,63,446,1
U2969,18,Female,151,50.2,22,Gain Strength,Advanced,Gym,7.5,9,5,0.62,77,Legs,3,55,549,1
U2970,40,Male,158,47.4,19,Gain Strength,Advanced,Mixed,6.8,5,4,0.95,71,Upper Body,3,47,521,1
U2971,41,Male,194,94.5,25.1,Improve Fitness,Beginner,Mixed,7.6,2,2,0.93,47,Upper Body,1,42,465,1
U2972,42,Male,170,78,27,Build Muscle,Intermediate,Mixed,6.8,7,3,0.75,87,Upper Body,2,48,453,1
U2973,25,Male,166,53.7,19.5,Improve Fitness,Beginner,Mixed,6,8,0,0.37,63,Upper Body,1,49,362,0
U2974,25,Female,194,113.3,30.1,Build Muscle,Intermediate,Gym,7,5,4,0.48,64,Lower Body,2,54,484,1
U2975,37,Male,156,44.5,18.3,Gain Strength,Intermediate,Mixed,5.9,8,1,0.79,54,Push,2,58,599,0
U2976,39,Male,155,70.2,29.2,Improve Fitness,Beginner,Home,7,5,4,0.74,67,Cardio,1,33,248,1
U2977,30,Female,153,64.8,27.7,Build Muscle,Intermediate,Gym,8,6,5,0.78,80,Upper Body,2,59,450,1
U2978,39,Female,167,65.8,23.6,Lose Weight,Beginner,Gym,7.7,3,5,0.66,72,Lower Body,1,50,498,1
U2979,19,Male,163,61.9,23.3,Lose Weight,Intermediate,Gym,6.6,8,5,0.6,79,Cardio,2,46,416,1
U2980,34,Male,184,101.6,30,Gain Strength,Beginner,Gym,8.4,9,3,0.49,91,Pull,1,65,583,1
U2981,27,Female,167,64.7,23.2,Build Muscle,Intermediate,Home,7.8,4,6,0.56,74,Lower Body,2,63,543,1
U2982,30,Female,168,72.8,25.8,Gain Strength,Beginner,Gym,5.5,5,4,0.83,92,Push,1,52,392,1
U2983,37,Female,190,85.9,23.8,Lose Weight,Advanced,Home,8.6,7,6,0.69,84,Full Body,3,56,622,1
U2984,33,Female,176,52.7,17,Gain Strength,Intermediate,Gym,9.5,7,4,0.99,67,Pull,2,67,653,1
U2985,21,Female,179,54.5,17,Improve Fitness,Beginner,Mixed,7.4,10,6,0.46,78,Full Body,1,60,506,1
U2986,23,Male,162,68.8,26.2,Build Muscle,Intermediate,Gym,6.1,0,1,0.92,84,Full Body,2,58,574,1
U2987,19,Male,164,76.9,28.6,Build Muscle,Advanced,Gym,7.1,10,6,0.47,86,Pull,3,55,448,1
U2988,21,Female,189,83.6,23.4,Lose Weight,Beginner,Home,5.6,3,1,0.96,100,Recovery,1,27,258,1
U2989,19,Male,195,92.4,24.3,Lose Weight,Beginner,Home,9.5,0,1,0.74,66,Cardio,1,33,258,1
U2990,43,Female,186,75.8,21.9,Build Muscle,Intermediate,Gym,8.9,2,0,0.58,83,Legs,2,60,616,1
U2991,18,Female,170,64.2,22.2,Build Muscle,Intermediate,Gym,6.6,2,1,0.91,66,Lower Body,2,49,421,1
U2992,40,Female,165,62.1,22.8,Gain Strength,Advanced,Gym,8.3,5,6,1,81,Lower Body,3,53,346,1
U2993,33,Female,184,73.5,21.7,Lose Weight,Intermediate,Mixed,6.5,3,1,0.73,76,Full Body,2,46,455,1
U2994,31,Male,151,46.5,20.4,Lose Weight,Intermediate,Mixed,7.9,6,4,0.74,46,Cardio,2,43,311,1
U2995,36,Female,173,61.7,20.6,Improve Fitness,Intermediate,Gym,6.5,7,6,0.71,100,Cardio,2,50,351,1
U2996,19,Male,163,67.8,25.5,Lose Weight,Beginner,Gym,6.2,0,3,0.76,66,Full Body,1,43,419,1
U2997,39,Male,193,96.5,25.9,Gain Strength,Intermediate,Home,7.7,1,5,0.94,71,Legs,2,45,298,1
U2998,20,Male,161,81.4,31.4,Improve Fitness,Beginner,Gym,8.1,8,1,0.59,100,Lower Body,1,54,561,1
U2999,28,Female,189,92.5,25.9,Lose Weight,Intermediate,Gym,6.2,7,6,1,100,Cardio,2,31,281,1
U3000,40,Male,155,58.6,24.4,Improve Fitness,Beginner,Mixed,6.5,8,0,0.69,82,Recovery,1,28,285,1
U3001,26,Female,176,92.6,29.9,Build Muscle,Intermediate,Mixed,7.7,0,5,0.74,94,Legs,2,53,440,1
U3002,24,Female,185,79.4,23.2,Lose Weight,Beginner,Gym,8.2,8,2,0.67,78,Cardio,1,49,508,1
U3003,19,Female,155,57.7,24,Build Muscle,Intermediate,Gym,7,7,1,0.65,92,Legs,2,64,670,1
U3004,22,Female,193,79.7,21.4,Gain Strength,Intermediate,Home,6.3,4,0,1,86,Legs,2,65,433,1
U3005,30,Female,184,57.6,17,Lose Weight,Intermediate,Gym,6.5,10,3,0.39,57,Cardio,2,48,437,0
U3006,21,Male,166,46.8,17,Build Muscle,Intermediate,Gym,6.9,5,5,0.51,72,Upper Body,2,42,389,1
U3007,26,Male,183,59.3,17.7,Lose Weight,Advanced,Gym,7.2,0,5,0.65,94,Full Body,3,43,419,1
U3008,41,Male,180,98.5,30.4,Gain Strength,Beginner,Gym,8,6,4,0.66,100,Legs,1,49,419,1
U3009,39,Male,170,52,18,Improve Fitness,Beginner,Mixed,5.6,9,0,0.7,100,Full Body,1,43,435,1
U3010,18,Female,153,55.5,23.7,Build Muscle,Intermediate,Home,6.9,2,5,0.46,86,Upper Body,2,61,585,1
U3011,33,Female,189,101.8,28.5,Gain Strength,Intermediate,Home,8,10,5,0.61,61,Upper Body,2,59,674,1
U3012,41,Female,166,52.6,19.1,Gain Strength,Beginner,Gym,7.2,10,5,0.53,54,Upper Body,1,52,367,0
U3013,42,Male,178,71.9,22.7,Build Muscle,Advanced,Home,6.6,5,0,0.62,78,Full Body,3,54,564,1
U3014,43,Female,186,85.8,24.8,Gain Strength,Intermediate,Gym,6.8,8,0,0.75,57,Upper Body,2,64,674,0
U3015,32,Female,188,88,24.9,Gain Strength,Intermediate,Gym,7.3,9,5,0.45,86,Pull,2,64,483,1
U3016,44,Female,182,68.9,20.8,Lose Weight,Beginner,Gym,7.2,5,3,0.93,85,Cardio,1,30,222,1
U3017,29,Male,170,71.1,24.6,Build Muscle,Beginner,Home,6.7,1,0,0.89,82,Push,1,70,542,1
U3018,39,Female,182,72.5,21.9,Lose Weight,Intermediate,Home,6.2,9,1,0.35,74,Lower Body,2,61,460,0
U3019,44,Female,194,91.1,24.2,Build Muscle,Beginner,Mixed,8.3,8,0,0.78,92,Lower Body,1,51,488,1
U3020,33,Male,150,48.6,21.6,Build Muscle,Beginner,Gym,8.4,2,6,0.62,83,Legs,1,49,515,1
U3021,33,Female,188,65,18.4,Gain Strength,Beginner,Gym,7.4,0,2,0.36,67,Push,1,60,532,1
U3022,43,Male,155,63.2,26.3,Build Muscle,Beginner,Gym,6.5,5,4,0.53,84,Push,1,64,614,1
U3023,34,Female,187,84.3,24.1,Improve Fitness,Intermediate,Mixed,6.6,5,2,0.73,100,Full Body,2,49,543,1
U3024,22,Male,176,90.8,29.3,Improve Fitness,Advanced,Home,8.4,9,3,0.8,74,Full Body,3,42,461,1
U3025,34,Male,157,41.9,17,Build Muscle,Beginner,Mixed,6.4,4,6,0.63,43,Pull,1,48,410,1
U3026,43,Female,158,48.9,19.6,Gain Strength,Intermediate,Gym,4.9,0,6,0.71,84,Legs,2,45,315,1
U3027,19,Male,195,110.7,29.1,Build Muscle,Intermediate,Gym,7.6,3,0,0.55,43,Push,2,67,615,1
U3028,38,Male,168,48.3,17.1,Build Muscle,Advanced,Gym,5.7,3,6,0.56,69,Push,3,47,421,1
U3029,45,Male,185,69.1,20.2,Improve Fitness,Intermediate,Home,7.5,6,3,0.68,72,Full Body,2,59,451,1
U3030,31,Female,195,111.4,29.3,Gain Strength,Beginner,Mixed,5.8,2,5,0.8,71,Lower Body,1,56,561,1
U3031,30,Female,187,80.8,23.1,Build Muscle,Advanced,Mixed,8.1,9,2,0.88,57,Pull,3,50,437,1
U3032,19,Female,159,59.9,23.7,Build Muscle,Beginner,Gym,7.4,10,1,0.67,80,Lower Body,1,46,498,1
U3033,30,Female,168,72.5,25.7,Build Muscle,Beginner,Mixed,9.1,7,4,0.44,70,Pull,1,60,611,1
U3034,18,Male,159,52.3,20.7,Build Muscle,Advanced,Gym,7.8,8,1,0.43,77,Lower Body,3,47,499,0
U3035,26,Female,190,79.1,21.9,Gain Strength,Intermediate,Gym,6.3,6,1,0.46,65,Push,2,65,505,0
U3036,24,Female,183,97.5,29.1,Lose Weight,Intermediate,Gym,7.1,2,6,0.83,96,Full Body,2,57,572,1
U3037,43,Female,152,59.1,25.6,Gain Strength,Advanced,Gym,6.5,5,2,0.8,63,Lower Body,3,43,301,1
U3038,33,Male,173,67,22.4,Gain Strength,Beginner,Home,5.4,4,3,0.89,66,Lower Body,1,52,496,1
U3039,27,Female,182,83.8,25.3,Gain Strength,Advanced,Home,6,6,3,0.8,60,Upper Body,3,62,490,1
U3040,37,Female,172,70.7,23.9,Lose Weight,Advanced,Gym,8.1,0,5,0.86,71,Lower Body,3,61,653,1
U3041,23,Female,167,47.7,17.1,Build Muscle,Beginner,Home,9.5,9,2,1,82,Push,1,52,518,1
U3042,25,Female,155,51.2,21.3,Improve Fitness,Beginner,Gym,7,3,2,0.62,90,Cardio,1,40,263,1
U3043,21,Female,163,68,25.6,Build Muscle,Beginner,Mixed,6.2,5,3,0.64,88,Legs,1,50,440,1
U3044,28,Female,173,93.4,31.2,Lose Weight,Intermediate,Gym,8.8,9,5,0.86,68,Lower Body,2,51,580,1
U3045,18,Female,170,49.1,17,Improve Fitness,Beginner,Home,7.4,2,4,0.72,74,Upper Body,1,49,455,1
U3046,37,Female,160,63.2,24.7,Gain Strength,Beginner,Mixed,5.6,5,1,0.82,81,Upper Body,1,64,439,1
U3047,38,Female,156,66.7,27.4,Improve Fitness,Intermediate,Home,8.1,1,2,0.83,65,Lower Body,2,41,431,1
U3048,19,Male,180,78.4,24.2,Lose Weight,Intermediate,Mixed,7.2,7,1,0.74,86,Cardio,2,39,287,1
U3049,20,Male,168,76.8,27.2,Improve Fitness,Beginner,Home,9.4,2,4,1,73,Full Body,1,49,379,1
U3050,23,Male,185,58.2,17,Improve Fitness,Beginner,Mixed,8.5,2,2,0.62,59,Cardio,1,48,457,1
U3051,26,Male,158,56.9,22.8,Gain Strength,Intermediate,Mixed,6.6,5,2,0.83,48,Legs,2,48,384,1
U3052,41,Male,166,55.1,20,Gain Strength,Intermediate,Gym,7.5,3,1,0.83,81,Legs,2,58,520,1
U3053,27,Male,157,52.3,21.2,Gain Strength,Beginner,Home,6,9,0,0.63,75,Lower Body,1,58,626,0
U3054,35,Male,160,78.6,30.7,Lose Weight,Advanced,Gym,4.8,8,5,0.68,52,Full Body,3,52,379,1
U3055,21,Male,193,65.6,17.6,Lose Weight,Intermediate,Gym,8.2,1,5,0.82,78,Cardio,2,42,474,1
U3056,25,Female,190,102.5,28.4,Lose Weight,Beginner,Gym,6.6,1,3,0.64,100,Cardio,1,47,484,1
U3057,27,Male,170,67.9,23.5,Gain Strength,Beginner,Gym,7.9,3,6,0.72,44,Push,1,63,433,1
U3058,34,Female,175,52.1,17,Build Muscle,Intermediate,Gym,6.5,5,6,0.91,83,Upper Body,2,52,532,1
U3059,21,Female,151,64.5,28.3,Gain Strength,Intermediate,Mixed,6,8,5,1,57,Push,2,45,377,1
U3060,42,Male,153,59.5,25.4,Lose Weight,Advanced,Gym,7.1,5,4,0.69,92,Full Body,3,52,373,1
U3061,42,Male,163,57.1,21.5,Gain Strength,Beginner,Gym,5.6,10,2,0.72,66,Legs,1,53,492,0
U3062,24,Male,161,93.3,36,Build Muscle,Beginner,Gym,7.8,6,2,0.65,56,Lower Body,1,57,425,1
U3063,38,Male,165,46.3,17,Lose Weight,Intermediate,Gym,6,9,3,0.74,93,Cardio,2,47,369,1
U3064,28,Male,163,77.6,29.2,Lose Weight,Beginner,Home,7.4,6,6,0.66,76,Cardio,1,39,350,1
U3065,35,Male,185,76.3,22.3,Gain Strength,Beginner,Mixed,9,10,1,0.69,70,Push,1,46,357,1
U3066,29,Female,176,52.7,17,Lose Weight,Intermediate,Gym,6.9,7,5,0.87,55,Cardio,2,37,282,1
U3067,32,Female,172,63,21.3,Improve Fitness,Intermediate,Gym,8,0,0,0.45,87,Full Body,2,56,434,1
U3068,20,Female,178,70.7,22.3,Build Muscle,Beginner,Gym,6.7,3,5,0.52,77,Pull,1,57,480,1
U3069,18,Male,174,105.4,34.8,Build Muscle,Intermediate,Gym,8,0,6,0.56,89,Pull,2,56,571,1
U3070,34,Male,174,70.2,23.2,Lose Weight,Beginner,Mixed,8.6,3,3,0.87,30,Full Body,1,46,456,1
U3071,26,Female,186,70.2,20.3,Lose Weight,Beginner,Gym,8.1,0,1,0.75,56,Recovery,1,22,228,1
U3072,25,Female,187,76.2,21.8,Lose Weight,Beginner,Gym,5,1,5,0.7,100,Lower Body,1,51,499,1
U3073,45,Male,187,97.6,27.9,Build Muscle,Intermediate,Gym,9.5,9,1,0.88,87,Pull,2,62,530,1
U3074,40,Female,151,74.8,32.8,Build Muscle,Intermediate,Home,7.5,8,2,0.69,87,Push,2,45,402,1
U3075,36,Female,195,116.4,30.6,Gain Strength,Beginner,Home,6.6,4,6,0.59,74,Push,1,64,521,1
U3076,22,Male,194,105.4,28,Lose Weight,Intermediate,Mixed,8,6,1,0.46,100,Full Body,2,40,432,1
U3077,38,Female,163,57.9,21.8,Build Muscle,Intermediate,Home,6.8,4,5,0.56,100,Upper Body,2,53,400,1
U3078,25,Male,177,79.9,25.5,Build Muscle,Intermediate,Home,6.2,1,5,0.88,83,Full Body,2,42,299,1
U3079,40,Female,190,85.6,23.7,Gain Strength,Beginner,Mixed,8,3,0,0.57,64,Lower Body,1,45,433,1
U3080,38,Male,170,49.1,17,Gain Strength,Intermediate,Home,5.6,8,1,1,96,Legs,2,67,656,1
U3081,36,Male,192,91.4,24.8,Build Muscle,Advanced,Gym,8.9,5,3,0.69,68,Pull,3,55,600,1
U3082,41,Male,183,82.7,24.7,Improve Fitness,Advanced,Mixed,7,10,4,0.68,89,Upper Body,3,43,492,1
U3083,21,Male,169,71.7,25.1,Improve Fitness,Beginner,Gym,7.9,10,0,0.91,77,Recovery,1,27,274,1
U3084,27,Female,163,54.2,20.4,Improve Fitness,Intermediate,Home,5.6,8,6,0.75,69,Upper Body,2,55,511,1
U3085,44,Female,179,79.8,24.9,Build Muscle,Intermediate,Home,7.1,1,5,1,52,Push,2,48,486,1
U3086,35,Male,185,58.2,17,Improve Fitness,Intermediate,Gym,7.5,9,4,0.65,76,Full Body,2,53,440,1
U3087,41,Male,185,92.4,27,Improve Fitness,Intermediate,Home,8.5,5,3,0.45,63,Full Body,2,56,596,1
U3088,24,Female,150,59.2,26.3,Gain Strength,Intermediate,Mixed,7.9,0,3,1,86,Push,2,69,707,1
U3089,31,Female,187,85,24.3,Build Muscle,Beginner,Mixed,6.1,0,4,0.62,63,Full Body,1,56,557,1
U3090,33,Female,184,92.4,27.3,Lose Weight,Beginner,Home,7.4,9,3,0.48,65,Cardio,1,39,279,1
U3091,33,Female,173,84.4,28.2,Gain Strength,Beginner,Home,7.5,2,4,0.82,77,Push,1,63,470,1
U3092,28,Male,159,79.1,31.3,Build Muscle,Beginner,Gym,7.4,9,1,0.65,58,Push,1,56,426,1
U3093,18,Male,179,81.7,25.5,Gain Strength,Intermediate,Home,4.5,0,5,0.69,68,Pull,2,55,432,1
U3094,30,Female,173,56.3,18.8,Build Muscle,Beginner,Home,6.1,7,6,0.87,75,Upper Body,1,64,608,1
U3095,24,Male,158,62.2,24.9,Lose Weight,Beginner,Mixed,7.4,2,1,0.74,90,Full Body,1,45,323,1
U3096,43,Male,181,81.9,25,Gain Strength,Beginner,Home,5.5,3,0,1,77,Push,1,45,324,1
U3097,24,Female,152,50.8,22,Build Muscle,Beginner,Gym,5.7,3,1,0.79,70,Lower Body,1,56,422,1
U3098,26,Female,175,95.2,31.1,Lose Weight,Advanced,Gym,6.7,10,3,0.57,85,Lower Body,3,56,588,1
U3099,38,Female,193,105.8,28.4,Gain Strength,Intermediate,Gym,7.3,10,3,0.84,71,Legs,2,54,575,1
U3100,22,Male,173,76.3,25.5,Lose Weight,Intermediate,Home,8.4,7,4,0.83,69,Full Body,2,40,424,1
U3101,24,Female,183,101.1,30.2,Lose Weight,Intermediate,Gym,4.5,2,4,1,46,Recovery,2,26,287,1
U3102,32,Male,193,81.6,21.9,Build Muscle,Intermediate,Gym,7.1,2,0,0.69,87,Legs,2,56,554,1
U3103,41,Male,158,50.2,20.1,Build Muscle,Beginner,Gym,7.4,10,4,0.62,76,Pull,1,52,460,1
U3104,45,Female,186,83.7,24.2,Lose Weight,Intermediate,Gym,7.2,8,4,0.62,64,Cardio,2,30,323,1
U3105,30,Male,159,65,25.7,Build Muscle,Beginner,Home,8.1,3,5,0.61,58,Legs,1,64,523,1
U3106,37,Female,150,61,27.1,Build Muscle,Intermediate,Gym,7.1,4,3,0.87,58,Pull,2,46,306,1
U3107,22,Male,151,38.8,17,Gain Strength,Intermediate,Mixed,6.5,3,3,0.58,70,Upper Body,2,65,489,1
U3108,40,Male,160,55.8,21.8,Improve Fitness,Beginner,Mixed,7.9,7,2,0.67,74,Cardio,1,43,286,1
U3109,18,Female,185,86.2,25.2,Lose Weight,Beginner,Mixed,7.3,0,5,0.72,79,Full Body,1,49,455,1
U3110,36,Male,192,78.2,21.2,Lose Weight,Beginner,Gym,8.6,4,0,0.68,52,Full Body,1,59,412,1
U3111,31,Female,195,96.2,25.3,Gain Strength,Beginner,Mixed,6.2,1,0,0.84,100,Pull,1,58,450,1
U3112,33,Male,194,79.8,21.2,Improve Fitness,Beginner,Gym,7.5,8,0,0.4,78,Upper Body,1,50,434,0
U3113,20,Male,178,65.9,20.8,Lose Weight,Advanced,Home,6.4,7,0,0.52,82,Full Body,3,48,508,1
U3114,34,Female,189,102.5,28.7,Build Muscle,Beginner,Gym,7.1,5,0,0.56,95,Push,1,65,513,1
U3115,43,Male,166,58.7,21.3,Improve Fitness,Beginner,Mixed,4.7,5,2,0.8,55,Cardio,1,35,233,1
U3116,25,Female,154,68.1,28.7,Build Muscle,Intermediate,Gym,6.7,4,3,0.83,93,Upper Body,2,41,364,1
U3117,26,Female,167,54.1,19.4,Lose Weight,Intermediate,Home,6.5,10,5,0.71,95,Lower Body,2,41,468,1
U3118,25,Female,194,81.7,21.7,Build Muscle,Beginner,Home,6.4,8,5,0.81,63,Full Body,1,58,412,1
U3119,34,Male,163,66.7,25.1,Build Muscle,Beginner,Gym,5.4,10,3,1,51,Push,1,55,403,1
U3120,28,Female,162,60.6,23.1,Gain Strength,Beginner,Mixed,7.1,0,0,1,52,Push,1,48,325,1
U3121,41,Male,188,115.9,32.8,Build Muscle,Intermediate,Home,7.9,3,3,0.8,57,Upper Body,2,43,454,1
U3122,43,Male,186,93.1,26.9,Lose Weight,Beginner,Gym,6.3,10,3,0.95,57,Cardio,1,47,505,1
U3123,40,Male,185,82.1,24,Improve Fitness,Advanced,Mixed,6.5,5,0,0.54,83,Cardio,3,49,369,1
U3124,22,Male,162,70.1,26.7,Build Muscle,Beginner,Mixed,8.4,0,4,0.4,87,Lower Body,1,42,469,1
U3125,33,Female,173,104.8,35,Lose Weight,Beginner,Gym,6.6,7,2,1,68,Full Body,1,43,449,1
U3126,41,Male,152,43.2,18.7,Lose Weight,Advanced,Mixed,6.8,9,6,0.91,59,Cardio,3,43,304,1
U3127,31,Male,191,80.3,22,Build Muscle,Beginner,Gym,7.8,2,6,0.72,80,Upper Body,1,45,372,1
U3128,45,Female,187,89.2,25.5,Gain Strength,Beginner,Gym,7.6,2,1,0.64,75,Push,1,58,580,1
U3129,45,Male,151,47,20.6,Improve Fitness,Intermediate,Home,8.5,9,6,0.61,88,Cardio,2,39,280,1
U3130,19,Male,177,73.6,23.5,Build Muscle,Beginner,Home,7.3,1,5,0.63,56,Lower Body,1,41,446,1
U3131,40,Male,194,64.7,17.2,Lose Weight,Advanced,Gym,5.9,8,6,0.66,75,Cardio,3,48,508,1
U3132,18,Female,182,95.1,28.7,Build Muscle,Intermediate,Home,6.6,7,2,0.56,50,Pull,2,66,730,0
U3133,29,Male,181,86.8,26.5,Build Muscle,Intermediate,Gym,8.6,4,1,0.95,82,Upper Body,2,60,662,1
U3134,23,Female,162,71.4,27.2,Gain Strength,Intermediate,Gym,9,6,6,0.78,81,Pull,2,46,412,1
U3135,34,Female,157,57.2,23.2,Lose Weight,Beginner,Home,5.6,8,2,0.6,71,Full Body,1,52,360,1
U3136,42,Female,174,75.1,24.8,Build Muscle,Intermediate,Gym,9.2,0,6,0.73,89,Push,2,62,612,1
U3137,33,Male,157,56,22.7,Lose Weight,Beginner,Mixed,6.8,7,6,0.48,60,Full Body,1,42,291,1
U3138,22,Female,159,67.5,26.7,Build Muscle,Advanced,Gym,7.1,5,6,0.89,74,Upper Body,3,56,450,1
U3139,30,Male,178,72.9,23,Build Muscle,Beginner,Mixed,9.5,5,6,0.7,89,Push,1,51,361,1
U3140,26,Female,176,70.6,22.8,Build Muscle,Intermediate,Mixed,7.9,3,2,0.89,75,Upper Body,2,43,409,1
U3141,22,Female,166,46.8,17,Improve Fitness,Beginner,Gym,7.1,4,5,0.94,79,Cardio,1,38,344,1
U3142,26,Male,193,98.3,26.4,Gain Strength,Intermediate,Mixed,5.2,9,6,0.59,78,Legs,2,58,443,1
U3143,24,Female,189,93.6,26.2,Improve Fitness,Advanced,Mixed,8.4,8,0,0.69,78,Cardio,3,31,352,1
U3144,29,Female,183,82.4,24.6,Gain Strength,Intermediate,Gym,6,3,5,0.31,78,Pull,2,56,423,0
U3145,40,Female,182,83.5,25.2,Lose Weight,Intermediate,Gym,6.4,7,6,0.43,81,Full Body,2,49,368,1
U3146,21,Male,179,75,23.4,Improve Fitness,Intermediate,Home,7.7,8,0,1,39,Full Body,2,50,371,1
U3147,33,Male,150,48.6,21.6,Improve Fitness,Beginner,Gym,6.9,6,3,0.98,47,Upper Body,1,62,659,1
U3148,32,Male,192,120.2,32.6,Build Muscle,Intermediate,Gym,7.2,1,5,0.7,69,Lower Body,2,51,529,1
U3149,40,Male,175,69.5,22.7,Build Muscle,Intermediate,Gym,8.3,4,5,0.53,77,Lower Body,2,40,421,1
U3150,20,Female,168,64.6,22.9,Lose Weight,Intermediate,Mixed,6.3,6,2,1,78,Cardio,2,39,372,1
U3151,33,Male,157,66.8,27.1,Gain Strength,Beginner,Gym,8.4,3,2,0.46,98,Upper Body,1,40,265,1
U3152,19,Male,190,61.4,17,Build Muscle,Beginner,Home,6.3,7,2,0.64,80,Upper Body,1,56,505,1
U3153,44,Female,182,84.1,25.4,Lose Weight,Advanced,Mixed,6.9,2,0,0.72,57,Cardio,3,45,408,1
U3154,33,Female,187,63.6,18.2,Improve Fitness,Advanced,Gym,7.9,1,1,0.84,95,Full Body,3,50,397,1
U3155,24,Male,169,60.5,21.2,Gain Strength,Advanced,Mixed,7.9,8,1,0.67,89,Upper Body,3,55,359,1
U3156,18,Male,175,88.2,28.8,Lose Weight,Advanced,Mixed,7.3,5,3,0.66,86,Cardio,3,42,454,1
U3157,23,Male,157,67,27.2,Lose Weight,Advanced,Mixed,6.3,8,3,0.48,67,Lower Body,3,44,379,0
U3158,40,Male,188,109.2,30.9,Build Muscle,Advanced,Mixed,8.4,5,5,0.52,54,Legs,3,46,450,1
U3159,30,Male,167,83.4,29.9,Lose Weight,Advanced,Gym,5.9,3,2,0.81,62,Full Body,3,50,544,1
U3160,35,Male,157,77.2,31.3,Improve Fitness,Intermediate,Mixed,6.3,6,2,0.93,74,Full Body,2,43,399,1
U3161,20,Female,195,97.3,25.6,Build Muscle,Intermediate,Home,4.9,3,6,0.32,68,Pull,2,55,560,1
U3162,44,Female,186,88.2,25.5,Improve Fitness,Beginner,Home,5.9,7,4,0.52,80,Upper Body,1,50,449,1
U3163,33,Female,179,86.2,26.9,Lose Weight,Intermediate,Gym,6.9,9,1,0.86,54,Cardio,2,32,367,1
U3164,20,Female,164,61.9,23,Gain Strength,Advanced,Gym,8.9,8,5,0.73,73,Legs,3,72,540,1
U3165,37,Male,193,127.4,34.2,Gain Strength,Intermediate,Gym,5.6,0,0,0.86,96,Push,2,48,385,1
U3166,23,Male,176,71.6,23.1,Improve Fitness,Intermediate,Gym,8,1,2,0.54,61,Recovery,2,20,210,1
U3167,30,Female,179,83.6,26.1,Gain Strength,Beginner,Mixed,8,10,4,0.92,95,Legs,1,66,578,1
U3168,36,Female,179,77.5,24.2,Gain Strength,Beginner,Gym,8.4,0,4,0.66,85,Upper Body,1,45,361,1
U3169,39,Male,153,59.5,25.4,Lose Weight,Intermediate,Home,7.6,7,1,0.8,47,Lower Body,2,60,499,1
U3170,39,Female,189,70.7,19.8,Build Muscle,Intermediate,Gym,7.2,0,0,0.42,84,Push,2,48,462,1
U3171,23,Female,150,63.4,28.2,Gain Strength,Intermediate,Gym,7.5,6,4,0.52,92,Legs,2,55,487,1
U3172,29,Female,180,107.2,33.1,Improve Fitness,Intermediate,Mixed,7.3,4,6,0.81,75,Full Body,2,48,360,1
U3173,33,Female,181,87.5,26.7,Gain Strength,Advanced,Home,7,5,4,0.71,85,Pull,3,65,623,1
U3174,44,Female,178,109,34.4,Gain Strength,Beginner,Mixed,5.6,3,2,0.7,54,Lower Body,1,48,317,1
U3175,29,Male,178,98.9,31.2,Lose Weight,Intermediate,Gym,6.5,4,5,0.46,81,Lower Body,2,40,307,1
U3176,43,Female,167,88.7,31.8,Lose Weight,Advanced,Home,7.8,7,4,0.76,78,Cardio,3,47,441,1
U3177,23,Male,165,82.8,30.4,Lose Weight,Beginner,Mixed,6.1,8,0,0.7,65,Full Body,1,55,598,1
U3178,20,Female,150,44.1,19.6,Gain Strength,Beginner,Gym,6.7,4,6,0.92,80,Push,1,58,508,1
U3179,36,Female,163,72.3,27.2,Build Muscle,Beginner,Gym,7.3,4,5,0.81,59,Legs,1,72,538,1
U3180,43,Female,166,63.9,23.2,Build Muscle,Intermediate,Home,7.3,9,2,0.77,76,Lower Body,2,53,356,1
U3181,43,Male,193,89,23.9,Improve Fitness,Beginner,Gym,6.7,8,2,1,85,Cardio,1,45,516,1
U3182,45,Male,177,82.1,26.2,Build Muscle,Beginner,Mixed,6.8,7,6,0.64,70,Upper Body,1,50,561,1
U3183,29,Male,176,79.6,25.7,Build Muscle,Intermediate,Gym,5,6,6,0.44,62,Legs,2,47,432,1
U3184,21,Male,188,89.8,25.4,Build Muscle,Advanced,Gym,6.8,1,6,0.99,49,Push,3,60,583,1
U3185,34,Female,193,79.3,21.3,Build Muscle,Intermediate,Gym,8.8,3,3,0.74,85,Pull,2,61,573,1
U3186,42,Male,190,119.5,33.1,Gain Strength,Beginner,Home,6.3,1,0,0.7,67,Upper Body,1,46,422,1
U3187,38,Female,178,53.9,17,Lose Weight,Beginner,Mixed,6.8,0,1,0.88,80,Cardio,1,44,435,1
U3188,45,Female,166,74.7,27.1,Lose Weight,Intermediate,Gym,6.7,9,0,0.6,91,Cardio,2,47,494,1
U3189,26,Male,155,53.8,22.4,Lose Weight,Intermediate,Gym,7.4,9,4,0.75,93,Lower Body,2,50,574,1
U3190,36,Male,151,65.2,28.6,Build Muscle,Beginner,Home,5.7,7,5,0.51,80,Lower Body,1,64,433,1
U3191,41,Female,160,62,24.2,Build Muscle,Advanced,Gym,6.6,2,4,0.9,74,Full Body,3,46,508,1
U3192,29,Female,172,73.1,24.7,Build Muscle,Beginner,Gym,8,7,4,0.65,95,Upper Body,1,41,303,1
U3193,32,Male,160,54.3,21.2,Build Muscle,Beginner,Mixed,7.8,9,2,0.98,51,Push,1,54,606,1
U3194,22,Male,194,86.9,23.1,Improve Fitness,Advanced,Gym,8.4,0,2,0.93,69,Cardio,3,31,283,1
U3195,40,Female,163,56.9,21.4,Improve Fitness,Beginner,Home,8.2,7,4,0.93,54,Cardio,1,48,465,1
U3196,28,Male,183,65,19.4,Gain Strength,Beginner,Gym,7.3,2,3,0.83,67,Push,1,58,479,1
U3197,21,Female,161,71,27.4,Improve Fitness,Beginner,Gym,6.3,6,6,0.34,65,Cardio,1,40,284,0
U3198,31,Female,169,70.8,24.8,Build Muscle,Intermediate,Gym,6.8,10,6,0.51,44,Pull,2,63,675,0
U3199,41,Male,182,73.9,22.3,Lose Weight,Intermediate,Gym,8.1,4,0,0.95,89,Cardio,2,30,312,1
U3200,37,Male,173,63.2,21.1,Improve Fitness,Intermediate,Gym,5.8,0,4,0.81,81,Upper Body,2,49,506,1
U3201,32,Female,181,85.8,26.2,Build Muscle,Intermediate,Gym,4.9,4,5,0.56,71,Push,2,49,517,1
U3202,33,Female,189,94.7,26.5,Build Muscle,Intermediate,Home,7.9,5,2,0.75,76,Legs,2,68,746,1
U3203,41,Male,177,78,24.9,Lose Weight,Beginner,Home,7.9,6,5,0.78,72,Lower Body,1,40,446,1
U3204,42,Female,177,73.3,23.4,Lose Weight,Intermediate,Home,7.2,6,2,0.81,76,Cardio,2,34,254,1
U3205,20,Female,173,78.1,26.1,Improve Fitness,Intermediate,Gym,8.6,1,3,0.77,62,Recovery,2,21,219,1
U3206,29,Female,189,100.7,28.2,Improve Fitness,Advanced,Gym,5.6,6,6,0.53,77,Full Body,3,57,646,1
U3207,39,Female,194,100.5,26.7,Improve Fitness,Intermediate,Gym,5.7,0,4,0.65,62,Lower Body,2,40,360,1
U3208,42,Male,168,63.5,22.5,Build Muscle,Intermediate,Gym,8.1,5,5,0.85,71,Legs,2,63,482,1
U3209,30,Female,152,51.3,22.2,Gain Strength,Intermediate,Mixed,5.6,1,5,0.98,80,Upper Body,2,51,504,1
U3210,20,Male,173,64.3,21.5,Lose Weight,Intermediate,Gym,7.9,1,0,0.71,67,Cardio,2,35,334,1
U3211,24,Male,195,100,26.3,Build Muscle,Intermediate,Gym,6.3,9,0,0.66,73,Push,2,62,695,1
U3212,20,Male,183,75,22.4,Build Muscle,Advanced,Gym,7.8,1,6,1,60,Upper Body,3,48,344,1
U3213,18,Male,169,50,17.5,Lose Weight,Beginner,Gym,4.9,6,3,0.69,62,Cardio,1,34,299,1
U3214,35,Male,193,94.6,25.4,Gain Strength,Intermediate,Home,7.2,6,3,0.43,44,Pull,2,67,711,0
U3215,27,Female,189,91.8,25.7,Lose Weight,Beginner,Gym,7.2,10,0,0.64,47,Cardio,1,42,343,0
U3216,20,Female,171,77.5,26.5,Gain Strength,Beginner,Home,8.5,3,4,0.77,59,Pull,1,70,751,1
U3217,36,Female,167,68.9,24.7,Gain Strength,Intermediate,Gym,5.6,10,6,0.91,73,Legs,2,70,540,1
U3218,42,Male,167,47.7,17.1,Lose Weight,Intermediate,Gym,6.8,0,1,0.8,67,Full Body,2,57,573,1
U3219,24,Female,181,76.3,23.3,Improve Fitness,Intermediate,Mixed,5.8,5,3,0.82,62,Cardio,2,38,420,1
U3220,28,Female,192,62.7,17,Lose Weight,Intermediate,Mixed,6.7,5,6,0.9,66,Lower Body,2,63,451,1
U3221,30,Female,191,116,31.8,Lose Weight,Intermediate,Mixed,7.6,4,1,0.78,70,Recovery,2,27,305,1
U3222,29,Male,166,66.7,24.2,Gain Strength,Beginner,Gym,6.8,2,0,0.67,79,Lower Body,1,44,297,1
U3223,28,Male,190,74.4,20.6,Lose Weight,Intermediate,Gym,5.9,10,5,0.52,100,Cardio,2,43,468,1
U3224,35,Female,153,62.5,26.7,Lose Weight,Intermediate,Mixed,7.4,2,6,0.53,81,Cardio,2,43,406,1
U3225,40,Male,167,66.9,24,Build Muscle,Beginner,Gym,7.3,6,0,0.54,74,Full Body,1,41,283,0
U3226,26,Female,179,72.7,22.7,Improve Fitness,Intermediate,Mixed,6.3,4,4,0.85,48,Lower Body,2,55,362,1
U3227,23,Female,189,96.1,26.9,Lose Weight,Beginner,Gym,7.9,4,1,0.56,59,Cardio,1,31,340,1
U3228,41,Female,157,58.2,23.6,Build Muscle,Beginner,Gym,7.4,2,1,0.69,78,Push,1,70,553,1
U3229,32,Male,159,80.6,31.9,Build Muscle,Beginner,Home,6.5,7,2,0.41,84,Pull,1,58,427,1
U3230,24,Female,155,75.9,31.6,Improve Fitness,Advanced,Gym,7.5,0,3,0.52,70,Upper Body,3,53,593,1
U3231,19,Male,175,60.6,19.8,Lose Weight,Intermediate,Gym,7.8,7,5,0.48,67,Cardio,2,30,268,1
U3232,31,Male,170,58.7,20.3,Lose Weight,Beginner,Gym,7.2,2,0,0.65,74,Full Body,1,54,613,1
U3233,29,Male,186,85.1,24.6,Gain Strength,Intermediate,Mixed,6,0,5,0.83,71,Lower Body,2,42,455,1
U3234,31,Female,180,65.8,20.3,Gain Strength,Advanced,Home,9.5,3,1,0.81,69,Lower Body,3,48,410,1
U3235,34,Female,190,109.7,30.4,Improve Fitness,Beginner,Gym,9.1,0,1,0.69,77,Upper Body,1,49,442,1
U3236,42,Female,156,49.6,20.4,Build Muscle,Beginner,Gym,6.9,5,5,0.68,74,Pull,1,55,458,1
U3237,27,Male,179,83,25.9,Gain Strength,Beginner,Home,7.7,8,2,0.76,53,Push,1,59,411,1
U3238,32,Male,167,57.5,20.6,Lose Weight,Beginner,Gym,6.5,9,1,0.67,87,Full Body,1,60,582,1
U3239,45,Female,174,59.3,19.6,Lose Weight,Intermediate,Home,6.7,5,0,0.89,67,Cardio,2,45,464,1
U3240,20,Male,193,98.3,26.4,Build Muscle,Beginner,Mixed,6.9,1,6,0.77,68,Pull,1,60,476,1
U3241,33,Male,183,91.4,27.3,Lose Weight,Intermediate,Home,5.4,0,3,0.65,76,Cardio,2,41,362,1
U3242,39,Female,174,80.8,26.7,Improve Fitness,Beginner,Gym,8.7,2,6,0.65,94,Full Body,1,44,413,1
U3243,44,Male,176,67.2,21.7,Build Muscle,Beginner,Mixed,8.6,10,5,0.87,58,Pull,1,61,432,1
U3244,37,Male,177,80.8,25.8,Gain Strength,Intermediate,Gym,7,4,6,0.83,68,Legs,2,72,647,1
U3245,30,Male,183,77.7,23.2,Build Muscle,Advanced,Mixed,8.6,10,5,0.7,84,Legs,3,47,443,1
U3246,22,Female,182,78.2,23.6,Build Muscle,Advanced,Gym,8.9,5,3,0.6,62,Upper Body,3,46,372,1
U3247,37,Female,174,93.6,30.9,Gain Strength,Intermediate,Gym,6.6,9,6,1,85,Push,2,51,544,1
U3248,41,Female,168,67.5,23.9,Gain Strength,Intermediate,Home,5.1,5,0,0.72,73,Push,2,59,538,1
U3249,38,Female,162,77.2,29.4,Lose Weight,Beginner,Gym,8.8,1,3,0.6,84,Full Body,1,54,451,1
U3250,37,Female,191,101.1,27.7,Lose Weight,Beginner,Gym,8.3,6,4,0.81,42,Full Body,1,45,430,1
U3251,19,Female,166,65.6,23.8,Lose Weight,Intermediate,Gym,5.8,7,0,0.68,86,Full Body,2,58,387,1
U3252,38,Male,165,70.2,25.8,Gain Strength,Intermediate,Gym,8.4,5,5,0.78,52,Pull,2,52,384,1
U3253,40,Male,153,39.8,17,Build Muscle,Intermediate,Home,7.3,7,2,0.68,57,Legs,2,57,538,1
U3254,27,Female,157,42.9,17.4,Lose Weight,Intermediate,Gym,6.3,2,1,0.68,81,Full Body,2,60,627,1
U3255,36,Female,193,94.2,25.3,Gain Strength,Intermediate,Gym,8.9,10,5,0.53,85,Push,2,68,597,1
U3256,24,Male,158,61.7,24.7,Gain Strength,Beginner,Home,7.9,3,2,0.64,88,Pull,1,56,615,1
U3257,32,Male,153,60.2,25.7,Lose Weight,Intermediate,Home,6.4,3,3,0.72,68,Full Body,2,60,449,1
U3258,36,Male,176,82.4,26.6,Lose Weight,Advanced,Home,5.8,0,6,0.71,77,Full Body,3,40,414,1
U3259,36,Female,167,68.6,24.6,Gain Strength,Beginner,Home,8.6,0,2,0.86,71,Push,1,53,567,1
U3260,22,Male,150,57.2,25.4,Build Muscle,Intermediate,Gym,7.4,8,5,0.79,44,Upper Body,2,47,410,1
U3261,28,Male,183,77.7,23.2,Build Muscle,Intermediate,Home,5.5,1,0,0.95,71,Pull,2,59,573,1
U3262,45,Female,168,66.9,23.7,Gain Strength,Advanced,Gym,8.1,2,2,0.8,55,Upper Body,3,45,479,1
U3263,28,Female,174,73.3,24.2,Lose Weight,Intermediate,Gym,6.7,3,4,0.41,61,Cardio,2,32,269,1
U3264,19,Female,166,65.3,23.7,Lose Weight,Beginner,Home,7,6,0,0.45,89,Lower Body,1,64,530,0
U3265,30,Male,171,70.5,24.1,Build Muscle,Beginner,Home,7.1,1,5,0.79,60,Push,1,65,444,1
U3266,34,Male,188,93.3,26.4,Build Muscle,Beginner,Mixed,6.7,8,5,0.56,80,Full Body,1,43,363,1
U3267,41,Male,158,76.9,30.8,Lose Weight,Advanced,Home,7.9,1,2,0.89,64,Recovery,3,30,250,1
U3268,33,Male,186,61.6,17.8,Build Muscle,Beginner,Home,8.7,4,4,1,95,Push,1,65,474,1
U3269,36,Female,182,76.5,23.1,Build Muscle,Beginner,Gym,5.8,1,1,0.53,46,Lower Body,1,49,527,0
U3270,31,Female,159,60.7,24,Build Muscle,Beginner,Gym,8.9,0,0,0.69,76,Legs,1,65,522,1
U3271,37,Female,175,92.8,30.3,Lose Weight,Beginner,Gym,6.7,8,1,1,100,Full Body,1,52,575,1
U3272,27,Female,194,90,23.9,Lose Weight,Beginner,Mixed,6.5,5,1,0.85,66,Lower Body,1,41,372,1
U3273,22,Male,156,47.7,19.6,Lose Weight,Intermediate,Gym,8.5,2,1,0.94,74,Cardio,2,30,254,1
U3274,30,Female,155,46.1,19.2,Lose Weight,Advanced,Gym,5.7,2,2,0.74,64,Cardio,3,35,369,1
U3275,33,Female,151,52.7,23.1,Build Muscle,Beginner,Mixed,8.2,3,5,0.85,92,Full Body,1,53,358,1
U3276,35,Female,181,66.5,20.3,Improve Fitness,Beginner,Gym,6.7,5,1,0.86,78,Upper Body,1,65,700,1
U3277,18,Female,159,78.1,30.9,Build Muscle,Intermediate,Mixed,7.6,5,2,1,80,Push,2,58,548,1
U3278,24,Male,181,95,29,Improve Fitness,Beginner,Home,6.7,3,4,0.72,85,Cardio,1,37,387,1
U3279,34,Male,174,94.8,31.3,Lose Weight,Advanced,Home,7.9,7,4,0.71,92,Full Body,3,41,451,1
U3280,32,Male,155,40.8,17,Lose Weight,Intermediate,Home,5.5,1,6,0.84,72,Cardio,2,48,388,1
U3281,27,Female,153,63.2,27,Build Muscle,Intermediate,Mixed,7.2,10,0,0.82,59,Legs,2,73,577,1
U3282,36,Female,162,70.6,26.9,Gain Strength,Intermediate,Gym,8.2,6,1,0.94,100,Upper Body,2,58,398,1
U3283,42,Female,185,87.3,25.5,Build Muscle,Beginner,Home,7.4,2,2,0.45,64,Legs,1,46,439,1
U3284,29,Female,156,57.7,23.7,Lose Weight,Beginner,Home,8.3,1,5,0.61,83,Full Body,1,59,581,1
U3285,45,Female,164,65.9,24.5,Lose Weight,Beginner,Home,6.9,5,5,0.76,66,Cardio,1,45,322,1
U3286,45,Female,182,75.2,22.7,Gain Strength,Intermediate,Mixed,5.2,0,5,0.68,64,Push,2,62,539,1
U3287,43,Male,172,66,22.3,Improve Fitness,Beginner,Gym,7.6,10,6,0.84,75,Upper Body,1,50,430,1
U3288,42,Female,163,76.3,28.7,Build Muscle,Beginner,Mixed,7.7,3,1,0.67,65,Full Body,1,57,603,1
U3289,41,Female,187,90.2,25.8,Improve Fitness,Intermediate,Gym,7.7,3,6,0.97,89,Recovery,2,23,258,1
U3290,40,Male,193,82.7,22.2,Build Muscle,Beginner,Gym,7,2,2,0.84,88,Push,1,47,367,1
U3291,31,Male,177,89,28.4,Lose Weight,Intermediate,Gym,7,10,1,0.49,57,Cardio,2,39,383,0
U3292,18,Female,162,67.2,25.6,Lose Weight,Intermediate,Gym,7.5,3,2,0.52,72,Cardio,2,31,204,1
U3293,44,Female,150,61.2,27.2,Build Muscle,Intermediate,Gym,5.8,1,1,0.92,66,Pull,2,49,504,1
U3294,22,Male,193,111,29.8,Build Muscle,Advanced,Gym,6.5,7,1,0.54,65,Upper Body,3,64,701,1
U3295,35,Female,195,91.6,24.1,Lose Weight,Intermediate,Gym,6.7,6,3,0.68,77,Full Body,2,46,328,1
U3296,24,Male,184,80.6,23.8,Improve Fitness,Beginner,Gym,7,10,6,0.41,77,Full Body,1,55,518,0
U3297,28,Female,182,79.8,24.1,Lose Weight,Intermediate,Mixed,8.9,10,5,0.55,44,Lower Body,2,40,359,0
U3298,36,Female,169,77.4,27.1,Gain Strength,Beginner,Home,7.5,1,2,0.54,49,Lower Body,1,43,444,1
U3299,35,Female,165,84.4,31,Gain Strength,Intermediate,Gym,8.7,4,6,0.27,65,Pull,2,59,476,1
U3300,18,Female,164,84.7,31.5,Lose Weight,Intermediate,Mixed,6.6,0,1,0.63,67,Recovery,2,34,332,1
U3301,23,Male,193,73.8,19.8,Improve Fitness,Beginner,Home,5.2,5,6,0.91,44,Full Body,1,49,492,1
U3302,39,Female,179,81.7,25.5,Lose Weight,Advanced,Mixed,8.1,8,6,0.46,58,Full Body,3,44,294,1
U3303,42,Male,193,110.3,29.6,Gain Strength,Advanced,Gym,7.7,9,2,0.61,90,Legs,3,48,400,1
U3304,33,Male,167,82.6,29.6,Build Muscle,Advanced,Mixed,7.4,4,4,0.56,65,Legs,3,75,847,1
U3305,22,Female,169,73.4,25.7,Gain Strength,Advanced,Gym,6.9,4,4,0.89,49,Legs,3,48,423,1
U3306,18,Male,165,49.5,18.2,Build Muscle,Intermediate,Gym,7.3,4,5,0.63,62,Pull,2,54,465,1
U3307,34,Female,192,63,17.1,Improve Fitness,Intermediate,Mixed,7.1,0,6,0.71,81,Full Body,2,47,452,1
U3308,41,Male,166,68.3,24.8,Lose Weight,Intermediate,Gym,7,0,2,0.93,52,Lower Body,2,64,728,1
U3309,25,Male,165,73,26.8,Build Muscle,Beginner,Gym,5.3,6,6,0.57,53,Pull,1,64,422,1
U3310,26,Male,179,89.1,27.8,Build Muscle,Intermediate,Gym,7,6,6,0.72,55,Upper Body,2,50,543,1
U3311,39,Male,163,61.6,23.2,Build Muscle,Intermediate,Gym,6.3,10,0,0.79,57,Push,2,45,348,1
U3312,30,Male,153,70.5,30.1,Gain Strength,Beginner,Gym,5.3,1,5,0.57,97,Pull,1,59,605,1
U3313,44,Male,185,77.7,22.7,Build Muscle,Beginner,Home,5.7,1,0,0.76,64,Lower Body,1,48,488,1
U3314,31,Male,184,71.1,21,Build Muscle,Intermediate,Gym,5.9,7,6,1,68,Upper Body,2,63,606,1
U3315,19,Male,167,47.4,17,Improve Fitness,Intermediate,Mixed,8.7,4,0,0.83,60,Full Body,2,46,488,1
U3316,34,Male,194,77.5,20.6,Build Muscle,Intermediate,Mixed,7.8,5,5,0.68,43,Push,2,70,705,1
U3317,34,Male,187,111.9,32,Gain Strength,Advanced,Mixed,6.6,3,2,0.99,91,Pull,3,53,474,1
U3318,33,Female,168,57.3,20.3,Gain Strength,Beginner,Gym,8.2,9,1,0.6,43,Push,1,46,421,0
U3319,34,Male,174,68.7,22.7,Build Muscle,Beginner,Mixed,7.5,10,3,0.64,67,Pull,1,63,520,1
U3320,38,Female,191,106.9,29.3,Gain Strength,Beginner,Gym,7.2,1,0,0.57,82,Lower Body,1,51,517,1
U3321,37,Female,152,58.5,25.3,Build Muscle,Beginner,Home,4.5,9,6,0.8,77,Full Body,1,60,559,1
U3322,30,Male,173,73.6,24.6,Gain Strength,Advanced,Gym,8.1,7,2,0.6,77,Pull,3,56,573,1
U3323,40,Female,165,48.7,17.9,Gain Strength,Intermediate,Mixed,7.5,4,2,1,57,Lower Body,2,53,368,1
U3324,45,Female,187,74.5,21.3,Improve Fitness,Intermediate,Home,6.3,5,6,0.74,56,Full Body,2,51,445,1
U3325,24,Male,181,86.2,26.3,Gain Strength,Beginner,Home,8,10,6,0.82,45,Push,1,49,539,1
U3326,23,Male,188,101.4,28.7,Improve Fitness,Beginner,Home,8.1,2,3,0.87,77,Full Body,1,48,546,1
U3327,26,Female,171,74.3,25.4,Gain Strength,Beginner,Gym,8.2,6,1,1,57,Legs,1,67,613,1
U3328,37,Male,152,67,29,Lose Weight,Intermediate,Home,7,5,4,0.7,48,Cardio,2,44,331,1
U3329,24,Female,194,87.7,23.3,Build Muscle,Advanced,Gym,6,10,3,0.64,55,Push,3,51,479,1
U3330,20,Female,157,55.7,22.6,Build Muscle,Beginner,Gym,6.7,7,6,0.74,47,Push,1,65,547,1
U3331,36,Female,171,53.8,18.4,Build Muscle,Intermediate,Gym,7.5,5,3,0.58,88,Pull,2,62,423,1
U3332,32,Male,151,57.9,25.4,Gain Strength,Intermediate,Gym,7.8,7,4,0.97,67,Pull,2,48,549,1
U3333,26,Male,169,63.1,22.1,Lose Weight,Beginner,Mixed,8.1,2,5,0.81,69,Full Body,1,60,553,1
U3334,18,Male,188,107.1,30.3,Build Muscle,Beginner,Gym,6.9,10,5,0.73,72,Legs,1,53,409,1
U3335,38,Female,186,71.3,20.6,Lose Weight,Beginner,Gym,7.2,1,6,0.97,78,Cardio,1,41,272,1
U3336,23,Male,150,55.4,24.6,Gain Strength,Intermediate,Gym,6.9,6,6,0.78,83,Push,2,55,434,1
U3337,25,Male,153,63.4,27.1,Lose Weight,Intermediate,Gym,6.7,10,2,0.78,79,Full Body,2,50,409,1
U3338,42,Male,169,58,20.3,Build Muscle,Beginner,Mixed,7.3,7,1,0.33,79,Full Body,1,59,436,0
U3339,31,Female,156,66.4,27.3,Lose Weight,Beginner,Home,7.9,2,0,0.65,76,Cardio,1,50,495,1
U3340,40,Female,175,93.4,30.5,Build Muscle,Intermediate,Gym,8.7,10,1,0.71,74,Full Body,2,49,535,1
U3341,32,Female,152,67.5,29.2,Lose Weight,Advanced,Home,5.4,6,4,0.66,92,Full Body,3,50,346,1
U3342,30,Female,179,91.6,28.6,Lose Weight,Advanced,Gym,7.5,1,4,0.45,71,Full Body,3,58,508,1
U3343,19,Male,160,56.3,22,Build Muscle,Beginner,Mixed,7.5,6,5,0.57,56,Pull,1,62,403,1
U3344,19,Female,190,61.4,17,Lose Weight,Beginner,Gym,8.4,8,6,0.65,74,Full Body,1,45,462,1
U3345,44,Male,192,90.3,24.5,Improve Fitness,Intermediate,Gym,5.9,3,2,0.49,56,Upper Body,2,42,452,0
U3346,18,Male,185,73.6,21.5,Gain Strength,Intermediate,Gym,7.5,9,2,0.58,98,Upper Body,2,45,467,1
U3347,30,Male,150,64.8,28.8,Lose Weight,Intermediate,Mixed,8,5,3,0.7,94,Lower Body,2,40,300,1
U3348,26,Male,165,64.3,23.6,Gain Strength,Beginner,Home,7.1,2,4,0.75,82,Legs,1,64,672,1
U3349,44,Male,181,89.1,27.2,Gain Strength,Beginner,Gym,6.6,4,3,0.62,81,Push,1,59,599,1
U3350,20,Female,169,78.5,27.5,Improve Fitness,Beginner,Gym,6.7,7,0,0.43,68,Upper Body,1,45,496,0
U3351,33,Female,169,77.4,27.1,Gain Strength,Intermediate,Gym,9.1,5,6,0.5,65,Legs,2,69,620,1
U3352,20,Female,160,58.6,22.9,Lose Weight,Beginner,Gym,8.6,1,2,0.71,58,Cardio,1,35,257,1
U3353,38,Male,158,66.9,26.8,Build Muscle,Beginner,Mixed,6.7,8,6,0.5,58,Lower Body,1,54,539,0
U3354,21,Male,158,79.4,31.8,Gain Strength,Beginner,Home,7.5,8,2,0.74,68,Lower Body,1,61,477,1
U3355,41,Female,191,93.8,25.7,Gain Strength,Beginner,Gym,7.4,6,4,0.77,73,Legs,1,66,551,1
U3356,38,Female,181,92.1,28.1,Improve Fitness,Intermediate,Mixed,7.1,6,2,0.54,62,Lower Body,2,57,471,0
U3357,18,Female,191,62,17,Build Muscle,Beginner,Gym,9.3,5,1,0.88,59,Push,1,63,576,1
U3358,36,Female,159,58.9,23.3,Lose Weight,Beginner,Gym,6.4,2,0,1,50,Full Body,1,53,552,1
U3359,25,Female,193,93.1,25,Build Muscle,Beginner,Mixed,7,2,2,0.87,70,Pull,1,52,404,1
U3360,19,Male,155,41.1,17.1,Lose Weight,Beginner,Home,6.8,3,1,0.55,73,Lower Body,1,40,340,1
U3361,26,Female,171,89.2,30.5,Lose Weight,Beginner,Gym,5.2,4,2,0.58,63,Cardio,1,33,289,1
U3362,26,Female,179,73.4,22.9,Gain Strength,Intermediate,Gym,7.9,7,4,0.69,78,Lower Body,2,61,470,1
U3363,29,Female,177,68.6,21.9,Improve Fitness,Beginner,Mixed,7.4,10,1,0.86,61,Lower Body,1,60,550,1
U3364,22,Female,193,103.6,27.8,Lose Weight,Beginner,Gym,7.2,9,5,0.91,68,Full Body,1,44,425,1
U3365,31,Male,187,91.3,26.1,Build Muscle,Intermediate,Home,7.1,8,2,0.7,75,Push,2,63,587,1
U3366,44,Male,155,64.4,26.8,Gain Strength,Beginner,Home,5.7,7,6,0.98,44,Push,1,68,505,1
U3367,39,Female,160,55.3,21.6,Build Muscle,Beginner,Home,7,5,5,0.79,95,Push,1,56,595,1
U3368,44,Female,176,52.7,17,Gain Strength,Beginner,Gym,6.5,5,3,0.34,72,Legs,1,46,365,0
U3369,41,Male,174,77.5,25.6,Build Muscle,Beginner,Gym,8.8,4,0,0.74,87,Pull,1,69,680,1
U3370,23,Male,159,68.3,27,Improve Fitness,Intermediate,Gym,6.6,5,0,0.47,76,Cardio,2,30,272,0
U3371,45,Female,151,41.5,18.2,Build Muscle,Beginner,Gym,8.5,3,0,0.69,89,Push,1,48,474,1
U3372,40,Male,158,56.2,22.5,Gain Strength,Intermediate,Home,7.4,3,3,0.76,71,Legs,2,59,488,1
U3373,25,Female,170,65.6,22.7,Build Muscle,Advanced,Gym,7.5,1,1,0.55,53,Full Body,3,43,451,1
U3374,36,Male,188,105,29.7,Build Muscle,Intermediate,Gym,7.9,2,0,0.73,96,Pull,2,65,564,1
U3375,33,Female,182,77.5,23.4,Build Muscle,Beginner,Gym,8.6,3,1,0.75,56,Upper Body,1,54,536,1
U3376,21,Male,178,102.3,32.3,Build Muscle,Beginner,Home,8.2,5,2,0.7,82,Legs,1,68,761,1
U3377,23,Male,152,52.7,22.8,Gain Strength,Intermediate,Mixed,8,10,2,0.29,56,Legs,2,57,482,0
U3378,27,Female,163,76,28.6,Gain Strength,Intermediate,Home,6.8,6,4,0.76,51,Push,2,65,476,1
U3379,32,Female,195,122.8,32.3,Lose Weight,Beginner,Gym,8.4,0,6,0.68,65,Full Body,1,50,554,1
U3380,24,Female,163,76.5,28.8,Build Muscle,Beginner,Gym,9.3,0,5,0.89,100,Legs,1,65,710,1
U3381,27,Female,173,61.7,20.6,Lose Weight,Beginner,Gym,6.2,10,2,0.51,78,Recovery,1,20,152,0
U3382,40,Female,174,76.3,25.2,Lose Weight,Intermediate,Home,6.9,6,6,0.87,90,Lower Body,2,46,375,1
U3383,32,Female,181,59.3,18.1,Build Muscle,Advanced,Home,6.4,8,2,0.87,64,Push,3,66,548,1
U3384,36,Female,170,61,21.1,Gain Strength,Beginner,Home,8.2,10,6,0.49,67,Lower Body,1,58,621,1
U3385,41,Female,183,86.7,25.9,Build Muscle,Beginner,Gym,6.5,2,1,0.86,63,Full Body,1,42,465,1
U3386,38,Female,162,79.8,30.4,Lose Weight,Beginner,Gym,7,6,0,0.84,83,Cardio,1,34,364,1
U3387,19,Male,164,58.9,21.9,Gain Strength,Beginner,Home,4.8,2,0,0.78,73,Push,1,69,657,1
U3388,23,Female,152,61.9,26.8,Build Muscle,Advanced,Home,6.9,4,4,0.64,100,Pull,3,59,574,1
U3389,36,Female,162,48,18.3,Lose Weight,Advanced,Gym,7.9,3,5,0.62,66,Recovery,3,29,326,1
U3390,32,Male,169,66.3,23.2,Build Muscle,Beginner,Gym,6.2,9,2,0.82,92,Upper Body,1,49,445,1
U3391,34,Male,193,98.7,26.5,Gain Strength,Advanced,Gym,7.2,5,2,0.54,79,Legs,3,60,503,1
U3392,36,Male,163,89.3,33.6,Gain Strength,Intermediate,Gym,6.7,2,3,0.65,63,Pull,2,64,723,1
U3393,41,Female,179,71.8,22.4,Build Muscle,Intermediate,Home,4.5,4,5,0.79,59,Pull,2,46,436,1
U3394,41,Female,155,42.5,17.7,Lose Weight,Advanced,Mixed,7.9,6,1,0.53,66,Full Body,3,56,636,1
U3395,37,Female,151,70,30.7,Gain Strength,Intermediate,Home,5.5,10,5,0.44,76,Lower Body,2,53,556,0
U3396,25,Female,167,81.7,29.3,Build Muscle,Intermediate,Gym,5.4,10,1,0.79,80,Lower Body,2,46,360,1
U3397,31,Male,158,42.4,17,Lose Weight,Intermediate,Gym,8,7,4,0.88,67,Recovery,2,27,266,1
U3398,23,Male,151,67.9,29.8,Build Muscle,Beginner,Gym,8.4,5,1,0.74,65,Push,1,48,534,1
U3399,25,Female,190,73.6,20.4,Gain Strength,Beginner,Gym,7.1,0,4,0.82,67,Legs,1,52,492,1
U3400,31,Female,161,44.1,17,Build Muscle,Beginner,Home,8.5,9,0,0.75,66,Lower Body,1,58,579,1
U3401,18,Male,194,105.8,28.1,Build Muscle,Beginner,Home,8.8,1,3,0.22,78,Pull,1,54,618,1
U3402,43,Female,157,45.6,18.5,Lose Weight,Beginner,Gym,7.6,7,2,0.74,81,Full Body,1,54,500,1
U3403,18,Male,180,72.6,22.4,Build Muscle,Advanced,Mixed,5,4,0,0.64,78,Push,3,62,624,1
U3404,38,Male,161,74.7,28.8,Gain Strength,Beginner,Gym,5.8,10,0,0.9,62,Push,1,67,664,1
U3405,42,Female,161,67.4,26,Gain Strength,Beginner,Gym,6.5,10,6,0.75,85,Push,1,48,395,1
U3406,27,Male,183,64.6,19.3,Improve Fitness,Intermediate,Gym,6.4,6,3,0.75,100,Upper Body,2,43,372,1
U3407,32,Female,158,52.2,20.9,Improve Fitness,Beginner,Gym,9.3,5,1,1,70,Cardio,1,35,257,1
U3408,37,Female,155,55.7,23.2,Lose Weight,Intermediate,Mixed,6.3,3,5,0.71,50,Lower Body,2,56,442,1
U3409,20,Male,192,89.2,24.2,Build Muscle,Beginner,Home,8.7,0,4,0.61,68,Pull,1,58,395,1
U3410,43,Female,182,57.6,17.4,Build Muscle,Intermediate,Gym,7.5,0,4,0.77,72,Upper Body,2,61,649,1
U3411,28,Male,170,68.2,23.6,Build Muscle,Advanced,Gym,6.8,2,3,0.81,71,Push,3,62,665,1
U3412,35,Male,158,64.4,25.8,Build Muscle,Beginner,Home,7.3,1,6,0.92,82,Push,1,57,540,1
U3413,29,Male,161,65.6,25.3,Build Muscle,Beginner,Gym,8.8,10,3,0.8,91,Upper Body,1,41,347,1
U3414,35,Female,178,85.5,27,Lose Weight,Advanced,Home,5.1,3,5,0.95,74,Full Body,3,41,329,1
U3415,27,Male,165,66.2,24.3,Lose Weight,Intermediate,Gym,7.4,0,0,0.66,75,Cardio,2,40,347,1
U3416,20,Female,158,54.9,22,Build Muscle,Beginner,Gym,8.5,7,0,0.7,66,Legs,1,47,483,1
U3417,19,Male,159,52.1,20.6,Gain Strength,Intermediate,Gym,7.4,5,1,0.75,77,Pull,2,49,354,1
U3418,37,Female,190,72.9,20.2,Lose Weight,Intermediate,Gym,5.3,8,4,0.83,94,Full Body,2,56,534,1
U3419,24,Male,190,72.9,20.2,Gain Strength,Intermediate,Mixed,8.8,10,0,0.77,71,Push,2,52,448,1
U3420,40,Female,174,69,22.8,Build Muscle,Beginner,Gym,5.6,7,1,0.9,60,Legs,1,56,431,1
U3421,20,Female,192,78.2,21.2,Lose Weight,Beginner,Mixed,8.2,7,1,0.38,49,Cardio,1,37,398,0
U3422,31,Female,162,64,24.4,Build Muscle,Intermediate,Gym,7.4,2,0,0.81,67,Pull,2,58,608,1
U3423,34,Female,161,91,35.1,Improve Fitness,Beginner,Gym,6.8,4,2,0.68,60,Full Body,1,60,415,1
U3424,21,Female,171,73.1,25,Build Muscle,Intermediate,Gym,7.8,9,2,0.94,49,Legs,2,62,458,1
U3425,38,Female,174,71.1,23.5,Build Muscle,Beginner,Gym,7.6,2,4,0.83,72,Push,1,65,548,1
U3426,23,Female,161,69.5,26.8,Build Muscle,Intermediate,Gym,6.2,10,4,1,86,Upper Body,2,51,549,1
U3427,19,Female,170,54.6,18.9,Gain Strength,Beginner,Mixed,5.9,10,0,0.53,82,Upper Body,1,61,411,0
U3428,32,Male,166,52.6,19.1,Build Muscle,Beginner,Gym,6.7,8,0,0.8,71,Push,1,68,722,1
U3429,30,Male,169,73.1,25.6,Build Muscle,Beginner,Mixed,5.9,1,2,0.83,62,Upper Body,1,52,526,1
U3430,30,Female,165,62.9,23.1,Gain Strength,Advanced,Home,7.4,2,6,0.74,72,Lower Body,3,52,425,1
U3431,31,Male,167,59.4,21.3,Lose Weight,Beginner,Gym,6.8,1,1,0.72,51,Cardio,1,36,243,1
U3432,33,Male,185,77.3,22.6,Improve Fitness,Intermediate,Gym,7.5,8,1,0.49,89,Cardio,2,35,358,0
U3433,37,Female,159,75.3,29.8,Lose Weight,Advanced,Home,5.7,6,4,0.96,69,Full Body,3,48,328,1
U3434,20,Female,167,73.3,26.3,Build Muscle,Beginner,Home,6.6,3,6,0.89,78,Legs,1,56,411,1
U3435,40,Female,188,74.6,21.1,Gain Strength,Intermediate,Gym,5.8,5,5,0.46,74,Legs,2,64,605,1
U3436,18,Female,170,77.7,26.9,Lose Weight,Intermediate,Home,7.8,9,5,0.7,54,Full Body,2,54,519,1
U3437,19,Female,187,75.5,21.6,Build Muscle,Beginner,Home,8.4,1,2,0.63,74,Push,1,46,469,1
U3438,45,Male,183,67,20,Lose Weight,Intermediate,Gym,7.5,10,3,0.64,87,Full Body,2,53,584,1
U3439,30,Male,181,90.7,27.7,Build Muscle,Beginner,Gym,6.6,0,0,0.7,63,Legs,1,57,451,1
U3440,21,Male,158,46.2,18.5,Improve Fitness,Beginner,Gym,6.2,8,2,0.76,76,Recovery,1,27,212,1
U3441,25,Female,179,80.4,25.1,Gain Strength,Advanced,Gym,6.8,7,5,0.89,72,Lower Body,3,57,602,1
U3442,43,Female,159,69.5,27.5,Build Muscle,Beginner,Mixed,5.1,8,6,0.2,76,Pull,1,47,381,0
U3443,23,Male,180,59.9,18.5,Lose Weight,Intermediate,Gym,6.9,4,4,0.67,95,Full Body,2,45,349,1
U3444,45,Male,159,66.2,26.2,Build Muscle,Beginner,Gym,7.3,4,0,0.87,77,Legs,1,55,380,1
U3445,22,Female,159,57.1,22.6,Lose Weight,Intermediate,Gym,8.3,5,1,0.52,76,Lower Body,2,52,521,1
U3446,28,Male,189,64.3,18,Build Muscle,Beginner,Gym,7.3,6,5,0.75,97,Push,1,56,432,1
U3447,26,Female,154,42.5,17.9,Build Muscle,Intermediate,Gym,6.4,3,3,0.87,77,Push,2,56,425,1
U3448,34,Male,168,71.4,25.3,Build Muscle,Advanced,Gym,6,1,6,0.61,90,Lower Body,3,47,319,1
U3449,44,Female,168,68.6,24.3,Build Muscle,Intermediate,Gym,7.5,6,5,0.7,54,Lower Body,2,46,319,1
U3450,33,Male,160,72.7,28.4,Gain Strength,Beginner,Home,7.7,6,3,1,56,Upper Body,1,47,385,1
U3451,32,Female,169,80,28,Lose Weight,Beginner,Home,5.7,0,1,0.75,86,Cardio,1,49,507,1
U3452,41,Male,156,41.4,17,Improve Fitness,Beginner,Home,6.9,9,2,0.62,61,Full Body,1,57,567,0
U3453,24,Male,163,69.3,26.1,Lose Weight,Intermediate,Gym,8.3,10,4,0.7,75,Cardio,2,44,316,1
U3454,43,Female,150,56.2,25,Lose Weight,Beginner,Gym,7.1,10,0,0.52,88,Full Body,1,56,632,1
U3455,35,Male,166,70.8,25.7,Gain Strength,Intermediate,Mixed,7.5,9,3,0.57,65,Pull,2,58,643,0
U3456,29,Male,192,87.7,23.8,Build Muscle,Beginner,Home,5.4,5,4,0.42,62,Upper Body,1,45,352,0
U3457,42,Male,187,93.4,26.7,Gain Strength,Intermediate,Home,6.4,4,6,0.54,59,Legs,2,47,470,1
U3458,26,Female,175,69.2,22.6,Gain Strength,Beginner,Gym,6.7,4,6,1,87,Pull,1,53,424,1
U3459,22,Female,181,94.4,28.8,Lose Weight,Beginner,Gym,8.4,0,6,0.54,53,Cardio,1,45,493,1
U3460,27,Female,178,63.1,19.9,Improve Fitness,Intermediate,Home,8.6,3,3,0.62,53,Cardio,2,31,308,1
U3461,39,Male,179,72.7,22.7,Lose Weight,Intermediate,Mixed,6.8,7,1,0.77,75,Cardio,2,31,247,1
U3462,41,Female,187,73.4,21,Lose Weight,Intermediate,Home,7.9,6,2,0.6,69,Cardio,2,35,315,1
U3463,39,Male,158,68.4,27.4,Gain Strength,Intermediate,Gym,6.4,8,2,0.62,80,Lower Body,2,42,345,1
U3464,41,Female,157,51.5,20.9,Gain Strength,Beginner,Gym,6.7,6,0,0.82,100,Lower Body,1,53,592,1
U3465,25,Female,166,74.4,27,Lose Weight,Beginner,Home,7.6,5,2,0.82,55,Cardio,1,33,376,1
U3466,23,Male,166,68.9,25,Improve Fitness,Advanced,Gym,7.1,5,3,0.78,73,Cardio,3,48,528,1
U3467,32,Female,185,89.3,26.1,Gain Strength,Intermediate,Gym,6.8,7,4,0.73,53,Pull,2,64,443,1
U3468,31,Male,153,54.3,23.2,Build Muscle,Intermediate,Gym,8.6,3,3,0.78,71,Legs,2,47,336,1
U3469,18,Male,158,81.1,32.5,Lose Weight,Beginner,Mixed,5.6,0,0,0.52,97,Full Body,1,59,455,1
U3470,39,Male,183,82.7,24.7,Lose Weight,Beginner,Mixed,6.8,0,3,0.5,78,Lower Body,1,55,414,1
U3471,41,Female,181,87.8,26.8,Lose Weight,Beginner,Home,5.9,2,6,0.69,66,Full Body,1,40,267,1
U3472,45,Male,180,82.9,25.6,Build Muscle,Beginner,Gym,5.9,8,1,0.95,85,Upper Body,1,44,445,1
U3473,43,Female,176,71.2,23,Build Muscle,Intermediate,Home,6.9,2,0,0.7,60,Full Body,2,58,568,1
U3474,35,Female,162,59.3,22.6,Improve Fitness,Advanced,Mixed,6.8,1,0,1,86,Upper Body,3,59,622,1
U3475,24,Female,177,89,28.4,Lose Weight,Beginner,Home,7.5,9,2,0.52,71,Full Body,1,47,426,1
U3476,28,Male,162,75.1,28.6,Build Muscle,Intermediate,Home,5.7,2,5,0.83,100,Upper Body,2,51,507,1
U3477,39,Male,192,106.9,29,Build Muscle,Intermediate,Home,8.7,2,6,0.76,86,Upper Body,2,50,528,1
U3478,44,Male,153,50.3,21.5,Lose Weight,Intermediate,Home,8,7,6,0.84,76,Cardio,2,40,380,1
U3479,34,Female,160,76.8,30,Gain Strength,Intermediate,Gym,6.5,8,4,0.69,73,Lower Body,2,54,485,1
U3480,26,Male,165,55,20.2,Lose Weight,Beginner,Mixed,7.3,7,3,0.41,87,Lower Body,1,64,539,0
U3481,44,Female,192,91.1,24.7,Build Muscle,Advanced,Home,6.5,0,6,0.57,68,Full Body,3,48,516,1
U3482,44,Female,170,79.2,27.4,Lose Weight,Intermediate,Mixed,7.7,6,0,0.59,59,Full Body,2,57,591,1
U3483,19,Male,194,102.7,27.3,Lose Weight,Beginner,Gym,6.3,7,4,0.73,73,Cardio,1,48,453,1
U3484,24,Female,150,58,25.8,Improve Fitness,Intermediate,Gym,8,2,5,0.49,43,Cardio,2,42,359,1
U3485,40,Female,184,74.8,22.1,Build Muscle,Advanced,Gym,9.1,10,1,1,99,Push,3,62,406,1
U3486,36,Female,175,72.6,23.7,Improve Fitness,Beginner,Gym,5.1,2,0,0.3,62,Full Body,1,49,407,0
U3487,33,Male,179,75.9,23.7,Lose Weight,Intermediate,Home,8.5,5,3,0.88,75,Full Body,2,49,326,1
U3488,26,Female,178,65.9,20.8,Build Muscle,Beginner,Gym,6,9,0,0.77,82,Legs,1,62,702,1
U3489,40,Male,172,77.2,26.1,Lose Weight,Intermediate,Gym,6,0,6,0.84,78,Cardio,2,33,235,1
U3490,26,Female,182,66.2,20,Improve Fitness,Intermediate,Home,6.2,8,0,0.84,68,Full Body,2,52,537,1
U3491,18,Male,151,71.1,31.2,Build Muscle,Intermediate,Gym,7.7,0,3,0.63,71,Push,2,59,474,1
U3492,33,Female,165,67.5,24.8,Gain Strength,Intermediate,Gym,6.3,9,5,0.56,82,Lower Body,2,58,486,1
U3493,20,Male,159,71,28.1,Build Muscle,Advanced,Gym,7.8,2,5,0.99,63,Legs,3,47,532,1
U3494,36,Male,162,82.7,31.5,Gain Strength,Intermediate,Mixed,6.1,0,4,0.54,45,Pull,2,63,642,1
U3495,36,Male,193,84.2,22.6,Build Muscle,Intermediate,Gym,6.5,8,5,0.81,75,Legs,2,65,696,1
U3496,34,Female,154,46.2,19.5,Improve Fitness,Intermediate,Mixed,6.7,0,5,0.65,45,Full Body,2,46,459,1
U3497,24,Male,183,68.3,20.4,Build Muscle,Beginner,Gym,6.3,9,5,0.98,74,Push,1,57,418,1
U3498,18,Female,157,67.3,27.3,Build Muscle,Beginner,Gym,5.5,5,0,0.93,91,Pull,1,58,617,1
U3499,30,Female,181,55.7,17,Build Muscle,Beginner,Home,6.3,10,4,0.81,81,Legs,1,61,641,1
U3500,26,Male,172,64.2,21.7,Lose Weight,Intermediate,Gym,6.8,10,6,0.61,73,Cardio,2,30,284,1
U3501,38,Male,167,82.3,29.5,Gain Strength,Intermediate,Mixed,6.3,6,2,0.9,60,Pull,2,54,606,1
U3502,40,Female,156,50.9,20.9,Gain Strength,Beginner,Gym,8,5,6,0.89,84,Push,1,66,477,1
U3503,45,Female,158,47.4,19,Gain Strength,Intermediate,Mixed,6.6,9,0,0.87,72,Upper Body,2,53,581,1
U3504,43,Male,184,67.7,20,Improve Fitness,Beginner,Gym,7.6,4,5,0.59,98,Cardio,1,50,327,1
U3505,37,Male,182,102.7,31,Gain Strength,Advanced,Mixed,7.8,3,2,0.96,72,Legs,3,75,580,1
U3506,38,Female,172,81.9,27.7,Lose Weight,Intermediate,Mixed,8.7,8,4,0.76,68,Cardio,2,49,331,1
U3507,20,Female,171,50.6,17.3,Gain Strength,Advanced,Mixed,7,10,1,0.87,86,Legs,3,75,764,1
U3508,22,Female,155,63.9,26.6,Lose Weight,Intermediate,Home,6.5,6,6,0.36,64,Cardio,2,48,505,1
U3509,24,Female,151,52.9,23.2,Build Muscle,Intermediate,Home,6.8,4,3,0.83,100,Legs,2,63,660,1
U3510,22,Male,186,86.5,25,Improve Fitness,Beginner,Home,6.9,2,5,0.67,73,Full Body,1,45,487,1
U3511,21,Female,167,58.6,21,Build Muscle,Beginner,Mixed,7.2,9,1,0.8,75,Pull,1,45,383,1
U3512,18,Male,160,67.6,26.4,Lose Weight,Beginner,Gym,7.6,10,2,0.4,81,Lower Body,1,51,444,0
U3513,31,Female,191,79.2,21.7,Build Muscle,Beginner,Home,5.9,5,0,0.52,78,Legs,1,57,430,1
U3514,32,Female,153,55.2,23.6,Gain Strength,Intermediate,Mixed,5.2,8,1,0.81,50,Pull,2,50,487,0
U3515,27,Female,179,80.4,25.1,Improve Fitness,Intermediate,Gym,7.4,1,3,0.88,98,Full Body,2,49,500,1
U3516,22,Male,165,51.2,18.8,Improve Fitness,Intermediate,Gym,7,9,0,0.67,78,Cardio,2,45,474,0
U3517,25,Female,191,92.7,25.4,Gain Strength,Advanced,Home,6.7,3,0,0.64,55,Push,3,52,594,1
U3518,22,Female,173,85.6,28.6,Gain Strength,Beginner,Gym,7.6,0,4,0.89,67,Legs,1,73,502,1
U3519,44,Male,190,78.3,21.7,Build Muscle,Beginner,Gym,5.9,0,3,0.78,56,Upper Body,1,40,343,1
U3520,18,Male,178,102.3,32.3,Build Muscle,Intermediate,Gym,5.7,10,4,0.77,95,Push,2,53,447,1
U3521,33,Female,170,78,27,Improve Fitness,Advanced,Gym,7.3,2,0,0.55,51,Cardio,3,35,261,1
U3522,26,Female,150,62.3,27.7,Lose Weight,Intermediate,Home,8.8,0,5,0.64,54,Full Body,2,56,548,1
U3523,29,Male,177,53.3,17,Lose Weight,Beginner,Gym,6,3,1,0.7,95,Full Body,1,42,347,1
U3524,41,Male,160,69.9,27.3,Lose Weight,Intermediate,Home,7.4,2,2,0.65,63,Lower Body,2,57,391,1
U3525,43,Male,153,71.2,30.4,Lose Weight,Advanced,Home,7.3,2,0,0.34,61,Lower Body,3,53,388,0
U3526,19,Female,153,48.9,20.9,Lose Weight,Beginner,Home,6.5,4,5,0.82,70,Recovery,1,22,225,1
U3527,29,Male,160,62,24.2,Lose Weight,Intermediate,Mixed,8.5,3,4,0.59,99,Cardio,2,39,378,1
U3528,29,Female,163,57.7,21.7,Lose Weight,Intermediate,Gym,7.2,8,6,0.67,73,Cardio,2,36,381,1
U3529,27,Female,191,96.3,26.4,Build Muscle,Beginner,Home,7.6,8,2,0.58,55,Lower Body,1,61,428,0
U3530,36,Male,170,101.1,35,Build Muscle,Beginner,Gym,6.6,7,1,0.85,47,Push,1,54,413,1
U3531,21,Male,180,75.5,23.3,Build Muscle,Advanced,Mixed,7,0,0,0.81,31,Push,3,61,480,1
U3532,34,Female,171,73.7,25.2,Gain Strength,Intermediate,Gym,5.8,4,6,0.78,56,Pull,2,59,495,1
U3533,19,Female,180,67.7,20.9,Build Muscle,Beginner,Home,6.8,8,0,0.53,64,Push,1,49,449,0
U3534,36,Female,150,43.9,19.5,Build Muscle,Intermediate,Home,5.1,1,3,0.9,52,Push,2,60,665,1
U3535,31,Female,185,81.1,23.7,Improve Fitness,Beginner,Home,7.9,6,1,0.61,59,Cardio,1,44,300,1
U3536,28,Male,181,83.5,25.5,Lose Weight,Beginner,Home,8.3,8,1,0.51,69,Lower Body,1,59,491,0
U3537,41,Female,152,39.7,17.2,Lose Weight,Intermediate,Gym,6.7,2,4,0.73,59,Lower Body,2,48,460,1
U3538,37,Female,169,64.5,22.6,Lose Weight,Beginner,Home,5.6,3,5,0.73,87,Lower Body,1,41,384,1
U3539,31,Female,184,67.4,19.9,Build Muscle,Beginner,Mixed,6.4,6,6,0.81,90,Pull,1,57,559,1
U3540,42,Female,151,41.5,18.2,Build Muscle,Beginner,Mixed,6.9,8,6,0.77,70,Upper Body,1,65,651,1
U3541,33,Female,177,53.3,17,Lose Weight,Beginner,Gym,7.7,7,6,0.99,73,Full Body,1,56,491,1
U3542,20,Female,186,69.9,20.2,Lose Weight,Beginner,Gym,6.5,2,1,1,85,Full Body,1,43,493,1
U3543,40,Female,178,86.2,27.2,Improve Fitness,Beginner,Gym,7.5,5,6,0.6,68,Cardio,1,47,502,1
U3544,23,Female,185,82.8,24.2,Lose Weight,Intermediate,Gym,7.7,10,1,0.99,88,Cardio,2,49,494,1
U3545,29,Female,173,55.4,18.5,Build Muscle,Intermediate,Gym,7.3,4,1,0.85,81,Legs,2,56,635,1
U3546,18,Female,157,54,21.9,Lose Weight,Intermediate,Gym,9.5,8,5,0.49,55,Recovery,2,23,180,1
U3547,43,Female,173,76.3,25.5,Lose Weight,Beginner,Home,9.4,1,0,0.57,68,Full Body,1,54,462,1
U3548,41,Male,161,75.2,29,Gain Strength,Intermediate,Mixed,7.1,4,1,0.66,80,Legs,2,60,569,1
U3549,45,Female,157,63.1,25.6,Gain Strength,Intermediate,Home,8.2,3,6,0.95,76,Legs,2,61,610,1
U3550,39,Male,192,94.7,25.7,Lose Weight,Beginner,Gym,7.3,5,1,0.81,72,Recovery,1,24,239,1
U3551,33,Female,157,60.4,24.5,Lose Weight,Beginner,Gym,8.4,10,0,0.99,49,Full Body,1,48,326,1
U3552,27,Male,162,64.3,24.5,Improve Fitness,Beginner,Gym,6.3,7,3,0.66,78,Full Body,1,54,619,1
U3553,41,Female,156,66.4,27.3,Lose Weight,Beginner,Mixed,7,0,3,0.38,57,Lower Body,1,40,397,1
U3554,24,Male,181,92.7,28.3,Improve Fitness,Beginner,Gym,4.5,2,6,0.93,79,Lower Body,1,52,504,1
U3555,25,Male,170,86.7,30,Lose Weight,Advanced,Gym,6.9,7,1,0.35,78,Cardio,3,39,444,1
U3556,19,Male,177,93.7,29.9,Lose Weight,Beginner,Mixed,8.1,5,5,0.6,73,Lower Body,1,40,400,1
U3557,45,Female,164,60,22.3,Build Muscle,Beginner,Home,6.2,10,0,0.89,54,Lower Body,1,60,391,0
U3558,25,Male,167,57.7,20.7,Build Muscle,Advanced,Gym,5.9,6,4,0.45,74,Pull,3,68,629,1
U3559,18,Female,185,100.6,29.4,Improve Fitness,Beginner,Mixed,6.9,0,2,0.45,84,Cardio,1,33,339,1
U3560,38,Female,168,89.2,31.6,Lose Weight,Intermediate,Gym,6.4,1,2,0.63,79,Cardio,2,30,339,1
U3561,23,Female,152,72.3,31.3,Lose Weight,Intermediate,Mixed,6.5,4,2,0.48,81,Cardio,2,40,391,1
U3562,28,Female,188,98.6,27.9,Build Muscle,Beginner,Gym,7.1,0,0,0.62,86,Pull,1,56,577,1
U3563,36,Female,194,100.5,26.7,Improve Fitness,Beginner,Home,6.3,7,4,0.73,51,Full Body,1,42,433,1
U3564,26,Female,183,91.8,27.4,Lose Weight,Intermediate,Home,6.8,7,3,0.64,71,Full Body,2,48,475,1
U3565,20,Female,159,62.4,24.7,Improve Fitness,Intermediate,Gym,8.1,5,1,0.83,69,Full Body,2,48,434,1
U3566,18,Male,167,77.3,27.7,Lose Weight,Beginner,Home,7.5,7,0,0.64,70,Full Body,1,57,589,1
U3567,27,Male,158,59.7,23.9,Improve Fitness,Intermediate,Gym,7.7,9,1,0.65,66,Full Body,2,40,381,0
U3568,18,Female,191,119.7,32.8,Improve Fitness,Intermediate,Gym,8.1,4,0,0.58,80,Full Body,2,50,498,1
U3569,19,Female,174,75.7,25,Improve Fitness,Intermediate,Gym,7.5,10,4,0.74,89,Upper Body,2,43,330,1
U3570,20,Male,176,80.5,26,Gain Strength,Intermediate,Gym,7,2,5,0.91,75,Push,2,58,410,1
U3571,40,Female,186,86.5,25,Lose Weight,Beginner,Home,7.4,0,3,0.7,72,Lower Body,1,58,638,1
U3572,41,Female,188,77.8,22,Build Muscle,Beginner,Gym,6.3,9,1,0.54,51,Push,1,68,562,0
U3573,40,Male,176,64.4,20.8,Lose Weight,Intermediate,Mixed,6.9,8,5,0.74,67,Cardio,2,39,299,1
U3574,34,Female,168,48,17,Lose Weight,Beginner,Gym,8.8,8,3,0.92,78,Cardio,1,36,318,1
U3575,22,Female,185,111.2,32.5,Improve Fitness,Beginner,Gym,6,2,3,1,57,Full Body,1,51,470,1
U3576,21,Male,194,96,25.5,Build Muscle,Intermediate,Home,5.7,4,0,0.72,77,Legs,2,66,598,1
U3577,29,Male,187,83.6,23.9,Build Muscle,Beginner,Gym,7.9,6,4,0.74,64,Push,1,70,695,1
U3578,22,Male,176,68.5,22.1,Lose Weight,Beginner,Gym,8,5,1,0.6,85,Recovery,1,23,264,1
U3579,28,Female,185,101.3,29.6,Gain Strength,Intermediate,Gym,5.3,2,4,0.92,100,Push,2,66,526,1
U3580,45,Male,158,63.9,25.6,Gain Strength,Intermediate,Home,7.8,4,3,0.91,67,Pull,2,65,624,1
U3581,18,Male,161,65.6,25.3,Improve Fitness,Intermediate,Gym,5.7,8,3,0.74,79,Lower Body,2,53,514,1
U3582,41,Female,180,86.5,26.7,Lose Weight,Intermediate,Home,8.3,1,0,0.58,64,Full Body,2,40,408,1
U3583,45,Male,175,99.5,32.5,Build Muscle,Beginner,Gym,6.9,7,5,0.76,70,Legs,1,74,530,1
U3584,24,Male,189,75,21,Build Muscle,Beginner,Gym,8.9,7,3,0.63,55,Legs,1,59,397,1
U3585,21,Female,161,58.6,22.6,Build Muscle,Advanced,Gym,4.9,4,3,0.6,57,Full Body,3,46,475,1
U3586,33,Female,161,70.2,27.1,Gain Strength,Beginner,Home,6.4,10,2,0.88,92,Legs,1,54,479,1
U3587,30,Male,193,103.6,27.8,Lose Weight,Intermediate,Gym,6.9,10,5,0.75,49,Cardio,2,39,379,1
U3588,36,Female,176,74,23.9,Gain Strength,Beginner,Gym,6.2,10,6,0.84,100,Push,1,68,552,1
U3589,40,Female,190,96,26.6,Build Muscle,Intermediate,Gym,4.9,1,0,0.65,73,Upper Body,2,60,416,1
U3590,26,Female,163,66.2,24.9,Lose Weight,Intermediate,Gym,6.3,10,1,0.76,53,Full Body,2,49,484,1
U3591,36,Male,195,78,20.5,Lose Weight,Intermediate,Gym,7.8,2,0,0.54,80,Cardio,2,30,317,1
U3592,39,Female,188,66.1,18.7,Build Muscle,Beginner,Gym,9,7,2,0.58,68,Legs,1,69,689,1
U3593,32,Male,190,93.5,25.9,Gain Strength,Intermediate,Mixed,6.5,10,4,0.75,80,Push,2,61,444,1
U3594,23,Female,193,106.2,28.5,Improve Fitness,Beginner,Mixed,8,9,3,0.69,69,Cardio,1,49,346,1
U3595,21,Female,159,87,34.4,Gain Strength,Beginner,Home,8.1,4,1,0.55,73,Upper Body,1,61,603,1
U3596,33,Female,163,61.4,23.1,Build Muscle,Intermediate,Mixed,7,6,6,0.5,65,Lower Body,2,42,274,1
U3597,40,Female,188,113.5,32.1,Build Muscle,Beginner,Mixed,7.7,1,5,0.27,90,Lower Body,1,58,549,1
U3598,33,Female,175,89.1,29.1,Lose Weight,Intermediate,Gym,6.7,7,6,0.85,59,Full Body,2,42,434,1
U3599,29,Female,177,70.5,22.5,Lose Weight,Intermediate,Home,8.7,0,1,0.67,43,Cardio,2,42,384,1
U3600,41,Female,181,79.3,24.2,Build Muscle,Intermediate,Gym,7,8,6,0.94,72,Push,2,61,487,1
U3601,32,Female,167,63.3,22.7,Improve Fitness,Beginner,Home,8.2,1,1,0.74,60,Upper Body,1,59,577,1
U3602,39,Male,156,71.5,29.4,Gain Strength,Beginner,Mixed,7.3,7,2,0.72,74,Pull,1,69,470,1
U3603,37,Female,175,61.2,20,Improve Fitness,Beginner,Mixed,6.5,0,5,0.72,69,Full Body,1,43,363,1
U3604,19,Female,182,98.7,29.8,Lose Weight,Intermediate,Mixed,7.3,10,0,0.87,72,Lower Body,2,64,478,1
U3605,40,Female,190,104.3,28.9,Improve Fitness,Intermediate,Home,7.5,5,1,0.72,71,Cardio,2,49,431,1
U3606,40,Male,171,59.9,20.5,Lose Weight,Intermediate,Home,7.7,0,3,0.71,64,Cardio,2,48,390,1
U3607,40,Male,180,94.3,29.1,Build Muscle,Intermediate,Home,5.7,3,6,0.64,87,Upper Body,2,46,486,1
U3608,31,Male,160,66,25.8,Build Muscle,Beginner,Gym,7,8,2,0.77,74,Push,1,67,611,1
U3609,23,Female,154,42.9,18.1,Gain Strength,Beginner,Gym,6.7,1,3,1,62,Legs,1,49,408,1
U3610,22,Female,185,79.4,23.2,Lose Weight,Beginner,Mixed,6.5,6,1,0.7,63,Cardio,1,34,356,1
U3611,29,Male,184,89.7,26.5,Improve Fitness,Intermediate,Gym,7.3,5,5,0.86,56,Lower Body,2,53,483,1
U3612,27,Female,167,64.4,23.1,Lose Weight,Intermediate,Gym,6.9,7,5,0.8,60,Cardio,2,33,327,1
U3613,34,Male,184,95.8,28.3,Lose Weight,Beginner,Gym,8.4,5,6,0.54,64,Cardio,1,47,331,1
U3614,35,Female,181,73.1,22.3,Lose Weight,Intermediate,Gym,9.5,7,3,0.64,97,Cardio,2,44,368,1
U3615,44,Female,190,69.3,19.2,Build Muscle,Intermediate,Gym,6,3,1,0.6,59,Pull,2,63,709,1
U3616,36,Male,159,59.2,23.4,Gain Strength,Advanced,Gym,6.3,2,4,0.57,89,Push,3,50,462,1
U3617,38,Female,165,80.6,29.6,Build Muscle,Beginner,Gym,8.1,2,0,0.81,73,Upper Body,1,44,377,1
U3618,37,Female,191,81.7,22.4,Lose Weight,Beginner,Gym,6.1,5,4,0.79,54,Full Body,1,52,581,1
U3619,36,Male,188,71.7,20.3,Lose Weight,Beginner,Gym,8.4,3,3,1,77,Full Body,1,54,472,1
U3620,27,Female,191,106.2,29.1,Improve Fitness,Intermediate,Gym,6.8,10,4,0.48,81,Cardio,2,38,407,0
U3621,28,Male,171,78.7,26.9,Lose Weight,Intermediate,Gym,7.2,3,3,0.68,86,Full Body,2,47,392,1
U3622,44,Male,189,72.9,20.4,Build Muscle,Intermediate,Home,6.2,8,3,0.54,73,Pull,2,49,328,1
U3623,42,Male,153,46.6,19.9,Build Muscle,Beginner,Gym,6.3,1,3,0.59,68,Pull,1,46,314,1
U3624,25,Female,169,52.3,18.3,Improve Fitness,Beginner,Gym,7.2,10,5,0.94,74,Lower Body,1,64,729,1
U3625,31,Female,165,84.4,31,Build Muscle,Advanced,Gym,8.6,5,4,0.86,73,Full Body,3,57,514,1
U3626,41,Male,188,86.9,24.6,Lose Weight,Beginner,Gym,7.9,7,6,0.65,43,Full Body,1,60,532,1
U3627,24,Female,177,83.3,26.6,Build Muscle,Intermediate,Gym,5.9,3,4,0.55,72,Upper Body,2,55,514,1
U3628,33,Female,171,70.5,24.1,Improve Fitness,Intermediate,Home,5.5,10,5,0.75,86,Full Body,2,54,606,1
U3629,41,Male,193,73.8,19.8,Build Muscle,Advanced,Home,8.5,2,5,0.44,100,Full Body,3,44,370,1
U3630,18,Female,189,81.4,22.8,Build Muscle,Beginner,Gym,7.3,7,0,0.38,71,Push,1,63,707,0
U3631,32,Male,167,71.1,25.5,Gain Strength,Beginner,Gym,7,9,6,0.62,57,Upper Body,1,40,325,1
U3632,28,Male,194,109.9,29.2,Lose Weight,Beginner,Gym,7.1,6,2,1,64,Full Body,1,53,353,1
U3633,32,Male,172,67.2,22.7,Build Muscle,Beginner,Gym,8,9,3,0.43,53,Legs,1,57,528,0
U3634,43,Male,161,75.4,29.1,Lose Weight,Advanced,Mixed,5.8,3,3,0.39,100,Full Body,3,49,373,1
U3635,21,Female,165,50.6,18.6,Build Muscle,Advanced,Home,7.3,9,0,0.73,30,Lower Body,3,61,677,0
U3636,24,Female,183,78.4,23.4,Improve Fitness,Beginner,Gym,7.6,8,3,0.78,85,Cardio,1,31,256,1
U3637,43,Male,170,66.2,22.9,Build Muscle,Intermediate,Gym,7.9,10,5,0.6,50,Lower Body,2,50,497,1
U3638,43,Male,151,43.3,19,Lose Weight,Advanced,Mixed,5.5,8,3,0.9,49,Cardio,3,45,434,1
U3639,19,Male,159,65,25.7,Build Muscle,Beginner,Home,6.8,1,2,0.7,92,Push,1,52,473,1
U3640,21,Female,193,84.6,22.7,Gain Strength,Beginner,Home,7.8,10,3,0.73,69,Lower Body,1,54,530,1
U3641,29,Male,152,79,34.2,Build Muscle,Intermediate,Gym,5.5,4,0,0.95,81,Full Body,2,60,594,1
U3642,38,Female,169,64.3,22.5,Lose Weight,Beginner,Gym,8.9,6,5,0.39,64,Cardio,1,37,294,1
U3643,22,Male,169,55.4,19.4,Lose Weight,Intermediate,Mixed,7.6,1,3,0.52,78,Cardio,2,37,401,1
U3644,39,Male,166,65.3,23.7,Build Muscle,Intermediate,Home,6.6,10,6,0.79,67,Upper Body,2,63,491,1
U3645,24,Male,167,55.5,19.9,Gain Strength,Advanced,Home,9.5,8,6,0.63,38,Upper Body,3,40,375,1
U3646,21,Female,153,49.2,21,Lose Weight,Intermediate,Gym,5.7,1,3,0.87,76,Lower Body,2,40,305,1
U3647,38,Female,174,79.3,26.2,Lose Weight,Intermediate,Gym,6.7,5,0,0.67,66,Cardio,2,40,306,1
U3648,22,Female,164,65.1,24.2,Lose Weight,Beginner,Gym,8,8,3,0.78,79,Cardio,1,48,538,1
U3649,33,Female,173,79.6,26.6,Build Muscle,Beginner,Home,8.1,8,4,0.77,77,Lower Body,1,50,518,1
U3650,21,Female,152,68.2,29.5,Improve Fitness,Beginner,Mixed,6.4,1,2,0.57,54,Lower Body,1,48,495,1
U3651,29,Male,177,79.3,25.3,Build Muscle,Advanced,Home,5.1,8,5,0.8,70,Upper Body,3,42,414,1
U3652,36,Male,164,78.8,29.3,Improve Fitness,Intermediate,Home,6.4,4,4,0.68,88,Cardio,2,34,253,1
U3653,25,Female,170,87.6,30.3,Gain Strength,Beginner,Gym,6.4,7,5,0.75,76,Legs,1,53,345,1
U3654,23,Female,194,98.2,26.1,Build Muscle,Beginner,Gym,6.8,5,2,0.95,43,Pull,1,58,437,1
U3655,26,Male,194,85.4,22.7,Lose Weight,Beginner,Gym,7.6,10,2,0.8,92,Cardio,1,50,326,1
U3656,30,Male,182,97.7,29.5,Improve Fitness,Intermediate,Gym,6.8,2,5,0.95,61,Full Body,2,42,279,1
U3657,39,Male,192,104.7,28.4,Lose Weight,Intermediate,Mixed,9.1,3,1,0.94,73,Full Body,2,47,410,1
U3658,41,Female,178,73.2,23.1,Build Muscle,Advanced,Gym,5.4,8,6,0.78,55,Legs,3,57,552,1
U3659,32,Female,187,74.1,21.2,Gain Strength,Advanced,Gym,5.8,9,4,0.64,71,Push,3,60,686,1
U3660,44,Female,176,79.3,25.6,Lose Weight,Intermediate,Home,6.4,0,5,0.91,68,Cardio,2,50,371,1
U3661,24,Male,175,64.9,21.2,Build Muscle,Intermediate,Home,7.3,1,3,1,77,Legs,2,74,732,1
U3662,25,Male,162,60.4,23,Build Muscle,Beginner,Mixed,5.4,1,4,0.68,75,Push,1,62,444,1
U3663,19,Male,188,80.9,22.9,Build Muscle,Intermediate,Home,5.3,9,5,0.57,93,Lower Body,2,47,437,1
U3664,35,Male,173,91.3,30.5,Lose Weight,Beginner,Gym,6.1,5,4,0.84,54,Lower Body,1,47,473,1
U3665,29,Male,168,85.8,30.4,Lose Weight,Advanced,Gym,7.4,10,1,0.89,46,Lower Body,3,50,351,1
U3666,43,Male,177,85.5,27.3,Improve Fitness,Beginner,Home,7.1,3,2,0.87,85,Full Body,1,42,340,1
U3667,33,Female,191,90.5,24.8,Build Muscle,Beginner,Home,6.4,8,0,0.86,71,Push,1,50,558,1
U3668,19,Male,176,64.4,20.8,Lose Weight,Intermediate,Home,6.1,10,1,0.45,64,Cardio,2,44,500,0
U3669,20,Female,162,76.4,29.1,Lose Weight,Beginner,Gym,7.3,2,0,0.62,84,Recovery,1,30,289,1
U3670,38,Female,181,68.8,21,Build Muscle,Intermediate,Mixed,7.2,7,4,0.69,83,Legs,2,52,569,1
U3671,23,Male,188,63.3,17.9,Gain Strength,Beginner,Gym,6.2,7,5,0.43,68,Upper Body,1,61,472,0
U3672,39,Female,181,97,29.6,Gain Strength,Beginner,Gym,6.5,1,4,0.63,85,Legs,1,62,550,1
U3673,38,Male,167,80.9,29,Gain Strength,Beginner,Gym,7,9,6,0.84,55,Legs,1,56,442,1
U3674,28,Male,184,102.6,30.3,Lose Weight,Beginner,Mixed,9.5,7,5,0.81,40,Full Body,1,58,605,1
U3675,21,Male,164,59.7,22.2,Gain Strength,Advanced,Home,7.8,0,2,0.64,91,Push,3,66,435,1
U3676,19,Male,169,77.1,27,Lose Weight,Beginner,Home,6.3,3,1,0.73,58,Cardio,1,43,401,1
U3677,20,Female,167,66.1,23.7,Build Muscle,Beginner,Mixed,6.5,3,1,0.93,100,Push,1,62,422,1
U3678,20,Female,157,45.6,18.5,Lose Weight,Intermediate,Gym,5,4,0,0.68,49,Cardio,2,49,465,1
U3679,40,Male,150,55.6,24.7,Gain Strength,Intermediate,Gym,7.9,7,6,0.99,75,Upper Body,2,51,451,1
U3680,31,Male,173,70.9,23.7,Build Muscle,Beginner,Home,4.9,0,1,0.72,73,Upper Body,1,50,430,1
U3681,23,Female,187,95.1,27.2,Build Muscle,Beginner,Mixed,6.3,7,3,0.64,49,Pull,1,60,447,1
U3682,22,Female,193,63.3,17,Lose Weight,Intermediate,Mixed,5.9,10,6,0.44,77,Cardio,2,33,330,1
U3683,45,Male,175,68.3,22.3,Gain Strength,Intermediate,Gym,6.5,7,0,0.54,30,Pull,2,50,364,0
U3684,40,Female,173,92.2,30.8,Improve Fitness,Advanced,Gym,6,1,5,0.65,50,Recovery,3,34,337,1
U3685,30,Female,169,81.7,28.6,Improve Fitness,Beginner,Gym,7.3,5,3,0.57,66,Upper Body,1,65,725,1
U3686,30,Male,179,100.9,31.5,Build Muscle,Beginner,Home,7,0,0,0.69,57,Push,1,62,698,1
U3687,38,Male,179,54.5,17,Build Muscle,Advanced,Mixed,6.9,7,4,0.78,88,Pull,3,47,487,1
U3688,38,Female,168,48,17,Improve Fitness,Intermediate,Home,5.9,7,4,0.62,71,Lower Body,2,46,361,1
U3689,40,Male,169,68.3,23.9,Improve Fitness,Intermediate,Mixed,7,1,2,0.79,58,Lower Body,2,44,346,1
U3690,42,Male,158,70.9,28.4,Build Muscle,Intermediate,Home,7.6,4,1,0.66,96,Upper Body,2,47,495,1
U3691,37,Female,156,75.4,31,Lose Weight,Beginner,Gym,8.1,4,5,0.2,95,Full Body,1,42,341,1
U3692,42,Male,156,67.7,27.8,Improve Fitness,Intermediate,Gym,9.3,5,0,0.94,95,Cardio,2,50,570,1
U3693,38,Male,164,75.8,28.2,Lose Weight,Beginner,Gym,8.6,3,5,1,75,Cardio,1,45,412,1
U3694,36,Female,178,56.7,17.9,Gain Strength,Beginner,Home,6.8,8,1,0.79,73,Lower Body,1,55,441,1
U3695,33,Male,165,52.5,19.3,Build Muscle,Beginner,Mixed,5.3,10,6,0.59,84,Upper Body,1,61,549,1
U3696,29,Male,173,93.1,31.1,Gain Strength,Beginner,Mixed,8.1,7,6,0.91,70,Lower Body,1,40,276,1
U3697,41,Male,183,57.6,17.2,Build Muscle,Beginner,Home,6.6,7,2,0.67,64,Upper Body,1,65,727,1
U3698,19,Female,180,80,24.7,Improve Fitness,Beginner,Gym,7.6,4,3,0.87,67,Upper Body,1,46,501,1
U3699,37,Male,168,48,17,Build Muscle,Advanced,Gym,6.6,9,2,0.73,90,Lower Body,3,60,657,1
U3700,37,Male,182,73.2,22.1,Improve Fitness,Advanced,Home,7.7,0,3,0.77,72,Cardio,3,32,357,1
U3701,28,Male,185,97.2,28.4,Build Muscle,Intermediate,Gym,6.4,3,0,0.62,71,Push,2,49,522,1
U3702,34,Female,177,68.3,21.8,Build Muscle,Beginner,Gym,7.7,1,2,0.59,75,Push,1,65,488,1
U3703,38,Female,164,64.8,24.1,Gain Strength,Advanced,Gym,7.3,1,5,0.64,66,Lower Body,3,59,453,1
U3704,33,Female,157,61.4,24.9,Lose Weight,Intermediate,Gym,7.3,9,2,0.72,97,Cardio,2,40,305,1
U3705,45,Male,186,70.2,20.3,Lose Weight,Intermediate,Home,7,8,3,0.44,77,Full Body,2,49,431,1
U3706,29,Female,159,50.1,19.8,Build Muscle,Intermediate,Gym,6.8,10,6,0.65,76,Full Body,2,44,431,1
U3707,38,Male,165,60.4,22.2,Gain Strength,Beginner,Gym,6.4,5,1,0.98,76,Pull,1,63,665,1
U3708,40,Male,160,56.6,22.1,Build Muscle,Intermediate,Gym,6.8,3,6,1,68,Push,2,70,765,1
U3709,45,Female,153,50.6,21.6,Improve Fitness,Intermediate,Home,6.3,4,1,0.62,63,Cardio,2,37,417,1
U3710,24,Female,189,68.2,19.1,Build Muscle,Beginner,Mixed,5.9,6,6,0.57,80,Full Body,1,52,596,1
U3711,37,Male,178,72.6,22.9,Build Muscle,Beginner,Gym,6.9,7,6,0.95,91,Legs,1,69,634,1
U3712,24,Female,190,84.1,23.3,Build Muscle,Intermediate,Mixed,6.4,3,4,0.56,82,Push,2,46,390,1
U3713,27,Female,170,68.2,23.6,Build Muscle,Beginner,Gym,6.7,0,0,0.57,60,Pull,1,61,676,1
U3714,35,Male,192,95.1,25.8,Build Muscle,Intermediate,Home,5.7,2,4,0.9,63,Upper Body,2,44,486,1
U3715,26,Female,180,77.4,23.9,Lose Weight,Intermediate,Gym,5.6,5,4,0.72,67,Full Body,2,54,378,1
U3716,45,Male,163,64.6,24.3,Gain Strength,Beginner,Gym,8.7,6,3,0.75,60,Upper Body,1,46,507,1
U3717,20,Male,186,74.4,21.5,Gain Strength,Beginner,Gym,7.8,1,0,0.95,76,Lower Body,1,46,466,1
U3718,44,Male,166,75.5,27.4,Gain Strength,Beginner,Gym,7.8,1,3,0.98,42,Push,1,65,454,1
U3719,35,Male,153,63.9,27.3,Improve Fitness,Beginner,Mixed,8.2,8,1,0.48,58,Full Body,1,52,371,0
U3720,31,Female,180,67.7,20.9,Build Muscle,Beginner,Home,6.3,5,0,0.63,75,Upper Body,1,50,547,1
U3721,30,Female,189,100.4,28.1,Lose Weight,Beginner,Mixed,8.3,2,5,0.57,59,Full Body,1,57,568,1
U3722,40,Female,150,67.5,30,Improve Fitness,Intermediate,Home,7.8,6,4,0.73,79,Lower Body,2,54,620,1
U3723,41,Male,178,77.3,24.4,Build Muscle,Advanced,Gym,7.7,5,2,0.66,76,Push,3,67,702,1
U3724,26,Male,186,63,18.2,Gain Strength,Beginner,Home,6.3,10,3,0.6,66,Upper Body,1,48,330,0
U3725,45,Male,172,60.9,20.6,Gain Strength,Intermediate,Gym,6.5,7,0,0.45,80,Legs,2,61,694,0
U3726,18,Male,168,68.3,24.2,Build Muscle,Beginner,Gym,5.2,5,2,0.57,77,Upper Body,1,57,496,1
U3727,23,Female,176,68.8,22.2,Build Muscle,Advanced,Home,6.3,9,1,0.71,77,Lower Body,3,42,475,1
U3728,34,Male,194,69.6,18.5,Lose Weight,Beginner,Gym,7.7,8,0,0.58,71,Cardio,1,42,389,1
U3729,21,Female,186,84.4,24.4,Build Muscle,Beginner,Gym,6.5,5,0,0.54,67,Legs,1,58,516,1
U3730,43,Female,192,115.4,31.3,Lose Weight,Beginner,Home,5.6,1,5,1,68,Cardio,1,35,237,1
U3731,29,Female,174,74.5,24.6,Build Muscle,Intermediate,Mixed,5.9,4,3,0.58,64,Legs,2,73,566,1
U3732,27,Male,192,74.1,20.1,Lose Weight,Beginner,Mixed,6.9,1,6,0.65,99,Cardio,1,44,435,1
U3733,42,Female,195,74.5,19.6,Lose Weight,Intermediate,Home,7.2,7,5,0.76,55,Full Body,2,49,459,1
U3734,27,Female,171,80.1,27.4,Improve Fitness,Advanced,Gym,6.7,6,1,0.27,81,Lower Body,3,56,502,0
U3735,18,Female,165,53.9,19.8,Lose Weight,Intermediate,Home,5.9,7,3,0.84,66,Lower Body,2,48,517,1
U3736,29,Male,186,98.3,28.4,Build Muscle,Intermediate,Gym,8.4,2,6,0.6,83,Legs,2,59,588,1
U3737,30,Male,194,80.2,21.3,Lose Weight,Intermediate,Home,9.5,5,1,0.6,87,Cardio,2,34,240,1
U3738,31,Female,150,63,28,Lose Weight,Beginner,Home,7.4,7,2,0.6,69,Full Body,1,51,534,1
U3739,41,Female,181,55.7,17,Build Muscle,Beginner,Gym,7.3,7,3,0.78,74,Full Body,1,41,294,1
U3740,29,Male,194,64,17,Build Muscle,Beginner,Gym,5.7,9,2,0.59,76,Push,1,49,438,1
U3741,26,Female,172,76,25.7,Build Muscle,Beginner,Home,6.9,7,3,0.83,56,Full Body,1,47,472,1
U3742,28,Male,186,93.8,27.1,Improve Fitness,Advanced,Home,7.6,10,3,0.79,69,Full Body,3,56,496,1
U3743,36,Female,193,119.9,32.2,Lose Weight,Intermediate,Gym,7.6,8,4,0.55,75,Recovery,2,25,263,1
U3744,35,Male,190,100,27.7,Build Muscle,Intermediate,Home,6.5,4,2,0.92,77,Legs,2,75,799,1
U3745,43,Male,177,53.3,17,Lose Weight,Intermediate,Mixed,7.4,7,5,0.65,80,Full Body,2,55,518,1
U3746,30,Male,193,106.2,28.5,Lose Weight,Beginner,Mixed,7.3,10,3,1,69,Lower Body,1,59,405,1
U3747,31,Female,183,90.8,27.1,Build Muscle,Intermediate,Gym,8,0,3,0.7,83,Upper Body,2,63,669,1
U3748,36,Male,159,55.6,22,Build Muscle,Intermediate,Gym,6.6,2,6,0.48,75,Full Body,2,59,589,1
U3749,39,Female,189,92.5,25.9,Lose Weight,Beginner,Home,8.4,9,6,0.86,67,Cardio,1,31,273,1
U3750,37,Male,166,54,19.6,Lose Weight,Beginner,Gym,7.6,1,5,0.92,83,Cardio,1,37,422,1
U3751,39,Female,191,106.2,29.1,Lose Weight,Beginner,Home,6.9,4,6,0.64,60,Cardio,1,45,411,1
U3752,27,Female,165,66.2,24.3,Lose Weight,Intermediate,Gym,7,8,5,0.76,70,Lower Body,2,55,574,1
U3753,39,Male,179,76.6,23.9,Lose Weight,Intermediate,Gym,6.2,5,0,0.89,73,Recovery,2,30,216,1
U3754,45,Female,193,88.7,23.8,Gain Strength,Intermediate,Home,6.3,2,3,0.48,91,Lower Body,2,56,523,1
U3755,26,Male,160,68.6,26.8,Improve Fitness,Advanced,Gym,5.3,8,3,0.86,85,Cardio,3,47,409,1
U3756,40,Male,188,88.4,25,Lose Weight,Intermediate,Home,8.9,5,1,0.76,50,Lower Body,2,56,378,1
U3757,18,Female,151,59.3,26,Build Muscle,Intermediate,Gym,7.4,1,4,0.61,80,Push,2,59,491,1
U3758,34,Male,168,49.4,17.5,Lose Weight,Beginner,Gym,8.2,0,0,0.56,57,Full Body,1,42,340,1
U3759,27,Female,175,73.5,24,Lose Weight,Beginner,Mixed,7.6,3,3,0.75,60,Cardio,1,32,265,1
U3760,18,Female,164,60.2,22.4,Build Muscle,Advanced,Home,5.9,7,1,0.68,88,Legs,3,66,706,1
U3761,45,Male,156,59.6,24.5,Gain Strength,Advanced,Home,8,6,1,0.98,63,Push,3,45,410,1
U3762,28,Female,194,89.2,23.7,Lose Weight,Advanced,Gym,9.5,10,2,0.98,46,Lower Body,3,55,380,1
U3763,44,Male,152,60.3,26.1,Improve Fitness,Beginner,Gym,7.1,5,5,0.87,60,Full Body,1,58,393,1
U3764,22,Female,175,64.3,21,Lose Weight,Beginner,Mixed,6.4,4,6,0.62,84,Recovery,1,35,387,1
U3765,44,Female,174,59,19.5,Build Muscle,Intermediate,Gym,6.4,4,1,0.4,87,Push,2,57,583,1
U3766,34,Female,157,73.5,29.8,Gain Strength,Intermediate,Gym,6.7,4,0,0.67,78,Upper Body,2,49,455,1
U3767,43,Male,174,92.9,30.7,Build Muscle,Advanced,Gym,7.5,1,4,0.59,47,Legs,3,50,509,1
U3768,30,Female,152,45.7,19.8,Build Muscle,Intermediate,Gym,7.2,4,2,0.6,74,Upper Body,2,40,367,1
U3769,40,Female,152,51.3,22.2,Build Muscle,Intermediate,Gym,5.9,10,4,0.51,95,Upper Body,2,54,430,1
U3770,26,Male,176,87.4,28.2,Gain Strength,Intermediate,Gym,9,2,6,0.82,65,Lower Body,2,60,393,1
U3771,31,Male,166,82.9,30.1,Build Muscle,Beginner,Gym,7.1,10,1,0.76,71,Legs,1,66,512,1
U3772,45,Female,155,40.8,17,Build Muscle,Beginner,Gym,8.9,0,0,0.81,76,Upper Body,1,40,439,1
U3773,33,Female,161,62.7,24.2,Lose Weight,Advanced,Gym,7.3,6,0,0.61,81,Full Body,3,55,393,1
U3774,20,Male,161,49.2,19,Lose Weight,Beginner,Home,7.3,1,2,0.82,69,Cardio,1,33,274,1
U3775,33,Male,162,68.5,26.1,Lose Weight,Intermediate,Mixed,6,4,6,0.55,75,Full Body,2,41,432,1
U3776,40,Female,190,98.6,27.3,Improve Fitness,Beginner,Home,5,8,6,0.81,63,Cardio,1,35,238,1
U3777,24,Female,156,57.7,23.7,Gain Strength,Advanced,Gym,5.6,2,2,0.57,86,Legs,3,67,654,1
U3778,40,Male,179,78.8,24.6,Build Muscle,Advanced,Mixed,6.7,9,2,0.7,79,Lower Body,3,64,440,1
U3779,40,Female,159,66.7,26.4,Improve Fitness,Beginner,Mixed,7,5,4,0.92,86,Lower Body,1,52,471,1
U3780,24,Male,153,61.3,26.2,Lose Weight,Beginner,Mixed,7.2,5,0,0.84,76,Lower Body,1,57,598,1
U3781,32,Male,191,105.8,29,Improve Fitness,Intermediate,Gym,8.1,8,1,0.54,55,Cardio,2,33,267,0
U3782,27,Female,165,58.8,21.6,Improve Fitness,Intermediate,Home,8.2,3,0,0.44,77,Upper Body,2,50,503,1
U3783,18,Female,152,60.1,26,Lose Weight,Intermediate,Mixed,8.4,3,3,0.75,51,Cardio,2,39,399,1
U3784,44,Male,153,48,20.5,Build Muscle,Beginner,Gym,5.8,8,4,0.62,69,Push,1,56,628,1
U3785,19,Female,190,70.8,19.6,Gain Strength,Advanced,Gym,8.7,9,4,0.48,92,Lower Body,3,56,580,1
U3786,35,Female,161,76.5,29.5,Lose Weight,Beginner,Gym,8.1,2,4,0.6,77,Cardio,1,44,367,1
U3787,22,Female,154,45.3,19.1,Build Muscle,Beginner,Gym,8.1,3,2,0.71,65,Push,1,70,690,1
U3788,42,Female,150,43.6,19.4,Gain Strength,Beginner,Mixed,4.5,9,5,0.53,88,Upper Body,1,42,294,0
U3789,18,Male,181,74.7,22.8,Build Muscle,Advanced,Mixed,6.9,5,0,0.84,99,Pull,3,58,604,1
U3790,30,Female,178,95.4,30.1,Build Muscle,Intermediate,Home,6,0,4,0.37,100,Full Body,2,46,393,1
U3791,31,Male,178,107.7,34,Build Muscle,Beginner,Mixed,7.3,1,1,0.49,86,Legs,1,55,513,1
U3792,31,Female,187,83.9,24,Build Muscle,Beginner,Gym,7,6,2,0.88,77,Upper Body,1,59,466,1
U3793,31,Male,173,58.4,19.5,Build Muscle,Intermediate,Gym,6.7,1,2,0.84,79,Pull,2,59,524,1
U3794,31,Male,165,69.7,25.6,Improve Fitness,Intermediate,Gym,8.1,0,2,0.65,74,Full Body,2,47,361,1
U3795,39,Female,150,38.2,17,Gain Strength,Beginner,Home,6.6,10,1,0.86,66,Legs,1,52,576,1
U3796,30,Female,182,74.5,22.5,Build Muscle,Beginner,Gym,6,2,3,0.9,80,Push,1,60,675,1
U3797,24,Female,182,92.7,28,Build Muscle,Beginner,Mixed,5.2,3,4,0.69,67,Push,1,46,439,1
U3798,36,Male,168,65.8,23.3,Lose Weight,Beginner,Home,6.4,5,0,0.66,84,Full Body,1,43,467,1
U3799,38,Female,162,44.6,17,Lose Weight,Intermediate,Mixed,9.1,2,4,0.81,71,Full Body,2,57,591,1
U3800,30,Male,160,72.4,28.3,Lose Weight,Beginner,Home,5.5,2,2,0.6,70,Cardio,1,42,288,1
U3801,32,Male,160,77.3,30.2,Lose Weight,Beginner,Home,7,7,4,0.8,63,Full Body,1,41,381,1
U3802,18,Female,166,73,26.5,Build Muscle,Intermediate,Gym,8.9,9,0,0.9,70,Full Body,2,47,432,1
U3803,40,Female,190,98.6,27.3,Build Muscle,Beginner,Gym,7.7,1,5,0.81,88,Full Body,1,53,429,1
U3804,38,Female,190,105.1,29.1,Gain Strength,Beginner,Gym,7,7,5,0.84,66,Legs,1,69,766,1
U3805,25,Female,156,50.1,20.6,Build Muscle,Intermediate,Mixed,6.8,8,3,0.71,47,Push,2,60,460,1
U3806,41,Female,162,73.7,28.1,Gain Strength,Beginner,Gym,4.5,1,6,1,94,Legs,1,64,724,1
U3807,26,Male,162,61.4,23.4,Gain Strength,Intermediate,Gym,7.1,7,1,0.77,63,Upper Body,2,53,352,1
U3808,27,Male,178,80.2,25.3,Lose Weight,Intermediate,Gym,6.9,0,6,0.7,74,Cardio,2,44,421,1
U3809,33,Female,177,59.5,19,Build Muscle,Beginner,Mixed,7.1,10,6,0.75,73,Pull,1,58,553,1
U3810,36,Male,179,75.6,23.6,Build Muscle,Advanced,Gym,8.4,9,2,0.66,75,Push,3,69,504,1
U3811,40,Male,185,102.3,29.9,Lose Weight,Intermediate,Gym,7,3,4,0.76,70,Cardio,2,47,457,1
U3812,26,Female,191,108.3,29.7,Lose Weight,Beginner,Home,6.8,6,0,0.95,70,Cardio,1,42,390,1
U3813,27,Male,181,68.5,20.9,Gain Strength,Beginner,Gym,7.8,9,1,0.67,81,Legs,1,65,439,1
U3814,20,Male,177,53.3,17,Lose Weight,Beginner,Gym,7.1,0,4,0.64,56,Lower Body,1,40,269,1
U3815,21,Female,175,68,22.2,Lose Weight,Intermediate,Mixed,6.5,4,2,0.71,51,Recovery,2,27,290,1
U3816,22,Female,169,73.7,25.8,Improve Fitness,Intermediate,Gym,8.6,0,5,0.77,84,Full Body,2,57,635,1
U3817,24,Male,181,95.3,29.1,Gain Strength,Beginner,Gym,8.5,6,2,1,64,Upper Body,1,41,375,1
U3818,39,Female,154,51,21.5,Improve Fitness,Intermediate,Gym,8,10,2,0.85,83,Full Body,2,41,467,1
U3819,31,Female,165,88.2,32.4,Build Muscle,Intermediate,Gym,7.1,10,3,0.8,57,Pull,2,51,502,1
U3820,26,Male,155,80.5,33.5,Improve Fitness,Beginner,Gym,6.7,9,2,0.66,66,Full Body,1,51,566,0
U3821,36,Male,153,51,21.8,Build Muscle,Beginner,Gym,6.3,5,1,0.63,51,Full Body,1,41,313,0
U3822,39,Male,190,76.5,21.2,Improve Fitness,Beginner,Mixed,9.2,7,5,0.85,85,Full Body,1,47,378,1
U3823,39,Female,183,98.5,29.4,Lose Weight,Advanced,Gym,9.1,10,5,0.4,53,Cardio,3,39,402,1
U3824,41,Female,189,75.4,21.1,Lose Weight,Intermediate,Home,6.6,8,1,0.67,65,Full Body,2,58,637,1
U3825,39,Male,151,57.9,25.4,Build Muscle,Intermediate,Home,7.1,4,1,0.59,39,Upper Body,2,60,429,1
U3826,22,Male,177,63.6,20.3,Lose Weight,Beginner,Home,6.5,0,6,0.68,55,Lower Body,1,51,451,1
U3827,36,Male,173,67,22.4,Gain Strength,Intermediate,Home,5.9,3,2,0.7,55,Upper Body,2,64,507,1
U3828,26,Female,153,48.9,20.9,Gain Strength,Intermediate,Gym,5.7,0,3,0.69,59,Lower Body,2,49,376,1
U3829,32,Female,170,81.8,28.3,Lose Weight,Intermediate,Gym,7.5,1,1,0.71,60,Full Body,2,43,416,1
U3830,21,Male,170,75.4,26.1,Build Muscle,Intermediate,Mixed,7.9,8,4,0.75,96,Push,2,46,401,1
U3831,37,Female,191,96.3,26.4,Gain Strength,Intermediate,Mixed,8.1,6,5,0.74,82,Pull,2,67,479,1
U3832,28,Female,159,53.6,21.2,Build Muscle,Intermediate,Home,6.6,0,2,0.78,77,Upper Body,2,60,522,1
U3833,34,Female,181,87.1,26.6,Gain Strength,Beginner,Mixed,8.3,3,4,0.46,57,Legs,1,48,384,1
U3834,26,Female,156,62.1,25.5,Improve Fitness,Intermediate,Gym,6.3,3,4,1,79,Recovery,2,34,347,1
U3835,18,Male,176,75,24.2,Gain Strength,Beginner,Gym,6.5,9,2,0.63,72,Push,1,68,660,0
U3836,41,Male,162,65.6,25,Improve Fitness,Beginner,Home,6.6,9,6,0.67,92,Full Body,1,49,469,1
U3837,31,Male,179,97.1,30.3,Lose Weight,Intermediate,Gym,7.4,0,6,0.48,80,Cardio,2,35,362,1
U3838,29,Female,153,72.6,31,Gain Strength,Beginner,Home,8.6,5,1,0.85,93,Legs,1,64,521,1
U3839,24,Female,174,74.8,24.7,Improve Fitness,Beginner,Home,7.8,7,5,0.6,76,Cardio,1,45,332,1
U3840,34,Female,170,87,30.1,Build Muscle,Beginner,Mixed,6.5,2,5,0.56,73,Pull,1,66,576,1
U3841,24,Male,169,67.1,23.5,Improve Fitness,Beginner,Home,7.8,4,6,0.64,97,Upper Body,1,50,468,1
U3842,42,Female,161,49.5,19.1,Lose Weight,Intermediate,Home,8.5,0,4,0.58,45,Recovery,2,24,258,1
U3843,25,Female,183,85.4,25.5,Build Muscle,Intermediate,Gym,6.8,10,0,0.52,46,Lower Body,2,46,319,0
U3844,35,Female,178,77.6,24.5,Build Muscle,Beginner,Gym,8.2,1,2,0.83,72,Pull,1,64,649,1
U3845,39,Female,150,59.6,26.5,Improve Fitness,Intermediate,Gym,7.1,4,1,0.46,50,Full Body,2,40,350,0
U3846,40,Female,179,75.6,23.6,Lose Weight,Intermediate,Mixed,6.9,6,2,0.87,83,Full Body,2,58,598,1
U3847,28,Male,177,84.6,27,Lose Weight,Intermediate,Home,6.8,2,1,0.47,78,Cardio,2,43,284,1
U3848,31,Male,174,80.8,26.7,Improve Fitness,Beginner,Mixed,4.5,7,1,0.57,61,Lower Body,1,59,383,0
U3849,33,Male,190,90.2,25,Improve Fitness,Beginner,Home,6.2,0,4,0.71,68,Lower Body,1,53,449,1
U3850,30,Male,164,64,23.8,Lose Weight,Advanced,Gym,6.3,9,0,0.6,55,Cardio,3,44,380,1
U3851,24,Male,188,92.2,26.1,Lose Weight,Beginner,Gym,7.7,9,4,0.58,94,Cardio,1,47,340,1
U3852,45,Male,151,52.9,23.2,Lose Weight,Intermediate,Gym,8.8,4,5,0.6,41,Full Body,2,46,469,1
U3853,35,Female,161,67.9,26.2,Lose Weight,Beginner,Gym,7.4,3,0,0.73,62,Lower Body,1,50,472,1
U3854,29,Male,157,60.1,24.4,Gain Strength,Beginner,Home,6.5,3,3,0.67,84,Legs,1,59,537,1
U3855,20,Female,151,57.7,25.3,Lose Weight,Advanced,Gym,7.8,4,6,0.68,66,Lower Body,3,60,461,1
U3856,20,Female,170,56.9,19.7,Build Muscle,Beginner,Home,6.7,10,6,0.2,63,Lower Body,1,57,394,0
U3857,25,Male,191,88.3,24.2,Gain Strength,Beginner,Gym,7.7,1,5,0.67,77,Pull,1,64,650,1
U3858,27,Female,153,39.8,17,Gain Strength,Intermediate,Gym,7,5,0,0.42,53,Legs,2,62,712,0
U3859,40,Male,189,84.7,23.7,Improve Fitness,Beginner,Home,8.5,8,4,0.79,72,Full Body,1,60,648,1
U3860,31,Female,174,73.9,24.4,Build Muscle,Intermediate,Gym,6.3,2,6,0.62,78,Upper Body,2,40,408,1
U3861,41,Female,185,64,18.7,Build Muscle,Advanced,Gym,7.8,9,5,0.65,84,Legs,3,46,344,1
U3862,29,Male,183,95.4,28.5,Improve Fitness,Beginner,Gym,5.3,8,4,0.62,59,Cardio,1,39,304,0
U3863,21,Female,187,59.4,17,Improve Fitness,Beginner,Gym,6,3,1,1,81,Recovery,1,22,187,1
U3864,24,Female,189,116.5,32.6,Gain Strength,Advanced,Gym,8,7,5,0.59,66,Upper Body,3,61,525,1
U3865,23,Male,189,96.4,27,Gain Strength,Beginner,Gym,7.6,3,5,0.62,49,Pull,1,65,524,1
U3866,45,Female,180,116.6,36,Lose Weight,Beginner,Gym,6.9,5,6,0.66,73,Recovery,1,26,189,1
U3867,24,Female,173,70.3,23.5,Build Muscle,Intermediate,Home,7.2,3,0,0.95,70,Legs,2,52,399,1
U3868,40,Male,156,47.7,19.6,Gain Strength,Intermediate,Home,6.9,7,6,0.64,93,Legs,2,45,491,1
U3869,29,Male,150,66.1,29.4,Lose Weight,Beginner,Home,7.2,5,5,0.49,53,Full Body,1,45,414,1
U3870,34,Female,161,63.8,24.6,Lose Weight,Beginner,Gym,7.5,2,4,0.65,64,Cardio,1,30,325,1
U3871,32,Male,174,66.6,22,Build Muscle,Beginner,Gym,7.1,2,6,0.29,55,Upper Body,1,53,443,1
U3872,18,Male,155,52.6,21.9,Lose Weight,Advanced,Home,8.4,7,5,0.57,74,Cardio,3,39,327,1
U3873,40,Female,163,67.8,25.5,Gain Strength,Beginner,Mixed,8.5,9,4,0.95,71,Legs,1,72,650,1
U3874,35,Male,161,58.3,22.5,Gain Strength,Intermediate,Home,6.4,10,6,0.68,65,Legs,2,65,669,1
U3875,26,Female,171,78.4,26.8,Build Muscle,Intermediate,Mixed,7.6,2,1,0.83,90,Push,2,53,500,1
U3876,39,Female,157,79.6,32.3,Build Muscle,Beginner,Gym,7.2,10,3,0.92,66,Push,1,70,547,1
U3877,20,Male,174,89.3,29.5,Gain Strength,Intermediate,Gym,8.3,2,4,0.9,73,Push,2,61,608,1
U3878,33,Female,194,81.7,21.7,Lose Weight,Intermediate,Home,5.6,3,3,0.71,94,Full Body,2,52,445,1
U3879,23,Female,190,83.8,23.2,Build Muscle,Intermediate,Home,8,1,1,0.87,67,Push,2,62,658,1
U3880,39,Female,151,68.4,30,Lose Weight,Beginner,Mixed,4.5,7,0,0.5,58,Cardio,1,36,239,0
U3881,38,Female,185,72.2,21.1,Gain Strength,Beginner,Home,7.5,4,1,0.77,77,Upper Body,1,65,653,1
U3882,33,Female,163,71.7,27,Improve Fitness,Intermediate,Gym,6.1,1,5,0.5,77,Cardio,2,39,403,1
U3883,33,Female,171,64,21.9,Improve Fitness,Beginner,Home,5.4,4,1,0.89,92,Full Body,1,41,323,1
U3884,23,Male,195,117.9,31,Improve Fitness,Advanced,Gym,7.3,2,3,0.83,92,Full Body,3,52,393,1
U3885,22,Male,181,71.4,21.8,Lose Weight,Beginner,Home,8.3,4,1,0.77,85,Full Body,1,50,458,1
U3886,37,Male,151,57.7,25.3,Lose Weight,Beginner,Gym,8.5,6,2,0.76,49,Cardio,1,35,229,1
U3887,29,Male,156,74.5,30.6,Improve Fitness,Beginner,Mixed,6.1,1,3,0.95,70,Cardio,1,40,291,1
U3888,35,Male,154,69.7,29.4,Build Muscle,Beginner,Gym,8.3,0,6,0.8,79,Legs,1,72,607,1
U3889,30,Male,195,100,26.3,Build Muscle,Beginner,Mixed,4.9,7,1,0.74,55,Lower Body,1,62,624,0
U3890,35,Male,177,78.9,25.2,Gain Strength,Advanced,Home,5.8,5,1,0.51,96,Pull,3,57,408,1
U3891,20,Male,169,82.8,29,Gain Strength,Intermediate,Gym,7.1,1,3,0.75,68,Pull,2,51,338,1
U3892,30,Female,162,70.6,26.9,Build Muscle,Advanced,Home,6.4,2,2,0.9,68,Full Body,3,42,415,1
U3893,31,Female,165,61.8,22.7,Build Muscle,Beginner,Home,7.1,3,5,0.61,76,Full Body,1,48,388,1
U3894,34,Male,194,83.6,22.2,Build Muscle,Intermediate,Gym,7.6,6,1,0.94,61,Upper Body,2,53,408,1
U3895,21,Female,175,73.5,24,Lose Weight,Advanced,Home,7.6,3,4,0.64,78,Cardio,3,41,346,1
U3896,41,Female,191,97.8,26.8,Build Muscle,Beginner,Gym,8.3,10,4,0.61,57,Push,1,48,437,1
U3897,37,Male,175,71,23.2,Gain Strength,Intermediate,Gym,6,7,6,0.82,54,Pull,2,63,666,1
U3898,32,Female,190,123.8,34.3,Lose Weight,Beginner,Gym,8.5,6,5,0.72,85,Cardio,1,50,493,1
U3899,29,Female,184,59.6,17.6,Improve Fitness,Advanced,Home,9.5,10,3,0.61,70,Upper Body,3,57,393,1
U3900,18,Male,174,51.5,17,Gain Strength,Beginner,Gym,7.6,6,6,0.52,73,Pull,1,67,474,1
U3901,36,Female,168,62.7,22.2,Build Muscle,Beginner,Gym,5.9,9,2,0.58,75,Pull,1,64,646,1
U3902,29,Female,180,61.9,19.1,Build Muscle,Beginner,Mixed,6.3,4,1,0.84,100,Lower Body,1,41,462,1
U3903,37,Male,186,91.7,26.5,Lose Weight,Beginner,Gym,6.1,10,4,0.65,72,Cardio,1,39,254,1
U3904,27,Male,181,75.4,23,Build Muscle,Beginner,Gym,8.1,5,1,0.76,85,Pull,1,68,505,1
U3905,23,Male,186,80.3,23.2,Build Muscle,Advanced,Gym,8.6,4,5,0.69,57,Push,3,64,501,1
U3906,23,Male,178,106.5,33.6,Build Muscle,Beginner,Home,5.1,9,5,0.59,62,Pull,1,70,686,1
U3907,29,Female,156,85.2,35,Build Muscle,Beginner,Mixed,9.1,6,2,0.99,67,Pull,1,59,433,1
U3908,19,Female,172,102.7,34.7,Build Muscle,Intermediate,Home,7.5,4,1,0.9,74,Lower Body,2,56,484,1
U3909,18,Male,183,81.4,24.3,Build Muscle,Beginner,Mixed,6.8,4,1,0.68,81,Legs,1,52,563,1
U3910,35,Female,171,76,26,Gain Strength,Beginner,Home,7.1,1,6,0.99,30,Upper Body,1,59,678,1
U3911,19,Female,162,69.8,26.6,Build Muscle,Beginner,Gym,7.9,0,5,0.93,71,Upper Body,1,40,407,1
U3912,38,Female,179,81.4,25.4,Gain Strength,Intermediate,Home,8.2,1,4,0.99,67,Lower Body,2,58,509,1
U3913,37,Female,181,83.9,25.6,Build Muscle,Advanced,Gym,8.9,4,0,0.34,61,Lower Body,3,55,414,0
U3914,38,Female,165,83.6,30.7,Build Muscle,Intermediate,Home,8.3,5,3,0.81,65,Legs,2,63,641,1
U3915,25,Male,195,79.1,20.8,Lose Weight,Beginner,Gym,6.4,3,3,1,62,Lower Body,1,50,427,1
U3916,42,Female,193,92.8,24.9,Gain Strength,Beginner,Mixed,6.3,1,5,0.87,63,Pull,1,61,686,1
U3917,42,Female,174,73,24.1,Gain Strength,Intermediate,Home,5.2,6,0,0.43,72,Lower Body,2,61,478,0
U3918,45,Male,177,59.2,18.9,Gain Strength,Beginner,Home,9.4,3,3,0.35,59,Pull,1,61,419,1
U3919,29,Female,195,93.5,24.6,Build Muscle,Beginner,Home,6.7,6,0,0.52,57,Push,1,50,440,0
U3920,33,Male,172,60.1,20.3,Build Muscle,Beginner,Mixed,6.8,5,6,1,73,Full Body,1,46,416,1
U3921,28,Male,175,90.3,29.5,Lose Weight,Intermediate,Home,7.7,0,4,0.92,30,Lower Body,2,57,560,1
U3922,33,Male,175,71,23.2,Lose Weight,Beginner,Gym,8.5,0,5,0.62,98,Lower Body,1,61,436,1
U3923,27,Female,195,116.7,30.7,Build Muscle,Intermediate,Gym,6.6,1,3,0.63,56,Push,2,59,629,1
U3924,20,Female,186,75.8,21.9,Build Muscle,Beginner,Gym,5.7,7,1,0.8,50,Upper Body,1,60,390,1
U3925,38,Male,167,75.3,27,Lose Weight,Intermediate,Gym,7.8,7,3,0.42,95,Cardio,2,45,314,1
U3926,25,Female,191,97.4,26.7,Build Muscle,Intermediate,Home,7.9,8,0,0.58,81,Legs,2,50,450,1
U3927,25,Male,161,75.7,29.2,Build Muscle,Beginner,Gym,7,0,5,1,72,Pull,1,61,443,1
U3928,33,Female,188,103.6,29.3,Improve Fitness,Intermediate,Gym,7.4,10,2,0.83,46,Cardio,2,30,257,1
U3929,35,Male,161,67.7,26.1,Lose Weight,Intermediate,Gym,6.3,10,1,0.57,98,Full Body,2,58,635,1
U3930,43,Male,178,74.8,23.6,Lose Weight,Intermediate,Gym,6,9,2,0.66,52,Cardio,2,37,415,1
U3931,42,Male,152,70.5,30.5,Lose Weight,Intermediate,Mixed,6.3,6,0,0.82,92,Lower Body,2,64,656,1
U3932,25,Male,194,84.3,22.4,Lose Weight,Intermediate,Gym,7.7,9,2,0.53,100,Cardio,2,32,349,1
U3933,18,Female,168,80.2,28.4,Lose Weight,Advanced,Mixed,6.9,2,0,0.58,70,Recovery,3,26,211,1
U3934,23,Male,178,73.2,23.1,Lose Weight,Advanced,Gym,9.2,1,3,0.5,74,Recovery,3,24,178,1
U3935,38,Female,190,88.1,24.4,Build Muscle,Beginner,Home,7,9,0,0.7,70,Legs,1,63,612,1
U3936,31,Female,195,107.2,28.2,Build Muscle,Beginner,Home,7.8,5,3,0.8,30,Lower Body,1,62,556,1
U3937,34,Female,186,89.3,25.8,Build Muscle,Intermediate,Mixed,5.3,8,1,0.84,94,Pull,2,62,461,1
U3938,37,Female,152,47.6,20.6,Build Muscle,Beginner,Gym,6.8,2,2,0.61,90,Lower Body,1,65,590,1
U3939,37,Female,187,87.1,24.9,Lose Weight,Advanced,Mixed,9,1,5,0.79,75,Cardio,3,44,286,1
U3940,44,Male,169,70.8,24.8,Build Muscle,Beginner,Home,8,6,4,0.41,73,Lower Body,1,40,364,1
U3941,42,Male,189,86.4,24.2,Gain Strength,Intermediate,Mixed,7.9,7,6,0.69,56,Upper Body,2,44,352,1
U3942,23,Female,173,73.3,24.5,Lose Weight,Beginner,Mixed,5.9,1,3,0.37,82,Cardio,1,41,396,1
U3943,35,Male,150,60.5,26.9,Gain Strength,Intermediate,Home,7.6,0,6,0.95,62,Pull,2,51,526,1
U3944,44,Female,157,45.6,18.5,Build Muscle,Beginner,Home,7,6,3,0.66,59,Lower Body,1,52,343,1
U3945,40,Male,168,68.3,24.2,Build Muscle,Beginner,Home,6.4,9,0,0.39,65,Legs,1,73,830,0
U3946,28,Female,171,57.6,19.7,Gain Strength,Beginner,Gym,7.4,0,3,0.6,88,Legs,1,51,470,1
U3947,44,Female,188,110.3,31.2,Gain Strength,Advanced,Home,7.8,6,5,0.44,94,Push,3,69,548,1
U3948,27,Male,162,81.6,31.1,Lose Weight,Beginner,Gym,7.1,7,2,0.96,63,Cardio,1,42,284,1
U3949,23,Male,191,62,17,Gain Strength,Intermediate,Mixed,6.3,9,5,1,49,Upper Body,2,65,511,1
U3950,45,Female,171,71.6,24.5,Gain Strength,Intermediate,Home,7.1,0,3,0.63,65,Push,2,60,504,1
U3951,24,Female,172,73.4,24.8,Lose Weight,Intermediate,Gym,6.5,1,5,0.46,75,Full Body,2,49,436,1
U3952,30,Female,188,102.5,29,Lose Weight,Intermediate,Home,8.1,3,5,0.57,53,Cardio,2,38,358,1
U3953,33,Female,171,68.1,23.3,Gain Strength,Intermediate,Gym,8.8,2,0,0.84,82,Upper Body,2,45,451,1
U3954,40,Female,169,80.5,28.2,Build Muscle,Advanced,Gym,7.6,6,6,0.74,81,Legs,3,66,589,1
U3955,42,Female,182,73.5,22.2,Lose Weight,Intermediate,Home,5.5,0,4,0.85,90,Lower Body,2,62,477,1
U3956,36,Male,189,70.7,19.8,Build Muscle,Beginner,Gym,8,4,2,1,71,Legs,1,56,460,1
U3957,22,Female,185,72.2,21.1,Lose Weight,Beginner,Gym,7.2,7,6,0.62,62,Full Body,1,41,391,1
U3958,26,Female,150,59.2,26.3,Build Muscle,Intermediate,Mixed,5.3,0,1,0.46,72,Pull,2,65,578,1
U3959,18,Female,172,72.2,24.4,Build Muscle,Beginner,Home,7.5,9,1,1,73,Lower Body,1,62,642,1
U3960,42,Female,165,73.5,27,Build Muscle,Advanced,Home,6,1,4,0.86,64,Pull,3,69,472,1
U3961,25,Male,185,84.9,24.8,Lose Weight,Intermediate,Gym,7,0,1,0.91,52,Cardio,2,34,225,1
U3962,26,Female,175,52.1,17,Lose Weight,Intermediate,Home,6.9,7,0,0.8,74,Lower Body,2,58,565,1
U3963,27,Male,158,74.1,29.7,Build Muscle,Intermediate,Gym,7.6,8,5,0.62,37,Push,2,64,468,1
U3964,18,Male,193,87.5,23.5,Lose Weight,Intermediate,Gym,8.2,6,2,0.65,72,Cardio,2,42,281,1
U3965,20,Male,163,69.9,26.3,Build Muscle,Intermediate,Gym,6,4,0,0.83,96,Full Body,2,60,598,1
U3966,22,Female,177,74.6,23.8,Lose Weight,Advanced,Gym,5.9,2,3,0.71,38,Full Body,3,47,518,1
U3967,18,Male,185,88.6,25.9,Build Muscle,Intermediate,Gym,7.6,6,0,1,69,Pull,2,68,446,1
U3968,20,Female,154,62.1,26.2,Lose Weight,Advanced,Mixed,6.2,3,5,0.66,49,Cardio,3,41,410,1
U3969,29,Female,177,74.2,23.7,Gain Strength,Beginner,Home,6.8,0,1,0.77,62,Upper Body,1,48,473,1
U3970,20,Male,195,94.7,24.9,Improve Fitness,Advanced,Gym,6.7,4,5,0.66,73,Full Body,3,50,482,1
U3971,44,Female,158,61.7,24.7,Gain Strength,Intermediate,Mixed,7.9,10,0,0.7,66,Legs,2,59,633,0
U3972,25,Female,152,54.8,23.7,Lose Weight,Beginner,Gym,6.3,5,0,0.66,100,Cardio,1,38,298,1
U3973,40,Female,154,49.1,20.7,Build Muscle,Beginner,Gym,6.8,10,5,0.65,68,Legs,1,59,513,1
U3974,28,Male,150,52,23.1,Build Muscle,Beginner,Gym,7.4,4,1,0.41,87,Full Body,1,44,434,1
U3975,19,Male,163,72.3,27.2,Build Muscle,Beginner,Mixed,5.7,7,4,0.31,57,Legs,1,72,741,0
U3976,38,Male,161,60.9,23.5,Gain Strength,Beginner,Gym,9.5,0,2,0.82,44,Upper Body,1,59,493,1
U3977,43,Female,178,68.4,21.6,Lose Weight,Beginner,Mixed,7,3,4,0.77,52,Cardio,1,36,408,1
U3978,34,Female,178,75.7,23.9,Lose Weight,Intermediate,Gym,6.3,8,6,0.52,75,Cardio,2,45,409,1
U3979,18,Male,185,95.1,27.8,Lose Weight,Beginner,Gym,8,10,4,0.82,64,Lower Body,1,64,509,1
U3980,45,Female,160,70.4,27.5,Gain Strength,Intermediate,Gym,7.4,7,0,0.74,62,Lower Body,2,54,447,1
U3981,32,Female,153,52.4,22.4,Gain Strength,Intermediate,Gym,7.2,2,0,1,76,Legs,2,73,798,1
U3982,27,Male,187,76.6,21.9,Build Muscle,Beginner,Gym,6.2,8,2,0.63,100,Legs,1,49,513,1
U3983,44,Female,150,51.3,22.8,Gain Strength,Beginner,Gym,8.1,7,0,0.65,75,Lower Body,1,64,543,1
U3984,23,Male,175,85.1,27.8,Lose Weight,Intermediate,Mixed,6.5,6,0,0.6,96,Recovery,2,32,319,1
U3985,25,Female,161,74.1,28.6,Lose Weight,Beginner,Gym,8,0,4,0.86,78,Cardio,1,30,290,1
U3986,34,Male,161,85.5,33,Build Muscle,Beginner,Home,7.1,0,0,0.82,50,Lower Body,1,62,618,1
U3987,24,Male,185,71.9,21,Lose Weight,Intermediate,Gym,5.8,10,1,0.95,33,Cardio,2,34,388,1
U3988,33,Male,152,52.7,22.8,Lose Weight,Intermediate,Gym,4.5,7,5,0.57,64,Cardio,2,46,423,1
U3989,19,Male,179,97.1,30.3,Build Muscle,Intermediate,Gym,7.5,4,3,0.57,87,Upper Body,2,63,651,1
U3990,26,Female,190,88.8,24.6,Improve Fitness,Beginner,Gym,7.1,10,2,0.5,57,Cardio,1,44,373,0
U3991,32,Female,190,75.8,21,Lose Weight,Intermediate,Gym,7.2,7,4,0.73,95,Recovery,2,20,204,1
U3992,33,Female,184,88.4,26.1,Gain Strength,Beginner,Gym,4.5,0,4,0.77,50,Push,1,53,561,1
U3993,23,Male,179,65.4,20.4,Gain Strength,Beginner,Gym,6.2,7,2,0.6,51,Pull,1,67,705,0
U3994,43,Male,177,79.6,25.4,Build Muscle,Beginner,Gym,5.5,7,6,0.78,100,Lower Body,1,42,372,1
U3995,23,Female,164,50.8,18.9,Gain Strength,Advanced,Gym,6.8,0,6,0.27,67,Lower Body,3,56,563,1
U3996,40,Male,156,66.2,27.2,Build Muscle,Beginner,Gym,7.9,4,5,0.73,85,Lower Body,1,44,306,1
U3997,22,Female,156,85.7,35.2,Gain Strength,Intermediate,Gym,9,8,0,0.63,50,Lower Body,2,50,363,0
U3998,31,Female,162,59.8,22.8,Gain Strength,Intermediate,Gym,6.1,7,6,0.8,54,Push,2,61,699,1
U3999,44,Female,156,58.9,24.2,Build Muscle,Advanced,Gym,8,9,6,0.7,57,Pull,3,54,436,1
U4000,32,Female,184,99.5,29.4,Lose Weight,Intermediate,Home,5,7,6,0.66,71,Lower Body,2,63,460,1
U4001,39,Male,192,90.7,24.6,Lose Weight,Intermediate,Gym,7.3,10,5,0.83,71,Cardio,2,50,344,1
U4002,38,Male,189,82.2,23,Lose Weight,Beginner,Home,6.7,3,1,0.61,83,Cardio,1,45,309,1
U4003,20,Female,190,78.7,21.8,Improve Fitness,Intermediate,Home,8,10,5,0.72,64,Cardio,2,37,411,1
U4004,39,Male,177,84.9,27.1,Build Muscle,Intermediate,Gym,6.3,5,5,0.83,75,Upper Body,2,46,522,1
U4005,36,Male,172,65.1,22,Improve Fitness,Intermediate,Gym,7.7,3,2,0.82,89,Lower Body,2,62,711,1
U4006,34,Female,178,90.6,28.6,Lose Weight,Advanced,Mixed,7.6,3,2,0.52,100,Full Body,3,43,299,1
U4007,35,Female,168,52.5,18.6,Build Muscle,Intermediate,Gym,8.1,4,1,0.8,54,Upper Body,2,49,436,1
U4008,37,Male,187,83.9,24,Gain Strength,Beginner,Home,7,8,5,0.96,61,Legs,1,49,425,1
U4009,24,Male,156,56.9,23.4,Improve Fitness,Beginner,Gym,4.5,2,5,1,55,Upper Body,1,48,337,1
U4010,32,Female,166,71.4,25.9,Improve Fitness,Intermediate,Gym,7,2,6,0.7,84,Upper Body,2,50,353,1
U4011,36,Male,154,74.7,31.5,Lose Weight,Beginner,Gym,7.4,5,5,0.84,76,Full Body,1,48,512,1
U4012,18,Male,172,85.2,28.8,Gain Strength,Beginner,Home,6.6,8,0,0.91,88,Legs,1,54,498,1
U4013,25,Male,161,75.2,29,Lose Weight,Beginner,Gym,6.4,3,1,0.69,75,Cardio,1,47,335,1
U4014,44,Male,174,56.6,18.7,Improve Fitness,Intermediate,Mixed,8.9,3,2,0.72,76,Full Body,2,49,343,1
U4015,42,Male,152,51.1,22.1,Gain Strength,Beginner,Home,5.6,3,4,0.61,75,Legs,1,71,795,1
U4016,28,Female,168,77.1,27.3,Lose Weight,Advanced,Gym,7.3,1,1,0.78,66,Full Body,3,54,525,1
U4017,28,Male,188,94,26.6,Build Muscle,Intermediate,Home,8.7,4,2,0.85,84,Legs,2,51,536,1
U4018,42,Male,160,65.8,25.7,Lose Weight,Beginner,Gym,5.4,1,4,0.53,78,Full Body,1,57,531,1
U4019,32,Female,166,67.5,24.5,Build Muscle,Intermediate,Home,7.6,8,3,1,82,Full Body,2,47,538,1
U4020,19,Male,185,102,29.8,Build Muscle,Intermediate,Gym,7.2,1,6,0.57,71,Legs,2,55,505,1
U4021,35,Female,183,70.7,21.1,Gain Strength,Intermediate,Home,8.8,10,6,0.86,79,Legs,2,46,505,1
U4022,31,Male,160,76,29.7,Build Muscle,Intermediate,Gym,4.9,10,3,0.83,52,Push,2,56,380,1
U4023,18,Male,179,78.5,24.5,Gain Strength,Intermediate,Gym,6.8,9,2,0.84,75,Upper Body,2,64,514,1
U4024,23,Female,162,79,30.1,Lose Weight,Intermediate,Home,6.4,8,3,0.85,74,Full Body,2,50,360,1
U4025,42,Male,165,47.9,17.6,Lose Weight,Intermediate,Gym,6.1,7,6,0.69,88,Recovery,2,27,188,1
U4026,31,Male,192,97.3,26.4,Lose Weight,Beginner,Mixed,5.8,8,3,0.69,100,Cardio,1,50,471,1
U4027,39,Male,193,93.1,25,Improve Fitness,Advanced,Gym,6.7,6,3,0.81,83,Cardio,3,50,478,1
U4028,41,Male,167,63,22.6,Build Muscle,Beginner,Gym,7.7,1,4,0.66,82,Full Body,1,60,544,1
U4029,35,Female,167,70.3,25.2,Lose Weight,Beginner,Gym,7.6,2,3,0.58,59,Cardio,1,41,436,1
U4030,35,Male,172,84.3,28.5,Lose Weight,Beginner,Home,7,7,2,0.77,67,Lower Body,1,44,358,1
U4031,44,Female,190,102.2,28.3,Lose Weight,Beginner,Home,6.4,4,3,0.7,83,Lower Body,1,43,306,1
U4032,24,Female,159,74.3,29.4,Build Muscle,Beginner,Home,6.5,10,2,1,76,Lower Body,1,41,347,1
U4033,38,Female,158,50.2,20.1,Build Muscle,Beginner,Gym,7.5,9,2,0.65,78,Lower Body,1,49,430,1
U4034,25,Male,193,90.5,24.3,Lose Weight,Beginner,Gym,7.2,8,4,0.56,86,Cardio,1,31,242,1
U4035,32,Female,190,70.8,19.6,Gain Strength,Beginner,Gym,5.9,4,6,0.79,96,Push,1,45,489,1
U4036,32,Male,163,61.1,23,Improve Fitness,Intermediate,Mixed,7.9,10,6,0.91,84,Full Body,2,51,366,1
U4037,34,Female,185,79.4,23.2,Build Muscle,Beginner,Gym,5.9,0,5,0.32,68,Full Body,1,56,450,1
U4038,34,Female,157,72.5,29.4,Build Muscle,Beginner,Gym,5.9,5,2,0.85,57,Pull,1,54,445,1
U4039,36,Female,190,89.9,24.9,Lose Weight,Intermediate,Gym,7.9,0,2,0.6,74,Lower Body,2,46,474,1
U4040,33,Male,177,71.4,22.8,Lose Weight,Beginner,Gym,7.9,1,4,0.76,72,Cardio,1,50,488,1
U4041,29,Female,186,107.2,31,Build Muscle,Beginner,Gym,7.8,1,5,0.6,70,Push,1,64,646,1
U4042,20,Male,156,58.9,24.2,Gain Strength,Beginner,Home,7.2,7,2,1,77,Lower Body,1,58,527,1
U4043,37,Male,178,53.9,17,Build Muscle,Beginner,Home,6.5,9,6,0.37,67,Pull,1,54,539,0
U4044,34,Male,195,64.6,17,Lose Weight,Beginner,Home,6.1,1,5,0.45,77,Recovery,1,35,237,1
U4045,27,Male,155,58.9,24.5,Gain Strength,Beginner,Gym,7.4,1,5,0.7,51,Legs,1,66,756,1
U4046,18,Female,170,77.2,26.7,Gain Strength,Intermediate,Gym,9.2,10,6,0.79,65,Legs,2,69,646,1
U4047,29,Male,190,66.8,18.5,Build Muscle,Intermediate,Gym,6.1,7,4,0.8,88,Pull,2,67,743,1
U4048,21,Male,165,69.7,25.6,Gain Strength,Advanced,Gym,8,2,1,0.85,79,Push,3,68,726,1
U4049,20,Male,174,65.7,21.7,Improve Fitness,Intermediate,Gym,7.3,3,2,0.57,72,Full Body,2,44,440,1
U4050,22,Male,156,63,25.9,Lose Weight,Intermediate,Mixed,8.9,2,4,0.48,79,Full Body,2,40,306,1
U4051,27,Female,163,81.6,30.7,Build Muscle,Intermediate,Gym,7.9,10,5,0.87,80,Pull,2,53,513,1
U4052,36,Female,152,69.3,30,Gain Strength,Beginner,Gym,5.9,1,2,0.47,71,Upper Body,1,46,386,1
U4053,34,Female,152,39.3,17,Build Muscle,Intermediate,Home,8.5,8,2,0.94,65,Push,2,68,601,1
U4054,23,Female,152,52.9,22.9,Improve Fitness,Advanced,Mixed,7,3,0,0.73,73,Upper Body,3,48,469,1
U4055,37,Male,180,86.8,26.8,Lose Weight,Intermediate,Gym,6.9,0,4,0.89,78,Full Body,2,57,474,1
U4056,29,Female,165,59.9,22,Lose Weight,Intermediate,Gym,8.6,2,4,0.48,70,Cardio,2,49,413,1
U4057,35,Male,152,66.1,28.6,Improve Fitness,Intermediate,Gym,6.3,3,6,0.78,80,Lower Body,2,52,501,1
U4058,18,Female,150,47,20.9,Build Muscle,Intermediate,Mixed,7,0,0,0.69,63,Legs,2,71,739,1
U4059,34,Male,191,124.8,34.2,Lose Weight,Intermediate,Gym,6.3,9,3,0.9,66,Lower Body,2,48,369,1
U4060,19,Female,165,54.2,19.9,Gain Strength,Intermediate,Mixed,7.2,6,6,0.84,85,Legs,2,55,566,1
U4061,43,Male,169,88.8,31.1,Improve Fitness,Beginner,Gym,9.5,2,4,0.77,62,Full Body,1,46,326,1
U4062,18,Male,190,95.3,26.4,Build Muscle,Beginner,Gym,6.8,4,5,0.89,52,Legs,1,52,539,1
U4063,19,Male,151,78.4,34.4,Build Muscle,Beginner,Gym,8,9,1,0.42,61,Legs,1,65,606,0
U4064,40,Male,171,81.6,27.9,Build Muscle,Beginner,Gym,8.4,6,0,0.49,82,Upper Body,1,63,573,1
U4065,31,Female,174,51.5,17,Build Muscle,Advanced,Gym,7,9,6,0.92,63,Legs,3,45,292,1
U4066,32,Male,188,64.3,18.2,Build Muscle,Beginner,Mixed,7.3,6,0,0.61,81,Push,1,58,499,1
U4067,33,Male,177,65.2,20.8,Build Muscle,Beginner,Gym,6.3,9,5,0.36,74,Legs,1,68,677,0
U4068,24,Male,154,56.4,23.8,Build Muscle,Beginner,Gym,5.8,2,1,0.75,87,Full Body,1,56,626,1
U4069,28,Male,160,60.4,23.6,Build Muscle,Intermediate,Gym,7.4,2,3,0.77,53,Upper Body,2,45,368,1
U4070,23,Male,187,115.7,33.1,Improve Fitness,Beginner,Gym,6.6,7,5,0.84,83,Full Body,1,47,403,1
U4071,23,Male,162,62.7,23.9,Lose Weight,Intermediate,Gym,7.8,3,6,0.76,50,Cardio,2,36,375,1
U4072,20,Male,171,67.5,23.1,Build Muscle,Beginner,Home,6.4,4,2,0.64,52,Legs,1,67,706,1
U4073,33,Male,164,78.5,29.2,Build Muscle,Intermediate,Gym,8.9,0,3,0.9,91,Push,2,58,616,1
U4074,30,Female,168,65.2,23.1,Lose Weight,Intermediate,Gym,6.4,9,0,0.58,81,Cardio,2,41,424,1
U4075,36,Male,192,94,25.5,Gain Strength,Intermediate,Mixed,7,10,0,0.95,78,Upper Body,2,61,477,1
U4076,38,Male,157,51.8,21,Gain Strength,Beginner,Home,6.4,5,2,0.84,87,Upper Body,1,61,532,1
U4077,38,Male,191,97.8,26.8,Improve Fitness,Intermediate,Mixed,9.2,5,4,1,78,Cardio,2,31,331,1
U4078,44,Female,162,55.1,21,Improve Fitness,Beginner,Gym,5.7,4,6,0.65,83,Upper Body,1,47,509,1
U4079,40,Male,180,104.3,32.2,Build Muscle,Beginner,Mixed,7.6,4,1,0.93,68,Lower Body,1,57,441,1
U4080,18,Female,165,73.8,27.1,Gain Strength,Advanced,Home,8,2,1,0.36,65,Lower Body,3,57,502,1
U4081,31,Female,191,104,28.5,Lose Weight,Beginner,Gym,7.4,8,3,0.5,35,Full Body,1,54,372,0
U4082,19,Male,152,53.1,23,Build Muscle,Beginner,Mixed,7,4,4,0.56,74,Upper Body,1,44,310,1
U4083,34,Female,169,76,26.6,Gain Strength,Intermediate,Gym,7.8,4,4,0.3,52,Push,2,50,507,0
U4084,43,Female,186,80.3,23.2,Build Muscle,Beginner,Home,7.7,3,0,0.81,79,Upper Body,1,42,369,1
U4085,39,Female,193,85.3,22.9,Improve Fitness,Beginner,Mixed,6.7,5,6,0.59,83,Full Body,1,56,472,1
U4086,18,Female,178,65.3,20.6,Improve Fitness,Beginner,Gym,8,1,2,0.76,71,Cardio,1,32,250,1
U4087,22,Female,180,70.3,21.7,Build Muscle,Beginner,Gym,5.6,3,4,0.6,67,Pull,1,47,346,1
U4088,41,Female,156,41.4,17,Build Muscle,Intermediate,Home,6.9,4,0,0.89,80,Push,2,55,597,1
U4089,23,Female,172,66.3,22.4,Build Muscle,Intermediate,Gym,7.2,3,3,0.62,74,Lower Body,2,41,378,1
U4090,27,Female,161,80.4,31,Build Muscle,Beginner,Gym,8.2,0,5,0.81,64,Upper Body,1,43,282,1
U4091,36,Male,154,65.5,27.6,Gain Strength,Intermediate,Gym,5.2,4,6,0.67,80,Push,2,59,423,1
U4092,40,Male,183,92.4,27.6,Lose Weight,Advanced,Gym,7.8,1,2,0.77,69,Full Body,3,44,351,1
U4093,28,Male,159,67.8,26.8,Lose Weight,Beginner,Gym,6.1,3,4,0.57,72,Recovery,1,33,224,1
U4094,20,Male,171,73.7,25.2,Build Muscle,Intermediate,Home,5.1,2,5,0.8,83,Lower Body,2,55,494,1
U4095,34,Male,192,89.2,24.2,Lose Weight,Intermediate,Gym,9.5,7,0,0.6,66,Full Body,2,41,339,1
U4096,40,Male,162,59.8,22.8,Gain Strength,Beginner,Gym,7,9,1,0.66,50,Push,1,57,553,0
U4097,18,Male,178,70.3,22.2,Gain Strength,Advanced,Home,7,5,5,0.94,100,Push,3,57,631,1
U4098,31,Female,157,74.2,30.1,Improve Fitness,Advanced,Gym,6.2,4,0,0.59,69,Upper Body,3,55,604,1
U4099,24,Female,151,73,32,Gain Strength,Beginner,Mixed,6.9,3,1,0.48,64,Upper Body,1,60,518,0
U4100,43,Female,172,81.9,27.7,Build Muscle,Intermediate,Home,7.9,5,6,0.68,82,Full Body,2,46,381,1
U4101,40,Male,172,50.3,17,Improve Fitness,Advanced,Mixed,7.2,4,2,0.87,59,Upper Body,3,42,283,1
U4102,18,Male,188,74.2,21,Lose Weight,Advanced,Home,5,0,3,1,61,Cardio,3,50,544,1
U4103,24,Female,181,83.5,25.5,Lose Weight,Intermediate,Gym,7.8,1,3,0.99,69,Full Body,2,55,623,1
U4104,39,Male,167,61.9,22.2,Build Muscle,Intermediate,Home,7.3,3,5,0.95,69,Lower Body,2,45,432,1
U4105,19,Male,185,70.2,20.5,Lose Weight,Advanced,Mixed,5.4,0,1,0.5,84,Full Body,3,53,596,1
U4106,45,Male,170,67,23.2,Improve Fitness,Advanced,Gym,6.4,10,5,0.59,73,Recovery,3,35,245,1
U4107,19,Female,184,79.6,23.5,Build Muscle,Intermediate,Gym,6.8,7,4,0.96,95,Push,2,52,468,1
U4108,45,Male,166,48.8,17.7,Improve Fitness,Intermediate,Gym,7.5,9,5,0.58,68,Cardio,2,41,338,1
U4109,30,Female,155,62,25.8,Lose Weight,Intermediate,Gym,6.9,4,2,0.76,82,Lower Body,2,61,611,1
U4110,30,Male,177,80.5,25.7,Improve Fitness,Beginner,Home,6.4,7,5,0.61,50,Lower Body,1,64,623,1
U4111,45,Male,160,53.5,20.9,Gain Strength,Beginner,Mixed,9.3,8,5,0.58,54,Pull,1,49,448,1
U4112,28,Female,184,87.3,25.8,Lose Weight,Beginner,Gym,7,9,4,0.68,93,Lower Body,1,42,384,1
U4113,23,Male,184,90.7,26.8,Build Muscle,Beginner,Gym,6.5,10,2,0.64,64,Pull,1,57,381,1
U4114,45,Male,182,93.4,28.2,Build Muscle,Beginner,Home,6.8,7,4,0.4,71,Pull,1,67,495,1
U4115,36,Male,150,40.5,18,Build Muscle,Advanced,Gym,9.5,7,4,0.55,69,Full Body,3,46,371,1
U4116,43,Male,157,63.1,25.6,Gain Strength,Beginner,Gym,6.8,0,6,0.67,78,Legs,1,75,677,1
U4117,37,Female,182,102.4,30.9,Gain Strength,Intermediate,Gym,7.9,5,6,0.99,56,Legs,2,53,587,1
U4118,38,Female,168,72.8,25.8,Lose Weight,Beginner,Gym,7.3,9,4,0.78,92,Cardio,1,38,269,1
U4119,26,Female,188,83.4,23.6,Lose Weight,Advanced,Gym,6.7,6,6,0.82,45,Cardio,3,35,343,1
U4120,24,Male,180,76.1,23.5,Build Muscle,Advanced,Home,7,1,4,0.55,87,Push,3,61,505,1
U4121,34,Male,165,54.4,20,Improve Fitness,Beginner,Gym,7,2,4,0.77,92,Cardio,1,41,426,1
U4122,35,Male,169,70,24.5,Gain Strength,Intermediate,Home,8.1,2,2,0.85,73,Push,2,49,405,1
U4123,39,Male,191,72.6,19.9,Gain Strength,Beginner,Gym,5.5,7,3,0.74,63,Lower Body,1,50,446,1
U4124,45,Female,195,108,28.4,Build Muscle,Beginner,Mixed,7.9,3,1,0.69,54,Full Body,1,45,464,1
U4125,20,Female,164,71.5,26.6,Build Muscle,Beginner,Gym,6,1,5,0.58,57,Pull,1,58,398,1
U4126,34,Male,194,90,23.9,Lose Weight,Beginner,Gym,8.4,3,0,0.72,65,Lower Body,1,48,495,1
U4127,37,Female,169,51.7,18.1,Build Muscle,Intermediate,Gym,7.7,9,1,0.58,73,Pull,2,58,527,1
U4128,38,Female,180,74.5,23,Lose Weight,Beginner,Gym,8,3,2,0.69,71,Recovery,1,35,275,1
U4129,18,Male,184,89.7,26.5,Lose Weight,Beginner,Mixed,9.4,10,6,0.88,70,Full Body,1,58,489,1
U4130,32,Female,166,67.5,24.5,Build Muscle,Intermediate,Gym,6.5,4,4,0.55,63,Upper Body,2,50,424,1
U4131,27,Male,161,55.2,21.3,Gain Strength,Advanced,Gym,7.8,0,2,0.53,91,Pull,3,61,457,1
U4132,39,Male,154,65.7,27.7,Improve Fitness,Intermediate,Gym,7.1,9,1,0.72,63,Lower Body,2,44,476,0
U4133,34,Female,154,60.7,25.6,Improve Fitness,Beginner,Home,8.3,3,2,0.59,48,Upper Body,1,62,547,1
U4134,40,Male,185,94.1,27.5,Build Muscle,Beginner,Mixed,7.5,4,0,0.52,60,Push,1,54,455,1
U4135,41,Male,184,70.8,20.9,Gain Strength,Beginner,Mixed,6.3,4,5,0.66,68,Push,1,70,610,1
U4136,32,Male,180,70.6,21.8,Gain Strength,Intermediate,Gym,6.3,6,0,0.68,74,Upper Body,2,52,557,1
U4137,25,Female,162,60.9,23.2,Build Muscle,Beginner,Home,8.4,3,0,0.81,48,Legs,1,67,492,1
U4138,41,Female,189,95.4,26.7,Gain Strength,Intermediate,Home,7.8,6,3,0.64,49,Lower Body,2,54,504,1
U4139,38,Male,158,61.2,24.5,Build Muscle,Beginner,Mixed,7.1,8,3,0.52,50,Legs,1,65,638,0
U4140,29,Female,189,86.1,24.1,Build Muscle,Intermediate,Gym,6.8,2,1,0.64,70,Full Body,2,56,445,1
U4141,20,Male,178,63.1,19.9,Build Muscle,Beginner,Gym,6.6,4,3,0.82,66,Lower Body,1,42,390,1
U4142,44,Female,155,42,17.5,Lose Weight,Intermediate,Mixed,6.6,7,6,0.53,76,Cardio,2,45,339,1
U4143,43,Female,169,73.7,25.8,Build Muscle,Intermediate,Gym,5.3,4,1,0.86,55,Pull,2,52,526,1
U4144,23,Male,152,71.6,31,Build Muscle,Beginner,Gym,7,6,3,0.5,54,Pull,1,66,680,1
U4145,42,Female,180,84.2,26,Build Muscle,Beginner,Mixed,6.7,0,2,0.7,96,Legs,1,46,483,1
U4146,24,Female,169,61.7,21.6,Lose Weight,Intermediate,Mixed,7.2,6,6,0.98,76,Full Body,2,56,639,1
U4147,27,Female,187,62.2,17.8,Lose Weight,Beginner,Home,7.7,3,6,0.51,93,Cardio,1,44,466,1
U4148,43,Male,167,58.6,21,Build Muscle,Advanced,Gym,9.5,9,4,0.98,60,Lower Body,3,46,446,1
U4149,43,Female,153,57.6,24.6,Lose Weight,Intermediate,Gym,7.9,2,0,0.86,78,Full Body,2,55,416,1
U4150,22,Male,187,104.2,29.8,Gain Strength,Advanced,Mixed,7,0,0,0.65,66,Pull,3,54,468,1
U4151,42,Male,190,101.4,28.1,Improve Fitness,Intermediate,Mixed,7.5,0,2,0.77,83,Upper Body,2,53,348,1
U4152,43,Male,157,41.9,17,Gain Strength,Advanced,Gym,7.4,3,3,0.76,97,Push,3,51,362,1
U4153,29,Female,186,62.6,18.1,Build Muscle,Intermediate,Home,8.8,9,1,0.73,79,Legs,2,71,695,1
U4154,37,Male,165,85.8,31.5,Lose Weight,Beginner,Home,7.7,5,5,0.79,75,Full Body,1,58,492,1
U4155,36,Male,154,53.4,22.5,Lose Weight,Intermediate,Gym,7.1,1,2,0.59,71,Lower Body,2,59,471,1
U4156,38,Male,191,62,17,Build Muscle,Intermediate,Gym,7.6,0,0,0.7,66,Lower Body,2,65,627,1
U4157,43,Male,172,75.1,25.4,Build Muscle,Intermediate,Gym,5.5,6,5,1,70,Push,2,68,447,1
U4158,43,Female,188,84.5,23.9,Lose Weight,Beginner,Gym,6,5,2,0.72,92,Cardio,1,42,279,1
U4159,28,Female,193,107.6,28.9,Improve Fitness,Beginner,Gym,8,10,4,0.82,66,Full Body,1,43,446,1
U4160,20,Female,175,56.4,18.4,Lose Weight,Intermediate,Home,6.9,10,2,0.68,87,Cardio,2,46,527,1
U4161,37,Female,159,65.2,25.8,Lose Weight,Beginner,Home,8.9,10,5,0.94,65,Full Body,1,57,427,1
U4162,40,Male,162,44.6,17,Lose Weight,Beginner,Gym,8.6,1,1,0.96,51,Cardio,1,48,478,1
U4163,32,Female,183,103.1,30.8,Lose Weight,Intermediate,Mixed,7.5,4,0,0.75,96,Full Body,2,43,294,1
U4164,21,Male,195,114.5,30.1,Gain Strength,Beginner,Gym,7.8,0,0,0.81,81,Push,1,54,580,1
U4165,41,Male,193,84.9,22.8,Build Muscle,Beginner,Mixed,7,0,6,0.56,67,Upper Body,1,47,439,1
U4166,22,Female,173,68.8,23,Lose Weight,Beginner,Gym,6.4,2,5,0.74,67,Recovery,1,34,241,1
U4167,22,Female,156,64.7,26.6,Lose Weight,Beginner,Gym,5.3,4,4,0.7,73,Recovery,1,25,179,1
U4168,39,Female,154,55,23.2,Build Muscle,Beginner,Home,6.9,9,2,0.43,77,Legs,1,67,762,0
U4169,18,Male,176,84.3,27.2,Lose Weight,Intermediate,Gym,7.6,5,5,0.91,75,Recovery,2,34,388,1
U4170,24,Female,182,87.8,26.5,Build Muscle,Beginner,Gym,7.3,6,1,0.84,48,Push,1,66,752,1
U4171,34,Male,171,60.5,20.7,Gain Strength,Beginner,Home,8.8,4,1,0.28,69,Legs,1,49,438,0
U4172,20,Male,194,110.6,29.4,Lose Weight,Beginner,Gym,7,1,0,0.65,73,Lower Body,1,56,573,1
U4173,41,Male,173,68.8,23,Build Muscle,Beginner,Gym,7.1,5,5,0.6,88,Full Body,1,59,424,1
U4174,21,Female,162,80,30.5,Build Muscle,Beginner,Gym,7,8,3,0.47,64,Full Body,1,57,546,0
U4175,38,Female,161,61.4,23.7,Lose Weight,Intermediate,Home,7.7,3,5,0.54,60,Cardio,2,39,446,1
U4176,25,Male,168,75.1,26.6,Lose Weight,Intermediate,Gym,8.1,5,1,0.61,52,Cardio,2,34,240,1
U4177,20,Female,177,112.8,36,Build Muscle,Beginner,Gym,8,3,3,0.67,85,Upper Body,1,63,690,1
U4178,33,Male,192,88.5,24,Build Muscle,Beginner,Gym,8.1,7,3,0.75,73,Upper Body,1,54,400,1
U4179,30,Female,191,87.6,24,Gain Strength,Beginner,Gym,5.5,0,6,1,57,Legs,1,59,515,1
U4180,30,Male,163,49.9,18.8,Lose Weight,Intermediate,Mixed,6.9,7,0,0.55,71,Recovery,2,29,280,0
U4181,22,Male,156,66.7,27.4,Build Muscle,Advanced,Home,8.2,7,6,0.87,67,Lower Body,3,63,479,1
U4182,38,Male,163,65.6,24.7,Gain Strength,Beginner,Gym,7.5,3,0,0.4,80,Legs,1,73,586,0
U4183,27,Female,187,64.3,18.4,Lose Weight,Intermediate,Gym,9.3,8,6,0.65,69,Full Body,2,43,307,1
U4184,36,Male,162,55.9,21.3,Lose Weight,Beginner,Gym,6.4,8,3,1,86,Cardio,1,39,417,1
U4185,28,Female,195,68.4,18,Lose Weight,Intermediate,Gym,8.8,1,6,0.93,67,Cardio,2,41,408,1
U4186,38,Male,154,61.2,25.8,Improve Fitness,Intermediate,Gym,7.1,4,5,1,60,Full Body,2,44,397,1
U4187,26,Male,167,70,25.1,Build Muscle,Beginner,Home,6.6,3,3,0.46,100,Pull,1,69,606,1
U4188,21,Male,176,60.4,19.5,Build Muscle,Beginner,Gym,7.3,7,5,0.41,66,Pull,1,58,461,1
U4189,40,Male,179,84.3,26.3,Improve Fitness,Intermediate,Gym,6.2,10,5,0.83,67,Full Body,2,53,561,1
U4190,43,Female,167,82,29.4,Lose Weight,Advanced,Gym,8.6,10,3,0.61,73,Full Body,3,59,572,1
U4191,44,Female,190,91.3,25.3,Lose Weight,Beginner,Gym,7.8,0,0,0.72,74,Full Body,1,43,317,1
U4192,38,Male,186,81.3,23.5,Lose Weight,Beginner,Gym,7.2,2,2,0.95,81,Cardio,1,40,353,1
U4193,38,Female,177,85.8,27.4,Build Muscle,Advanced,Gym,7.9,2,6,0.69,76,Lower Body,3,44,458,1
U4194,18,Male,158,49.7,19.9,Build Muscle,Beginner,Gym,8.5,9,3,0.22,70,Push,1,50,506,0
U4195,34,Female,176,90.8,29.3,Build Muscle,Beginner,Mixed,5.6,7,1,0.79,61,Pull,1,48,405,1
U4196,44,Male,161,59.6,23,Build Muscle,Intermediate,Gym,8.1,5,0,0.76,41,Pull,2,68,618,1
U4197,26,Female,158,50.9,20.4,Build Muscle,Beginner,Mixed,8.2,1,0,0.8,98,Full Body,1,45,383,1
U4198,19,Female,153,74,31.6,Improve Fitness,Beginner,Gym,6.7,2,0,1,72,Lower Body,1,58,606,1
U4199,36,Female,151,46.7,20.5,Build Muscle,Beginner,Gym,6.4,4,5,0.31,96,Lower Body,1,49,371,1
U4200,43,Male,179,100,31.2,Lose Weight,Beginner,Home,6,4,4,0.68,73,Recovery,1,30,219,1
U4201,41,Female,152,47.4,20.5,Build Muscle,Intermediate,Mixed,5.2,10,3,0.68,67,Upper Body,2,43,293,1
U4202,24,Male,191,83.5,22.9,Lose Weight,Intermediate,Home,7.3,3,4,0.98,67,Cardio,2,34,269,1
U4203,34,Male,175,77.2,25.2,Gain Strength,Intermediate,Gym,7.9,8,5,0.82,62,Legs,2,74,635,1
U4204,30,Female,170,72,24.9,Lose Weight,Beginner,Home,7.7,3,5,0.52,90,Full Body,1,44,449,1
U4205,37,Male,169,87.1,30.5,Lose Weight,Beginner,Gym,6.3,9,6,0.75,81,Full Body,1,49,513,1
U4206,24,Female,179,71.1,22.2,Improve Fitness,Beginner,Home,7.6,7,0,0.75,49,Full Body,1,53,604,1
U4207,26,Female,192,97.3,26.4,Build Muscle,Beginner,Mixed,5.9,6,0,0.89,61,Pull,1,63,646,1
U4208,41,Male,161,61.7,23.8,Improve Fitness,Intermediate,Gym,8.6,1,6,0.81,55,Full Body,2,50,367,1
U4209,32,Male,187,70.6,20.2,Build Muscle,Intermediate,Mixed,6.4,2,1,0.79,77,Lower Body,2,54,440,1
U4210,45,Female,174,63.6,21,Build Muscle,Beginner,Home,5.8,2,1,0.77,69,Upper Body,1,40,377,1
U4211,24,Male,192,123.9,33.6,Build Muscle,Intermediate,Home,7.1,3,3,1,54,Legs,2,63,540,1
U4212,30,Female,191,65.3,17.9,Lose Weight,Intermediate,Gym,5.9,9,2,0.93,98,Full Body,2,40,459,1
U4213,18,Male,194,79.8,21.2,Lose Weight,Intermediate,Gym,6.6,0,4,0.51,44,Cardio,2,37,366,1
U4214,24,Female,168,77.6,27.5,Lose Weight,Beginner,Mixed,7.3,3,4,0.72,50,Cardio,1,43,335,1
U4215,33,Female,158,78.4,31.4,Lose Weight,Intermediate,Home,6.5,6,5,0.82,50,Full Body,2,49,543,1
U4216,20,Female,189,84.7,23.7,Lose Weight,Intermediate,Home,7.4,1,5,0.78,74,Full Body,2,57,548,1
U4217,25,Female,161,68.9,26.6,Lose Weight,Advanced,Home,5.9,5,6,0.76,73,Cardio,3,41,429,1
U4218,40,Female,161,66.1,25.5,Build Muscle,Beginner,Mixed,7.2,5,1,0.49,52,Push,1,64,597,0
U4219,32,Female,173,50.9,17,Build Muscle,Intermediate,Gym,8,1,3,0.87,84,Push,2,63,472,1
U4220,31,Female,150,58,25.8,Improve Fitness,Advanced,Mixed,4.8,5,6,0.54,74,Full Body,3,49,339,1
U4221,22,Male,179,80.4,25.1,Build Muscle,Intermediate,Gym,6.9,1,4,0.79,72,Pull,2,69,648,1
U4222,39,Female,154,59.3,25,Improve Fitness,Intermediate,Home,6.4,6,5,0.9,65,Lower Body,2,52,597,1
U4223,31,Female,175,57.9,18.9,Build Muscle,Beginner,Gym,6.3,4,2,0.66,86,Legs,1,66,517,1
U4224,39,Female,159,61.4,24.3,Build Muscle,Beginner,Gym,6.9,6,1,0.5,83,Push,1,67,468,1
U4225,23,Female,158,54.4,21.8,Improve Fitness,Beginner,Home,7,9,6,0.99,79,Cardio,1,48,420,1
U4226,21,Male,192,65.2,17.7,Build Muscle,Advanced,Gym,5.2,8,2,0.71,53,Push,3,60,452,1
U4227,28,Male,163,72.3,27.2,Build Muscle,Beginner,Gym,7.1,10,5,0.75,61,Pull,1,64,702,1
U4228,30,Male,162,83.5,31.8,Gain Strength,Beginner,Home,9.5,5,6,0.67,77,Pull,1,61,488,1
U4229,33,Female,184,84.3,24.9,Lose Weight,Beginner,Home,6.8,0,3,0.57,55,Recovery,1,24,222,1
U4230,19,Male,182,65.3,19.7,Improve Fitness,Beginner,Gym,7.5,8,3,0.63,33,Cardio,1,48,400,0
U4231,27,Male,156,64.2,26.4,Improve Fitness,Beginner,Home,7.1,5,0,0.96,77,Full Body,1,47,324,1
U4232,21,Female,150,41.2,18.3,Build Muscle,Beginner,Gym,4.6,0,3,0.59,62,Upper Body,1,62,553,1
U4233,31,Female,165,77.6,28.5,Gain Strength,Beginner,Gym,7.1,8,6,0.92,52,Upper Body,1,44,379,1
U4234,22,Male,167,79.8,28.6,Build Muscle,Beginner,Home,7.9,1,4,0.36,91,Upper Body,1,60,484,1
U4235,40,Female,194,93.7,24.9,Build Muscle,Advanced,Gym,7.5,1,4,0.56,91,Lower Body,3,65,422,1
U4236,30,Male,177,61.1,19.5,Build Muscle,Intermediate,Gym,8,4,0,0.87,57,Pull,2,55,472,1
U4237,36,Male,187,114.7,32.8,Build Muscle,Beginner,Gym,7.4,10,6,0.84,49,Push,1,58,524,1
U4238,38,Female,160,85.5,33.4,Lose Weight,Intermediate,Gym,5.8,3,1,0.9,57,Full Body,2,56,559,1
U4239,39,Female,189,78.2,21.9,Lose Weight,Advanced,Gym,8,7,3,0.9,52,Cardio,3,46,331,1
U4240,40,Female,164,78.3,29.1,Lose Weight,Beginner,Gym,8.2,2,4,0.55,95,Full Body,1,43,353,1
U4241,42,Female,172,54.4,18.4,Improve Fitness,Intermediate,Mixed,6.4,0,3,0.81,59,Upper Body,2,53,551,1
U4242,19,Female,195,97.3,25.6,Build Muscle,Beginner,Home,7.4,4,0,0.69,84,Legs,1,54,383,1
U4243,23,Male,172,69.5,23.5,Build Muscle,Intermediate,Mixed,7.4,0,4,0.93,83,Pull,2,62,484,1
U4244,27,Male,173,83.2,27.8,Build Muscle,Intermediate,Gym,5.8,7,6,0.81,58,Push,2,58,391,1
U4245,32,Female,186,66.1,19.1,Gain Strength,Intermediate,Gym,7,10,0,0.56,83,Legs,2,64,572,0
U4246,44,Male,167,77.8,27.9,Improve Fitness,Beginner,Gym,5,0,2,0.57,50,Full Body,1,41,277,0
U4247,22,Female,155,54.3,22.6,Gain Strength,Beginner,Gym,7.6,2,4,0.68,63,Upper Body,1,61,450,1
U4248,36,Male,195,114.1,30,Build Muscle,Beginner,Gym,4.6,7,4,0.94,63,Push,1,60,477,1
U4249,30,Female,168,68.3,24.2,Build Muscle,Beginner,Gym,6.5,3,6,1,53,Lower Body,1,46,462,1
U4250,35,Male,153,57.4,24.5,Lose Weight,Beginner,Gym,7.7,1,3,0.43,58,Lower Body,1,51,494,1
U4251,36,Male,168,67.5,23.9,Improve Fitness,Beginner,Gym,6.1,7,5,0.57,66,Lower Body,1,64,642,1
U4252,19,Female,157,67,27.2,Lose Weight,Intermediate,Mixed,6.7,1,5,0.91,57,Lower Body,2,61,453,1
U4253,23,Male,154,45.5,19.2,Lose Weight,Beginner,Mixed,9.2,10,4,0.6,52,Cardio,1,30,278,1
U4254,30,Female,150,38.7,17.2,Gain Strength,Beginner,Mixed,8.3,5,3,0.66,68,Legs,1,53,583,1
U4255,37,Male,172,70.4,23.8,Build Muscle,Intermediate,Home,8.2,8,3,0.69,100,Pull,2,45,405,1
U4256,26,Male,153,58.8,25.1,Build Muscle,Intermediate,Gym,8.3,1,2,0.86,71,Pull,2,65,541,1
U4257,33,Male,183,73.7,22,Improve Fitness,Intermediate,Home,7.5,3,4,0.81,63,Recovery,2,22,244,1
U4258,23,Female,174,76.3,25.2,Improve Fitness,Beginner,Gym,8.5,4,4,1,84,Upper Body,1,59,591,1
U4259,25,Female,185,110.5,32.3,Build Muscle,Beginner,Gym,6.4,1,0,0.85,92,Upper Body,1,64,592,1
U4260,27,Female,188,73.2,20.7,Build Muscle,Beginner,Gym,6.6,1,6,1,57,Upper Body,1,43,419,1
U4261,32,Female,189,67.5,18.9,Lose Weight,Beginner,Home,8.8,10,4,0.94,78,Recovery,1,27,212,1
U4262,41,Male,164,65.4,24.3,Lose Weight,Beginner,Home,6.6,0,1,0.77,95,Recovery,1,34,247,1
U4263,24,Female,153,59.7,25.5,Lose Weight,Intermediate,Home,9.5,10,5,0.56,71,Cardio,2,35,303,1
U4264,35,Male,157,56.4,22.9,Improve Fitness,Intermediate,Gym,5.9,1,6,0.69,78,Full Body,2,58,557,1
U4265,29,Female,172,79,26.7,Lose Weight,Beginner,Mixed,9.5,9,5,0.8,89,Cardio,1,48,431,1
U4266,24,Female,177,77.7,24.8,Gain Strength,Intermediate,Home,8.9,2,2,1,79,Lower Body,2,55,477,1
U4267,36,Female,192,74.8,20.3,Build Muscle,Intermediate,Home,6.5,5,0,0.77,78,Legs,2,68,582,1
U4268,26,Female,154,65,27.4,Build Muscle,Intermediate,Gym,7.6,9,1,0.72,62,Lower Body,2,53,414,1
U4269,37,Female,189,93.6,26.2,Lose Weight,Intermediate,Gym,9.1,4,5,0.9,80,Cardio,2,50,451,1
U4270,19,Female,156,70.1,28.8,Lose Weight,Intermediate,Gym,6.7,10,5,0.63,60,Cardio,2,35,369,1
U4271,35,Male,161,62.2,24,Lose Weight,Intermediate,Gym,6.6,6,6,0.94,64,Cardio,2,42,370,1
U4272,36,Female,190,76.2,21.1,Build Muscle,Intermediate,Gym,9.2,9,2,0.64,74,Pull,2,65,585,1
U4273,39,Female,186,91.3,26.4,Lose Weight,Intermediate,Home,5.8,1,3,0.94,81,Full Body,2,60,430,1
U4274,40,Female,191,113.1,31,Gain Strength,Beginner,Mixed,6.4,9,5,0.74,72,Push,1,69,470,1
U4275,20,Female,188,90.5,25.6,Lose Weight,Beginner,Mixed,5.5,9,4,0.74,50,Full Body,1,50,405,1
U4276,42,Female,190,93.9,26,Gain Strength,Intermediate,Gym,4.8,10,2,0.39,84,Push,2,56,619,0
U4277,27,Female,188,78.5,22.2,Gain Strength,Beginner,Gym,6,4,1,0.95,76,Push,1,50,392,1
U4278,19,Female,185,96.5,28.2,Lose Weight,Beginner,Gym,6.9,5,2,1,62,Cardio,1,49,504,1
U4279,18,Female,187,111.2,31.8,Improve Fitness,Intermediate,Gym,7,10,3,0.42,79,Full Body,2,48,353,0
U4280,35,Female,185,88.3,25.8,Build Muscle,Intermediate,Gym,5.9,5,4,0.55,71,Lower Body,2,58,556,1
U4281,22,Male,176,80.5,26,Lose Weight,Intermediate,Mixed,4.5,6,4,0.91,64,Full Body,2,40,295,1
U4282,31,Male,151,43.1,18.9,Build Muscle,Intermediate,Gym,8.1,1,5,0.72,90,Push,2,67,547,1
U4283,42,Female,163,69.9,26.3,Gain Strength,Intermediate,Mixed,7.1,8,2,0.69,79,Lower Body,2,62,626,1
U4284,36,Male,165,62.1,22.8,Gain Strength,Intermediate,Mixed,6.2,8,3,0.83,69,Lower Body,2,62,668,1
U4285,39,Male,157,60.6,24.6,Gain Strength,Beginner,Gym,8.3,5,5,0.7,72,Lower Body,1,42,405,1
U4286,32,Male,192,81.1,22,Lose Weight,Intermediate,Gym,7.6,7,4,0.78,85,Full Body,2,47,457,1
U4287,44,Male,162,58,22.1,Gain Strength,Beginner,Home,6.6,8,1,0.86,75,Push,1,61,659,1
U4288,21,Female,182,68.6,20.7,Gain Strength,Intermediate,Gym,8.5,4,4,0.41,83,Pull,2,66,624,1
U4289,18,Male,182,63.6,19.2,Build Muscle,Beginner,Home,9.2,7,0,0.44,89,Upper Body,1,61,460,1
U4290,19,Male,153,56.6,24.2,Gain Strength,Intermediate,Gym,6.7,2,2,0.75,81,Upper Body,2,51,360,1
U4291,31,Male,160,53,20.7,Build Muscle,Intermediate,Gym,6.2,2,4,0.84,46,Full Body,2,53,366,1
U4292,30,Female,150,49.5,22,Lose Weight,Beginner,Gym,9.5,2,0,0.55,89,Lower Body,1,49,494,1
U4293,38,Female,192,81.1,22,Gain Strength,Beginner,Mixed,7.7,2,0,0.84,88,Upper Body,1,47,365,1
U4294,37,Female,184,80.2,23.7,Improve Fitness,Advanced,Mixed,9.3,9,2,0.61,75,Full Body,3,42,326,1
U4295,26,Female,188,90.1,25.5,Lose Weight,Beginner,Gym,5.9,2,5,0.67,74,Lower Body,1,44,435,1
U4296,32,Female,176,70.3,22.7,Build Muscle,Beginner,Gym,9.5,4,6,0.57,89,Pull,1,54,449,1
U4297,27,Male,168,79.3,28.1,Gain Strength,Beginner,Gym,7.1,8,6,0.56,60,Legs,1,73,558,1
U4298,18,Female,165,60.7,22.3,Improve Fitness,Intermediate,Home,5.1,2,0,0.54,49,Full Body,2,53,413,0
U4299,25,Male,181,98.9,30.2,Lose Weight,Advanced,Gym,7.8,7,5,0.86,80,Cardio,3,38,431,1
U4300,43,Male,195,95.8,25.2,Build Muscle,Intermediate,Gym,8.7,1,1,0.61,73,Pull,2,49,542,1
U4301,37,Female,172,81.7,27.6,Build Muscle,Intermediate,Mixed,5.6,0,6,1,72,Legs,2,66,726,1
U4302,32,Male,164,67.5,25.1,Improve Fitness,Beginner,Mixed,8.5,8,2,0.88,72,Recovery,1,26,271,1
U4303,31,Male,160,64,25,Improve Fitness,Intermediate,Gym,5.4,5,0,0.62,79,Upper Body,2,56,551,0
U4304,34,Male,156,64.2,26.4,Gain Strength,Intermediate,Gym,8.4,8,0,0.7,51,Legs,2,45,335,0
U4305,39,Female,171,84.5,28.9,Build Muscle,Beginner,Gym,8.7,9,5,0.88,69,Legs,1,45,478,1
U4306,45,Male,161,74.9,28.9,Build Muscle,Beginner,Gym,9.5,10,6,0.74,52,Lower Body,1,64,563,1
U4307,21,Female,162,57.7,22,Build Muscle,Beginner,Gym,7.8,10,4,0.43,74,Upper Body,1,47,478,1
U4308,33,Male,158,65.2,26.1,Build Muscle,Advanced,Gym,8.8,9,6,0.96,84,Legs,3,54,618,1
U4309,44,Male,180,55.1,17,Gain Strength,Advanced,Gym,8.1,9,2,0.85,75,Push,3,63,454,1
U4310,35,Male,155,41.3,17.2,Build Muscle,Intermediate,Gym,6.2,8,4,0.51,41,Pull,2,48,324,0
U4311,26,Female,151,55.9,24.5,Gain Strength,Intermediate,Gym,6.2,1,5,1,69,Lower Body,2,51,354,1
U4312,19,Male,163,79.4,29.9,Lose Weight,Beginner,Gym,5.4,7,6,0.62,73,Cardio,1,50,567,1
U4313,44,Male,194,77.9,20.7,Lose Weight,Intermediate,Gym,6.6,1,6,0.68,68,Cardio,2,35,255,1
U4314,31,Male,180,104.7,32.3,Improve Fitness,Beginner,Gym,7.5,2,4,0.81,80,Upper Body,1,44,382,1
U4315,29,Male,174,82,27.1,Gain Strength,Intermediate,Home,7,2,5,0.66,74,Pull,2,54,441,1
U4316,44,Female,181,96.3,29.4,Lose Weight,Intermediate,Gym,8.3,1,2,0.68,83,Cardio,2,36,262,1
U4317,24,Female,160,60.7,23.7,Improve Fitness,Beginner,Gym,7.1,6,5,0.63,69,Lower Body,1,60,522,1
U4318,18,Female,172,89,30.1,Improve Fitness,Beginner,Gym,7.2,2,2,0.74,50,Upper Body,1,48,399,1
U4319,37,Female,184,78.5,23.2,Build Muscle,Beginner,Gym,6.8,9,6,0.57,72,Full Body,1,60,543,1
U4320,33,Male,154,53.8,22.7,Build Muscle,Beginner,Gym,7.2,5,1,0.74,57,Lower Body,1,63,708,1
U4321,28,Female,161,59.1,22.8,Build Muscle,Beginner,Gym,7.2,4,1,0.93,75,Lower Body,1,40,366,1
U4322,34,Male,171,63.5,21.7,Lose Weight,Intermediate,Mixed,7.5,8,5,1,85,Recovery,2,27,225,1
U4323,37,Female,186,92.7,26.8,Lose Weight,Intermediate,Gym,7.9,2,2,0.98,88,Full Body,2,58,438,1
U4324,34,Male,180,87.2,26.9,Build Muscle,Intermediate,Home,8.3,7,5,0.53,49,Legs,2,74,823,1
U4325,42,Female,164,67.8,25.2,Build Muscle,Intermediate,Gym,7.2,0,4,0.62,84,Lower Body,2,59,649,1
U4326,39,Male,168,48,17,Lose Weight,Beginner,Home,6.5,9,4,0.63,47,Full Body,1,45,489,1
U4327,41,Male,189,110,30.8,Improve Fitness,Beginner,Home,5.6,6,1,0.61,85,Full Body,1,54,502,1
U4328,25,Female,154,64.5,27.2,Build Muscle,Intermediate,Gym,5.9,4,6,0.84,76,Pull,2,67,459,1
U4329,19,Male,177,107.5,34.3,Lose Weight,Intermediate,Gym,7.5,9,6,0.69,59,Full Body,2,58,399,1
U4330,24,Male,165,58.3,21.4,Improve Fitness,Intermediate,Home,6.2,1,4,0.97,72,Full Body,2,41,314,1
U4331,24,Male,176,83.3,26.9,Gain Strength,Intermediate,Gym,8.8,9,1,0.3,91,Legs,2,57,630,0
U4332,44,Female,180,80,24.7,Build Muscle,Beginner,Home,7.6,0,0,0.57,60,Legs,1,70,715,1
U4333,20,Male,174,80.5,26.6,Build Muscle,Intermediate,Gym,9.5,3,6,0.9,90,Legs,2,45,324,1
U4334,41,Male,160,60.7,23.7,Gain Strength,Intermediate,Gym,6.4,9,0,0.58,64,Pull,2,62,520,0
U4335,24,Female,187,59.4,17,Build Muscle,Intermediate,Mixed,6.3,6,4,0.62,69,Legs,2,64,442,1
U4336,43,Female,164,67.5,25.1,Gain Strength,Intermediate,Home,7.5,5,0,0.72,63,Legs,2,65,563,1
U4337,22,Male,154,40.3,17,Improve Fitness,Intermediate,Mixed,6.5,2,6,0.54,78,Full Body,2,52,409,1
U4338,41,Male,195,107.6,28.3,Build Muscle,Intermediate,Mixed,8.1,2,2,0.86,69,Lower Body,2,51,489,1
U4339,28,Male,160,57.1,22.3,Build Muscle,Advanced,Home,6.3,2,3,0.45,86,Push,3,48,380,1
U4340,32,Female,157,58.7,23.8,Gain Strength,Advanced,Gym,5.7,2,0,0.57,58,Legs,3,52,474,1
U4341,32,Female,179,79.1,24.7,Build Muscle,Intermediate,Gym,8.3,8,5,0.66,38,Legs,2,46,398,1
U4342,19,Female,176,73.4,23.7,Lose Weight,Beginner,Mixed,6.9,2,4,0.68,62,Cardio,1,49,335,1
U4343,38,Male,166,70,25.4,Gain Strength,Intermediate,Mixed,7.2,4,6,0.72,78,Lower Body,2,63,505,1
U4344,31,Female,179,72.7,22.7,Lose Weight,Advanced,Gym,6.6,10,3,0.97,80,Cardio,3,38,367,1
U4345,23,Female,163,74.4,28,Build Muscle,Intermediate,Gym,8.4,7,6,0.81,85,Pull,2,54,558,1
U4346,42,Female,177,56.1,17.9,Gain Strength,Beginner,Gym,7.3,0,1,0.69,97,Lower Body,1,47,395,1
U4347,28,Female,172,84,28.4,Improve Fitness,Beginner,Mixed,6.4,2,1,0.79,74,Full Body,1,50,429,1
U4348,43,Male,158,65.9,26.4,Gain Strength,Intermediate,Mixed,6,6,6,0.78,68,Pull,2,65,738,1
U4349,25,Male,157,63.3,25.7,Build Muscle,Intermediate,Gym,6.3,6,0,0.61,89,Lower Body,2,42,297,1
U4350,20,Female,183,67.3,20.1,Build Muscle,Beginner,Gym,6,1,2,0.71,60,Pull,1,48,522,1
U4351,30,Female,152,48.1,20.8,Lose Weight,Beginner,Gym,7.2,9,3,0.45,56,Lower Body,1,65,669,0
U4352,21,Female,154,78.5,33.1,Build Muscle,Advanced,Home,7.6,1,0,0.59,78,Push,3,45,343,1
U4353,42,Male,193,100.2,26.9,Lose Weight,Beginner,Gym,8.2,7,5,0.7,86,Full Body,1,40,446,1
U4354,45,Female,178,53.9,17,Lose Weight,Beginner,Home,5.9,1,2,0.75,76,Cardio,1,44,346,1
U4355,26,Male,177,64.9,20.7,Gain Strength,Beginner,Home,7.4,0,6,0.61,67,Pull,1,51,544,1
U4356,41,Male,176,89.2,28.8,Lose Weight,Intermediate,Gym,8.1,8,5,0.54,56,Full Body,2,41,319,1
U4357,35,Female,181,74.7,22.8,Improve Fitness,Beginner,Gym,7.1,9,3,0.6,87,Lower Body,1,57,639,1
U4358,35,Male,161,67.4,26,Improve Fitness,Beginner,Gym,7.5,4,0,0.49,89,Upper Body,1,49,463,1
U4359,30,Male,157,41.9,17,Gain Strength,Intermediate,Gym,8,5,6,0.89,65,Pull,2,68,652,1
U4360,30,Female,158,74.4,29.8,Improve Fitness,Beginner,Gym,7,3,1,0.73,77,Cardio,1,30,246,1
U4361,29,Male,188,127.2,36,Build Muscle,Intermediate,Mixed,8.6,5,3,0.85,58,Upper Body,2,51,410,1
U4362,34,Female,152,58,25.1,Build Muscle,Advanced,Home,6.2,1,0,0.87,74,Legs,3,56,479,1
U4363,27,Male,157,48.8,19.8,Build Muscle,Beginner,Home,7.2,4,1,0.57,74,Legs,1,55,416,1
U4364,40,Male,153,48.9,20.9,Improve Fitness,Intermediate,Gym,7.1,2,2,0.86,71,Cardio,2,36,374,1
U4365,45,Male,177,71.7,22.9,Build Muscle,Beginner,Home,7.3,9,1,0.85,55,Full Body,1,55,487,1
U4366,28,Male,170,74,25.6,Build Muscle,Intermediate,Home,8.5,0,5,0.82,72,Legs,2,63,703,1
U4367,22,Female,175,83.3,27.2,Lose Weight,Intermediate,Gym,7.6,1,3,0.86,41,Cardio,2,36,370,1
U4368,40,Female,169,51.4,18,Improve Fitness,Beginner,Home,8.2,2,0,0.45,78,Cardio,1,30,297,1
U4369,41,Male,185,78.7,23,Build Muscle,Beginner,Home,6,1,3,0.78,75,Lower Body,1,63,665,1
U4370,43,Female,155,80.2,33.4,Lose Weight,Beginner,Gym,6.4,5,2,0.98,77,Cardio,1,30,317,1
U4371,42,Female,181,71.1,21.7,Lose Weight,Beginner,Home,8,4,3,0.82,72,Lower Body,1,46,473,1
U4372,29,Male,165,69.7,25.6,Gain Strength,Beginner,Gym,6.4,5,3,0.57,83,Upper Body,1,50,439,1
U4373,30,Female,177,73.9,23.6,Build Muscle,Beginner,Home,7,5,0,0.77,75,Legs,1,58,495,1
U4374,29,Male,158,46.2,18.5,Lose Weight,Advanced,Gym,8.5,1,5,0.74,68,Full Body,3,48,448,1
U4375,34,Female,182,87.1,26.3,Gain Strength,Beginner,Home,7.4,6,0,0.86,80,Push,1,45,434,1
U4376,34,Male,187,96.2,27.5,Build Muscle,Intermediate,Home,8.6,2,3,0.88,69,Push,2,63,709,1
U4377,35,Female,188,70,19.8,Build Muscle,Beginner,Gym,8.9,8,0,0.68,64,Legs,1,48,543,1
U4378,31,Female,193,64.1,17.2,Gain Strength,Intermediate,Gym,7.5,2,2,0.75,49,Legs,2,64,579,1
U4379,43,Female,177,82.7,26.4,Build Muscle,Intermediate,Gym,6.6,7,1,1,63,Push,2,54,439,1
U4380,40,Female,193,84.6,22.7,Improve Fitness,Intermediate,Home,6.1,5,2,0.95,66,Cardio,2,43,348,1
U4381,42,Female,190,77.6,21.5,Gain Strength,Beginner,Gym,7.9,1,3,0.47,81,Push,1,62,568,1
U4382,45,Male,168,90.3,32,Build Muscle,Intermediate,Gym,7.7,3,2,0.83,85,Pull,2,65,528,1
U4383,27,Female,177,99.3,31.7,Gain Strength,Beginner,Gym,8.4,2,0,0.8,85,Legs,1,50,356,1
U4384,28,Female,182,68.9,20.8,Lose Weight,Intermediate,Gym,8,0,6,0.54,66,Cardio,2,32,268,1
U4385,19,Female,170,49.1,17,Gain Strength,Intermediate,Mixed,7.5,3,4,0.6,88,Legs,2,52,380,1
U4386,41,Male,191,95.2,26.1,Gain Strength,Intermediate,Mixed,8.3,10,1,0.52,87,Pull,2,69,700,0
U4387,37,Female,176,103.2,33.3,Gain Strength,Beginner,Home,7.9,0,3,0.86,74,Upper Body,1,54,482,1
U4388,26,Female,156,54.3,22.3,Build Muscle,Intermediate,Mixed,7.9,8,2,0.45,65,Push,2,61,462,1
U4389,26,Male,189,61.1,17.1,Gain Strength,Beginner,Home,6.3,2,3,0.84,79,Upper Body,1,44,332,1
U4390,39,Male,177,77.4,24.7,Lose Weight,Beginner,Gym,7.3,5,0,0.38,66,Lower Body,1,60,576,0
U4391,34,Female,172,63.9,21.6,Improve Fitness,Intermediate,Home,6.4,9,5,0.83,59,Lower Body,2,42,369,1
U4392,37,Female,176,68.1,22,Build Muscle,Advanced,Gym,4.8,6,4,0.67,55,Upper Body,3,51,336,1
U4393,45,Male,158,61.9,24.8,Gain Strength,Intermediate,Mixed,6.1,6,4,0.74,69,Lower Body,2,65,530,1
U4394,38,Male,153,73.7,31.5,Improve Fitness,Advanced,Gym,7.6,1,2,0.39,53,Upper Body,3,47,384,1
U4395,44,Female,188,87.3,24.7,Lose Weight,Beginner,Gym,6.1,10,6,0.2,92,Full Body,1,57,532,0
U4396,42,Female,153,64.4,27.5,Build Muscle,Beginner,Gym,7.7,6,4,0.61,78,Legs,1,60,424,1
U4397,38,Male,171,62.9,21.5,Build Muscle,Beginner,Home,7.3,4,5,0.55,94,Pull,1,61,664,1
U4398,35,Female,165,48.7,17.9,Improve Fitness,Beginner,Mixed,8.5,0,0,0.73,64,Cardio,1,48,379,1
U4399,39,Female,152,58.2,25.2,Build Muscle,Intermediate,Gym,7.9,3,6,0.97,76,Legs,2,71,572,1
U4400,27,Female,157,51.3,20.8,Gain Strength,Intermediate,Gym,7.2,6,1,1,92,Upper Body,2,49,353,1
U4401,38,Male,156,68.9,28.3,Build Muscle,Beginner,Gym,8,4,4,0.85,89,Upper Body,1,40,446,1
U4402,39,Female,165,61.5,22.6,Build Muscle,Beginner,Home,5.6,10,6,0.73,59,Upper Body,1,53,515,1
U4403,38,Female,155,48.3,20.1,Lose Weight,Beginner,Gym,6.3,4,2,1,74,Full Body,1,57,416,1
U4404,42,Male,178,82.4,26,Lose Weight,Intermediate,Gym,5.8,1,5,0.39,59,Lower Body,2,46,495,1
U4405,38,Male,181,99.9,30.5,Lose Weight,Intermediate,Gym,7.5,7,5,0.83,83,Cardio,2,35,255,1
U4406,26,Female,171,64.3,22,Build Muscle,Intermediate,Mixed,8.6,3,0,0.61,93,Upper Body,2,60,401,1
U4407,43,Female,177,82.7,26.4,Improve Fitness,Beginner,Home,5.1,9,0,0.59,45,Upper Body,1,60,535,0
U4408,26,Male,194,110.6,29.4,Build Muscle,Beginner,Home,7.1,2,3,0.32,77,Legs,1,66,550,1
U4409,41,Female,184,75.2,22.2,Lose Weight,Advanced,Gym,5.5,6,2,1,73,Cardio,3,38,289,1
U4410,22,Male,172,68.9,23.3,Improve Fitness,Beginner,Gym,6.7,2,1,0.45,52,Cardio,1,37,395,0
U4411,28,Female,191,109.1,29.9,Lose Weight,Beginner,Gym,6.6,9,1,0.72,41,Full Body,1,45,391,1
U4412,18,Male,185,65,19,Build Muscle,Intermediate,Gym,7.8,7,0,0.79,98,Push,2,61,602,1
U4413,31,Female,157,74.2,30.1,Lose Weight,Intermediate,Gym,6.8,9,6,0.81,67,Cardio,2,49,373,1
U4414,43,Male,165,90.1,33.1,Lose Weight,Intermediate,Gym,8.4,6,4,0.75,75,Full Body,2,58,412,1
U4415,32,Male,185,104.7,30.6,Improve Fitness,Beginner,Gym,7.7,6,2,1,39,Full Body,1,50,533,1
U4416,38,Male,180,85.5,26.4,Lose Weight,Intermediate,Home,6.5,5,1,1,95,Cardio,2,42,314,1
U4417,24,Female,161,63.8,24.6,Lose Weight,Intermediate,Home,8.8,5,0,1,73,Full Body,2,44,403,1
U4418,19,Female,175,106.9,34.9,Lose Weight,Intermediate,Gym,7.1,8,6,0.68,84,Full Body,2,59,396,1
U4419,38,Female,166,63.4,23,Improve Fitness,Intermediate,Home,7.2,9,1,0.97,72,Full Body,2,55,625,1
U4420,22,Female,157,42.9,17.4,Build Muscle,Beginner,Gym,7.5,8,5,0.59,84,Legs,1,62,590,1
U4421,37,Female,175,83.9,27.4,Build Muscle,Beginner,Gym,8.7,6,1,0.88,88,Full Body,1,48,444,1
U4422,33,Male,175,66.5,21.7,Gain Strength,Intermediate,Gym,8,7,1,1,61,Legs,2,67,695,1
U4423,43,Male,151,73.2,32.1,Lose Weight,Intermediate,Mixed,6.5,6,3,0.57,76,Lower Body,2,50,341,1
U4424,26,Male,169,78.5,27.5,Lose Weight,Intermediate,Gym,8.1,9,3,0.55,78,Cardio,2,39,363,1
U4425,21,Male,181,70.8,21.6,Lose Weight,Advanced,Home,5.5,7,3,0.55,60,Cardio,3,34,349,1
U4426,28,Male,165,72.7,26.7,Improve Fitness,Beginner,Gym,8.4,2,3,0.45,77,Upper Body,1,64,555,1
U4427,36,Male,184,66.4,19.6,Gain Strength,Advanced,Gym,7.8,5,1,0.61,56,Lower Body,3,56,613,1
U4428,20,Male,152,64.5,27.9,Lose Weight,Advanced,Gym,6.5,6,4,0.66,38,Lower Body,3,47,509,1
U4429,39,Male,159,72.1,28.5,Improve Fitness,Beginner,Gym,8,6,2,0.72,49,Full Body,1,43,339,1
U4430,20,Male,189,105.7,29.6,Gain Strength,Intermediate,Gym,6.4,1,3,0.64,100,Legs,2,47,442,1
U4431,36,Male,180,69.7,21.5,Build Muscle,Intermediate,Home,7.9,6,4,0.82,77,Pull,2,58,604,1
U4432,43,Male,183,86.1,25.7,Improve Fitness,Beginner,Home,7.5,8,5,0.77,71,Full Body,1,40,305,1
U4433,34,Male,154,73,30.8,Build Muscle,Beginner,Gym,5.7,8,4,0.9,84,Upper Body,1,64,475,1
U4434,27,Male,173,82,27.4,Build Muscle,Intermediate,Gym,8.3,6,6,0.7,43,Push,2,48,375,1
U4435,41,Female,183,81,24.2,Lose Weight,Beginner,Home,6,8,0,0.59,53,Full Body,1,40,458,0
U4436,32,Male,189,80.4,22.5,Gain Strength,Advanced,Home,6.4,0,5,0.29,82,Lower Body,3,50,424,1
U4437,22,Male,151,77.1,33.8,Improve Fitness,Advanced,Gym,7.8,5,3,0.68,71,Recovery,3,29,208,1
U4438,42,Male,171,66.4,22.7,Build Muscle,Beginner,Gym,7.2,6,3,0.71,59,Lower Body,1,51,495,1
U4439,40,Female,177,99,31.6,Build Muscle,Intermediate,Home,5.5,7,4,0.85,70,Upper Body,2,48,422,1
U4440,36,Male,195,123.6,32.5,Build Muscle,Advanced,Gym,7.5,9,5,0.66,68,Full Body,3,58,639,1
U4441,26,Female,154,58.6,24.7,Improve Fitness,Intermediate,Gym,5.8,4,5,0.58,45,Upper Body,2,41,356,1
U4442,31,Male,165,56.1,20.6,Lose Weight,Beginner,Home,7.2,8,0,0.77,42,Lower Body,1,51,580,0
U4443,25,Female,184,80.9,23.9,Improve Fitness,Intermediate,Gym,7.7,6,1,0.69,62,Lower Body,2,51,437,1
U4444,30,Female,176,70.6,22.8,Gain Strength,Beginner,Home,6.5,5,4,0.61,74,Push,1,63,477,1
U4445,21,Female,180,110.8,34.2,Gain Strength,Advanced,Gym,6.3,1,6,0.66,71,Pull,3,62,418,1
U4446,33,Female,189,77.2,21.6,Improve Fitness,Intermediate,Gym,8.3,1,6,0.29,64,Full Body,2,60,518,1
U4447,20,Female,166,76.9,27.9,Build Muscle,Beginner,Gym,6.8,6,2,0.57,78,Pull,1,62,668,1
U4448,28,Female,165,77,28.3,Gain Strength,Intermediate,Gym,7.3,7,6,0.58,78,Legs,2,64,469,1
U4449,25,Female,168,64.4,22.8,Improve Fitness,Intermediate,Gym,7.9,8,0,0.99,32,Lower Body,2,59,574,1
U4450,34,Female,156,60.8,25,Build Muscle,Advanced,Gym,5.2,3,3,1,64,Push,3,66,457,1
U4451,29,Male,190,99.6,27.6,Build Muscle,Intermediate,Gym,7.1,6,0,0.58,58,Lower Body,2,46,367,0
U4452,32,Male,178,98.9,31.2,Build Muscle,Beginner,Home,8.2,1,3,1,72,Upper Body,1,45,410,1
U4453,28,Female,192,94.7,25.7,Build Muscle,Beginner,Home,6.8,5,5,0.67,56,Upper Body,1,54,358,1
U4454,32,Male,189,88.9,24.9,Lose Weight,Intermediate,Gym,6.2,7,2,0.8,74,Full Body,2,58,413,1
U4455,25,Female,166,70.8,25.7,Build Muscle,Beginner,Gym,8.9,9,2,0.71,83,Pull,1,49,544,1
U4456,34,Female,165,90.1,33.1,Build Muscle,Beginner,Gym,8.5,6,6,0.93,67,Upper Body,1,59,473,1
U4457,28,Male,165,69.4,25.5,Lose Weight,Advanced,Mixed,5.6,0,0,0.81,76,Lower Body,3,43,361,1
U4458,27,Male,172,72.8,24.6,Improve Fitness,Beginner,Gym,8.2,8,2,0.5,96,Full Body,1,48,315,1
U4459,18,Female,157,69.8,28.3,Lose Weight,Intermediate,Gym,7,4,2,0.69,79,Cardio,2,33,302,1
U4460,24,Female,163,82.1,30.9,Lose Weight,Beginner,Mixed,7.2,2,4,0.75,72,Cardio,1,46,502,1
U4461,30,Female,183,107.2,32,Build Muscle,Intermediate,Gym,6.7,3,5,0.71,93,Lower Body,2,48,372,1
U4462,18,Male,151,57.2,25.1,Gain Strength,Beginner,Gym,8.4,5,5,0.56,68,Upper Body,1,46,305,1
U4463,33,Female,165,83.6,30.7,Gain Strength,Beginner,Mixed,6.4,2,1,0.69,75,Pull,1,55,397,1
U4464,38,Female,152,46.9,20.3,Build Muscle,Beginner,Gym,6.6,5,1,0.74,72,Pull,1,66,623,1
U4465,19,Female,163,79.4,29.9,Improve Fitness,Intermediate,Mixed,8.8,4,6,0.57,73,Full Body,2,59,400,1
U4466,30,Male,195,103.8,27.3,Build Muscle,Intermediate,Home,8.8,2,3,0.85,76,Pull,2,65,720,1
U4467,30,Female,155,65.6,27.3,Gain Strength,Intermediate,Mixed,7.8,3,3,0.55,74,Pull,2,50,546,1
U4468,23,Female,152,70.7,30.6,Build Muscle,Beginner,Home,6.9,9,5,0.74,68,Push,1,51,564,1
U4469,24,Female,186,58.8,17,Build Muscle,Advanced,Home,7.1,2,1,0.77,64,Pull,3,50,436,1
U4470,29,Female,173,59,19.7,Build Muscle,Beginner,Mixed,6.1,8,5,0.86,100,Lower Body,1,53,456,1
U4471,42,Female,153,70.9,30.3,Build Muscle,Intermediate,Gym,5.6,2,5,0.87,62,Push,2,60,623,1
U4472,43,Female,161,57.3,22.1,Build Muscle,Beginner,Gym,6.6,5,2,0.85,86,Upper Body,1,62,474,1
U4473,31,Male,185,82.5,24.1,Gain Strength,Beginner,Gym,7,4,1,0.8,80,Push,1,69,470,1
U4474,24,Female,174,89,29.4,Lose Weight,Intermediate,Mixed,5.7,6,4,0.72,55,Full Body,2,55,471,1
U4475,21,Male,184,82.3,24.3,Build Muscle,Advanced,Gym,6.9,3,6,0.71,60,Push,3,51,377,1
U4476,45,Female,188,64.7,18.3,Lose Weight,Beginner,Gym,4.8,5,2,0.7,65,Cardio,1,35,402,1
U4477,22,Male,168,61.2,21.7,Build Muscle,Beginner,Gym,8.6,5,5,0.57,93,Push,1,57,527,1
U4478,43,Male,155,75.2,31.3,Gain Strength,Intermediate,Home,5,1,1,0.74,66,Push,2,50,409,1
U4479,43,Female,176,52.7,17,Lose Weight,Beginner,Gym,5.5,6,6,0.86,100,Full Body,1,41,317,1
U4480,24,Male,172,83.7,28.3,Build Muscle,Beginner,Gym,7.5,8,5,0.72,97,Legs,1,73,631,1
U4481,18,Male,150,75.4,33.5,Lose Weight,Intermediate,Gym,6.5,8,4,0.36,40,Recovery,2,31,355,0
U4482,36,Male,192,111,30.1,Lose Weight,Beginner,Home,7,10,0,0.75,45,Lower Body,1,47,531,0
U4483,20,Male,152,49.2,21.3,Build Muscle,Beginner,Gym,6.8,7,6,0.76,66,Full Body,1,54,588,1
U4484,19,Male,182,66.6,20.1,Gain Strength,Intermediate,Gym,6.2,6,4,0.94,75,Legs,2,47,520,1
U4485,19,Female,172,80.2,27.1,Improve Fitness,Intermediate,Gym,6.1,9,2,0.2,64,Lower Body,2,49,502,0
U4486,20,Male,171,61.1,20.9,Lose Weight,Intermediate,Home,7.5,3,5,1,82,Cardio,2,44,406,1
U4487,36,Female,185,123.2,36,Lose Weight,Intermediate,Gym,7.7,5,6,0.61,77,Full Body,2,45,465,1
U4488,23,Male,160,81.9,32,Build Muscle,Advanced,Mixed,9.1,6,0,0.62,75,Legs,3,46,309,1
U4489,36,Male,170,53.5,18.5,Build Muscle,Advanced,Home,8,4,0,1,72,Pull,3,66,651,1
U4490,33,Female,195,82.5,21.7,Build Muscle,Intermediate,Gym,7.5,3,6,0.8,73,Pull,2,58,469,1
U4491,26,Male,194,95.2,25.3,Lose Weight,Advanced,Gym,6.9,3,4,0.9,83,Recovery,3,32,280,1
U4492,40,Female,158,50.9,20.4,Lose Weight,Beginner,Home,6,6,4,0.67,83,Full Body,1,53,489,1
U4493,35,Male,160,64.3,25.1,Build Muscle,Intermediate,Home,6.4,6,0,0.77,67,Full Body,2,41,268,1
U4494,42,Female,187,98.6,28.2,Gain Strength,Intermediate,Home,7.5,5,6,0.66,75,Lower Body,2,46,353,1
U4495,32,Male,158,74.9,30,Gain Strength,Beginner,Gym,6.5,7,4,0.79,70,Legs,1,59,655,1
U4496,35,Female,161,68.2,26.3,Gain Strength,Beginner,Gym,6.4,2,0,0.74,88,Upper Body,1,46,376,1
U4497,30,Female,167,57.5,20.6,Lose Weight,Beginner,Mixed,5.6,3,1,0.49,54,Cardio,1,41,326,0
U4498,35,Female,160,69.1,27,Build Muscle,Intermediate,Gym,5.6,5,2,0.67,81,Lower Body,2,49,487,1
U4499,21,Male,154,62.1,26.2,Lose Weight,Beginner,Gym,6.7,6,3,0.75,73,Full Body,1,49,501,1
U4500,27,Female,160,60.4,23.6,Build Muscle,Intermediate,Gym,6.9,2,2,1,84,Upper Body,2,62,541,1
U4501,37,Male,195,132.7,34.9,Build Muscle,Intermediate,Gym,6.6,7,3,0.7,52,Pull,2,50,449,1
U4502,39,Female,168,59.6,21.1,Build Muscle,Beginner,Gym,9.2,3,5,0.63,100,Full Body,1,48,432,1
U4503,18,Female,171,56.4,19.3,Build Muscle,Beginner,Gym,5.9,10,0,0.66,71,Full Body,1,43,353,0
U4504,30,Female,162,74.5,28.4,Gain Strength,Beginner,Gym,7.6,7,1,0.65,70,Upper Body,1,49,413,1
U4505,31,Female,189,82.9,23.2,Improve Fitness,Intermediate,Gym,6.1,7,5,0.56,87,Lower Body,2,40,438,1
U4506,20,Male,163,45.2,17,Build Muscle,Intermediate,Home,8.9,8,1,0.66,60,Lower Body,2,43,409,1
U4507,30,Male,168,77.9,27.6,Improve Fitness,Beginner,Gym,8.7,8,2,0.92,79,Full Body,1,53,399,1
U4508,27,Female,194,109.5,29.1,Build Muscle,Beginner,Gym,5.2,2,6,0.63,58,Push,1,67,463,1
U4509,18,Female,174,89.6,29.6,Build Muscle,Advanced,Home,6.7,9,1,0.87,80,Push,3,64,523,1
U4510,19,Female,186,72.3,20.9,Build Muscle,Beginner,Home,6.5,3,2,0.95,60,Upper Body,1,55,364,1
U4511,44,Male,164,67.2,25,Improve Fitness,Intermediate,Mixed,6.2,10,4,0.66,71,Lower Body,2,54,392,1
U4512,24,Male,163,56.3,21.2,Build Muscle,Intermediate,Gym,6,3,4,0.77,59,Legs,2,75,774,1
U4513,37,Female,180,68.4,21.1,Improve Fitness,Beginner,Mixed,6.1,7,4,0.71,86,Full Body,1,54,522,1
U4514,40,Female,161,79.8,30.8,Build Muscle,Intermediate,Mixed,6.3,6,2,1,56,Push,2,57,377,1
U4515,30,Male,151,66.4,29.1,Lose Weight,Beginner,Home,6.3,8,5,0.56,60,Cardio,1,48,514,1
U4516,34,Male,154,57.6,24.3,Build Muscle,Intermediate,Gym,7.7,3,5,0.84,57,Push,2,63,721,1
U4517,40,Female,187,71,20.3,Lose Weight,Advanced,Gym,6.1,5,0,0.7,68,Recovery,3,28,243,1
U4518,44,Male,186,70.9,20.5,Lose Weight,Intermediate,Gym,7.4,8,2,1,64,Recovery,2,28,319,1
U4519,31,Male,167,63.3,22.7,Gain Strength,Intermediate,Gym,7.7,5,6,0.62,82,Push,2,52,341,1
U4520,41,Female,180,69.7,21.5,Gain Strength,Beginner,Gym,9.1,7,3,0.78,62,Lower Body,1,50,357,1
U4521,43,Male,183,73.7,22,Build Muscle,Intermediate,Gym,6.5,7,4,0.97,52,Push,2,70,598,1
U4522,34,Female,180,70.3,21.7,Build Muscle,Beginner,Home,6.5,9,0,0.72,67,Lower Body,1,56,580,0
U4523,45,Female,193,67.8,18.2,Build Muscle,Beginner,Gym,6.7,1,0,0.7,62,Lower Body,1,64,654,1
U4524,25,Female,190,98.9,27.4,Gain Strength,Advanced,Gym,8.1,8,4,0.71,75,Push,3,48,414,1
U4525,43,Male,175,52.1,17,Lose Weight,Beginner,Gym,6.6,7,0,0.9,65,Cardio,1,44,398,1
U4526,39,Female,155,51.4,21.4,Lose Weight,Advanced,Gym,9.5,8,1,1,79,Cardio,3,31,312,1
U4527,33,Male,150,65.9,29.3,Improve Fitness,Intermediate,Gym,4.7,8,1,0.58,64,Recovery,2,26,209,0
U4528,45,Male,169,67.1,23.5,Gain Strength,Beginner,Home,6.6,4,3,0.26,77,Legs,1,52,580,0
U4529,42,Male,151,61.1,26.8,Improve Fitness,Intermediate,Gym,8.9,9,1,0.58,58,Full Body,2,41,403,0
U4530,24,Male,163,45.2,17,Build Muscle,Intermediate,Mixed,6.8,1,3,0.88,62,Push,2,62,649,1
U4531,35,Male,191,122.2,33.5,Improve Fitness,Advanced,Gym,6.8,2,4,0.75,51,Full Body,3,43,309,1
U4532,42,Female,166,70.8,25.7,Improve Fitness,Beginner,Gym,4.9,2,6,0.84,82,Recovery,1,35,299,1
U4533,24,Female,159,76.3,30.2,Build Muscle,Advanced,Gym,6,0,5,0.75,80,Full Body,3,55,603,1
U4534,18,Male,178,83.6,26.4,Build Muscle,Intermediate,Gym,6.1,8,3,0.29,77,Pull,2,62,574,0
U4535,24,Female,182,79.2,23.9,Improve Fitness,Intermediate,Mixed,6.5,10,0,0.86,71,Lower Body,2,42,446,1
U4536,43,Male,176,58.9,19,Build Muscle,Advanced,Gym,5,4,0,0.52,100,Upper Body,3,50,518,1
U4537,21,Male,157,67.8,27.5,Build Muscle,Advanced,Gym,7.3,8,5,0.69,68,Upper Body,3,64,598,1
U4538,33,Male,176,91.1,29.4,Build Muscle,Intermediate,Gym,6.6,5,3,0.82,66,Legs,2,72,694,1
U4539,38,Female,184,110.4,32.6,Build Muscle,Intermediate,Gym,7.9,6,5,0.94,63,Upper Body,2,44,416,1
U4540,45,Female,184,97.8,28.9,Lose Weight,Beginner,Mixed,6.8,0,0,0.74,96,Full Body,1,57,450,1
U4541,19,Male,181,65.8,20.1,Improve Fitness,Advanced,Gym,7.3,4,6,0.8,79,Upper Body,3,50,325,1
U4542,44,Female,178,71.6,22.6,Lose Weight,Beginner,Home,9.4,9,0,0.49,93,Full Body,1,54,456,1
U4543,30,Male,188,104.6,29.6,Gain Strength,Advanced,Gym,9.2,3,6,0.43,58,Legs,3,49,541,1
U4544,31,Male,176,95.4,30.8,Gain Strength,Beginner,Gym,5,7,0,0.43,64,Legs,1,67,672,0
U4545,39,Male,194,95.2,25.3,Lose Weight,Beginner,Mixed,8.9,8,5,0.69,62,Full Body,1,48,511,1
U4546,43,Female,180,83.6,25.8,Build Muscle,Beginner,Gym,7.6,7,2,0.8,69,Full Body,1,53,488,1
U4547,43,Female,178,53.9,17,Lose Weight,Intermediate,Gym,6.1,0,0,0.98,74,Cardio,2,48,513,1
U4548,20,Female,160,59.1,23.1,Build Muscle,Beginner,Mixed,8.3,10,6,0.52,68,Legs,1,62,690,1
U4549,27,Male,168,70.8,25.1,Lose Weight,Beginner,Gym,6.6,10,5,0.74,69,Cardio,1,44,487,1
U4550,25,Male,182,61.6,18.6,Gain Strength,Beginner,Gym,7.3,4,2,0.48,74,Pull,1,68,551,1
U4551,37,Female,185,103.7,30.3,Lose Weight,Intermediate,Mixed,6.8,10,1,0.51,70,Cardio,2,48,449,0
U4552,38,Female,175,64.3,21,Lose Weight,Beginner,Gym,7.8,9,2,0.69,97,Cardio,1,36,358,1
U4553,22,Male,153,68.8,29.4,Improve Fitness,Intermediate,Home,6.9,2,4,0.85,66,Full Body,2,50,516,1
U4554,27,Female,154,58.3,24.6,Build Muscle,Advanced,Mixed,6.7,6,5,0.86,93,Pull,3,56,611,1
U4555,45,Male,151,63.6,27.9,Build Muscle,Intermediate,Gym,8.1,2,6,0.89,80,Full Body,2,40,408,1
U4556,38,Female,195,74.9,19.7,Lose Weight,Intermediate,Mixed,9,10,3,1,68,Cardio,2,34,259,1
U4557,32,Female,173,68.5,22.9,Lose Weight,Intermediate,Mixed,7.8,6,3,0.82,68,Lower Body,2,49,442,1
U4558,22,Female,191,70,19.2,Improve Fitness,Intermediate,Mixed,7.4,0,3,0.82,82,Cardio,2,50,494,1
U4559,32,Female,175,79.6,26,Gain Strength,Beginner,Home,6.8,9,1,0.9,72,Pull,1,57,612,1
U4560,37,Female,155,54.1,22.5,Lose Weight,Beginner,Home,6.9,7,1,0.41,69,Cardio,1,47,539,0
U4561,20,Female,168,77.3,27.4,Lose Weight,Intermediate,Gym,7.5,4,3,0.99,68,Recovery,2,26,177,1
U4562,35,Female,161,68.7,26.5,Lose Weight,Advanced,Mixed,8,0,6,1,74,Full Body,3,49,486,1
U4563,18,Female,180,65.1,20.1,Lose Weight,Beginner,Gym,8,1,3,1,67,Cardio,1,40,282,1
U4564,25,Male,158,69.9,28,Build Muscle,Advanced,Home,8.5,3,5,0.9,73,Legs,3,71,696,1
U4565,31,Female,156,52.6,21.6,Improve Fitness,Beginner,Mixed,7,0,6,0.8,85,Upper Body,1,53,354,1
U4566,44,Female,173,77.5,25.9,Gain Strength,Beginner,Gym,6.7,1,5,0.82,84,Push,1,49,407,1
U4567,33,Female,162,68.5,26.1,Improve Fitness,Beginner,Gym,6.2,2,0,0.69,86,Recovery,1,25,172,1
U4568,19,Male,159,47.3,18.7,Build Muscle,Beginner,Gym,4.8,0,5,0.99,79,Upper Body,1,61,471,1
U4569,39,Male,159,68.3,27,Lose Weight,Beginner,Home,5.9,3,1,0.85,76,Recovery,1,22,222,1
U4570,26,Male,172,52.7,17.8,Lose Weight,Intermediate,Gym,8.7,6,4,0.75,66,Full Body,2,44,346,1
U4571,28,Female,159,57.9,22.9,Lose Weight,Advanced,Gym,4.9,0,5,0.83,75,Cardio,3,42,478,1
U4572,41,Male,188,83.8,23.7,Build Muscle,Beginner,Mixed,8.5,9,2,0.47,63,Legs,1,54,616,1
U4573,34,Female,161,54.2,20.9,Improve Fitness,Beginner,Gym,6.8,3,0,0.73,78,Full Body,1,41,316,1
U4574,36,Male,187,80.4,23,Lose Weight,Intermediate,Gym,6.1,0,1,1,100,Recovery,2,22,181,1
U4575,24,Female,182,83.1,25.1,Build Muscle,Beginner,Mixed,6.3,6,5,0.99,50,Pull,1,69,612,1
U4576,20,Male,152,53.4,23.1,Build Muscle,Beginner,Home,6.3,0,3,0.51,67,Pull,1,50,545,1
U4577,27,Female,167,58.3,20.9,Improve Fitness,Beginner,Home,7.1,3,1,0.72,62,Full Body,1,51,442,1
U4578,33,Male,153,53.6,22.9,Gain Strength,Intermediate,Gym,6.8,1,4,0.87,69,Legs,2,62,487,1
U4579,20,Male,193,104.3,28,Gain Strength,Beginner,Gym,7.7,5,4,0.82,92,Legs,1,45,319,1
U4580,21,Male,171,57.9,19.8,Lose Weight,Intermediate,Gym,6.6,0,3,1,68,Full Body,2,48,390,1
U4581,37,Female,154,40.3,17,Build Muscle,Intermediate,Gym,6.9,6,6,0.74,32,Legs,2,49,413,1
U4582,27,Female,188,106.4,30.1,Gain Strength,Beginner,Gym,6.3,4,3,0.78,68,Legs,1,70,655,1
U4583,24,Female,185,65.4,19.1,Gain Strength,Intermediate,Gym,5.9,6,1,0.55,88,Upper Body,2,42,305,0
U4584,27,Male,157,58.9,23.9,Gain Strength,Beginner,Gym,6.5,7,6,0.55,89,Push,1,58,584,1
U4585,27,Female,152,70.7,30.6,Lose Weight,Intermediate,Gym,8.4,9,0,0.81,76,Full Body,2,52,531,1
U4586,40,Male,172,57.4,19.4,Lose Weight,Beginner,Gym,6.8,0,1,0.6,44,Cardio,1,33,221,1
U4587,45,Male,161,74.9,28.9,Build Muscle,Beginner,Gym,6.3,2,0,0.94,85,Legs,1,46,420,1
U4588,27,Female,174,81.1,26.8,Build Muscle,Beginner,Mixed,7.8,0,6,0.61,99,Push,1,53,507,1
U4589,21,Male,181,80.9,24.7,Build Muscle,Beginner,Gym,7.4,5,0,0.6,58,Upper Body,1,54,383,1
U4590,18,Male,172,78.4,26.5,Build Muscle,Intermediate,Mixed,7.3,5,0,0.58,50,Pull,2,46,453,1
U4591,22,Female,155,46.1,19.2,Gain Strength,Advanced,Home,8.4,4,6,0.61,66,Upper Body,3,52,441,1
U4592,38,Female,176,94.8,30.6,Lose Weight,Advanced,Gym,5.9,8,2,0.59,60,Cardio,3,30,223,1
U4593,34,Female,181,102.5,31.3,Gain Strength,Beginner,Gym,9.3,8,6,0.86,83,Push,1,68,517,1
U4594,33,Female,160,56.6,22.1,Lose Weight,Beginner,Mixed,9.2,3,2,0.77,84,Cardio,1,40,352,1
U4595,31,Female,155,57.9,24.1,Build Muscle,Intermediate,Gym,6.8,5,4,1,80,Push,2,50,477,1
U4596,25,Male,190,110.5,30.6,Improve Fitness,Advanced,Gym,7.4,9,0,0.57,63,Full Body,3,58,655,0
U4597,40,Female,190,89.9,24.9,Lose Weight,Intermediate,Home,6.4,8,3,0.52,90,Cardio,2,44,490,1
U4598,25,Male,162,58.3,22.2,Lose Weight,Intermediate,Gym,7.3,4,2,0.77,63,Cardio,2,30,231,1
U4599,29,Female,156,74.5,30.6,Lose Weight,Beginner,Home,5.9,2,3,0.77,75,Full Body,1,41,317,1
U4600,44,Female,192,89.6,24.3,Build Muscle,Beginner,Gym,5.7,6,0,0.88,83,Pull,1,63,421,1
U4601,22,Female,160,55.6,21.7,Lose Weight,Intermediate,Gym,7.9,9,4,0.79,52,Full Body,2,40,424,1
U4602,18,Female,174,63.3,20.9,Lose Weight,Intermediate,Gym,8.4,8,1,0.78,63,Full Body,2,40,303,1
U4603,35,Male,151,47.7,20.9,Lose Weight,Beginner,Mixed,6.5,6,1,0.64,59,Cardio,1,48,334,1
U4604,39,Female,157,42.4,17.2,Gain Strength,Beginner,Gym,8.4,6,1,0.89,52,Pull,1,53,390,1
U4605,31,Male,171,73.4,25.1,Gain Strength,Intermediate,Gym,6.1,0,1,0.67,66,Upper Body,2,57,501,1
U4606,30,Male,166,62.6,22.7,Gain Strength,Intermediate,Home,9.3,0,4,0.64,59,Legs,2,74,789,1
U4607,23,Female,160,54.5,21.3,Improve Fitness,Intermediate,Mixed,8.2,7,4,0.42,60,Upper Body,2,65,467,0
U4608,34,Male,185,104.7,30.6,Build Muscle,Intermediate,Gym,7.4,7,3,0.75,100,Upper Body,2,41,445,1
U4609,31,Male,181,83.5,25.5,Build Muscle,Intermediate,Mixed,6.3,1,3,0.67,54,Upper Body,2,40,272,1
U4610,42,Male,155,71.6,29.8,Build Muscle,Beginner,Mixed,7.7,10,1,0.92,90,Upper Body,1,40,278,1
U4611,44,Male,191,83.2,22.8,Lose Weight,Beginner,Home,6.1,8,6,0.71,58,Full Body,1,44,349,1
U4612,38,Female,195,95.8,25.2,Lose Weight,Beginner,Gym,8.3,8,5,0.69,74,Recovery,1,29,267,1
U4613,44,Male,163,64,24.1,Improve Fitness,Advanced,Home,8,7,2,0.6,39,Cardio,3,50,573,1
U4614,21,Male,194,99.7,26.5,Gain Strength,Intermediate,Mixed,8.2,3,1,0.8,62,Lower Body,2,57,551,1
U4615,42,Female,184,66.7,19.7,Improve Fitness,Beginner,Gym,7.6,10,4,0.75,70,Cardio,1,48,473,1
U4616,39,Female,194,121.2,32.2,Gain Strength,Beginner,Mixed,6.1,4,4,1,72,Upper Body,1,50,552,1
U4617,32,Female,177,53.3,17,Lose Weight,Intermediate,Home,6.9,10,4,0.89,66,Cardio,2,40,391,1
U4618,25,Female,165,49.8,18.3,Gain Strength,Beginner,Gym,6.9,7,6,0.57,79,Pull,1,62,542,1
U4619,32,Male,191,101.1,27.7,Gain Strength,Advanced,Gym,5.9,6,0,0.59,83,Upper Body,3,42,318,1
U4620,38,Female,182,69.2,20.9,Gain Strength,Intermediate,Home,5.9,10,4,0.51,77,Legs,2,71,737,0
U4621,45,Female,175,79,25.8,Lose Weight,Beginner,Gym,6.3,8,1,0.72,94,Full Body,1,59,581,1
U4622,43,Male,176,63.2,20.4,Build Muscle,Intermediate,Home,5,5,5,0.8,70,Pull,2,63,690,1
U4623,32,Male,190,77.6,21.5,Lose Weight,Advanced,Gym,7.8,6,3,0.87,38,Cardio,3,35,293,1
U4624,26,Male,177,68.3,21.8,Lose Weight,Intermediate,Home,9.5,0,4,0.83,82,Cardio,2,34,384,1
U4625,23,Female,150,66.1,29.4,Lose Weight,Beginner,Home,7.1,7,0,0.86,82,Cardio,1,34,231,1
U4626,45,Male,182,88.8,26.8,Lose Weight,Intermediate,Gym,6.7,5,5,0.75,63,Full Body,2,55,508,1
U4627,39,Male,159,62.2,24.6,Build Muscle,Beginner,Mixed,5.8,9,5,0.58,67,Pull,1,57,505,1
U4628,27,Male,180,66.4,20.5,Improve Fitness,Beginner,Gym,6.5,6,6,0.69,78,Recovery,1,31,346,1
U4629,28,Female,187,99.7,28.5,Build Muscle,Intermediate,Home,6.6,9,0,0.96,86,Pull,2,67,513,1
U4630,31,Female,182,88.1,26.6,Lose Weight,Beginner,Gym,7.3,4,2,0.78,89,Cardio,1,40,333,1
U4631,30,Female,179,94.8,29.6,Build Muscle,Beginner,Gym,8.6,6,6,0.73,80,Lower Body,1,48,327,1
U4632,43,Female,159,76.1,30.1,Build Muscle,Advanced,Gym,6.4,6,2,0.66,72,Upper Body,3,40,313,1
U4633,29,Male,183,94.8,28.3,Build Muscle,Advanced,Gym,8.1,3,4,0.68,49,Push,3,56,620,1
U4634,20,Male,152,58.9,25.5,Build Muscle,Intermediate,Gym,6.1,2,3,0.45,53,Upper Body,2,62,630,1
U4635,35,Male,186,89.6,25.9,Gain Strength,Intermediate,Gym,8.6,9,0,0.73,75,Lower Body,2,61,470,1
U4636,43,Female,158,73.6,29.5,Build Muscle,Advanced,Gym,5.4,8,3,0.81,71,Pull,3,67,471,1
U4637,34,Male,150,60.5,26.9,Improve Fitness,Beginner,Mixed,6.6,8,0,0.57,74,Cardio,1,38,340,0
U4638,30,Male,193,117,31.4,Gain Strength,Beginner,Gym,8,1,0,0.63,51,Legs,1,63,639,1
U4639,29,Male,155,41.8,17.4,Improve Fitness,Beginner,Gym,8.5,8,6,0.55,67,Cardio,1,39,393,1
U4640,40,Male,186,103.8,30,Build Muscle,Beginner,Gym,5.3,7,0,0.99,68,Upper Body,1,57,392,1
U4641,38,Male,168,55.6,19.7,Build Muscle,Intermediate,Mixed,6.8,1,3,0.59,78,Push,2,45,356,1
U4642,45,Female,164,58.6,21.8,Build Muscle,Intermediate,Gym,5,2,1,0.68,51,Pull,2,68,695,1
U4643,23,Female,166,70,25.4,Build Muscle,Beginner,Gym,5.8,8,6,0.63,74,Legs,1,53,419,1
U4644,20,Female,177,73.9,23.6,Build Muscle,Beginner,Gym,7.4,5,3,0.84,54,Legs,1,56,526,1
U4645,38,Male,167,67.5,24.2,Build Muscle,Beginner,Gym,4.5,3,2,0.76,67,Upper Body,1,40,370,1
U4646,40,Female,180,66.1,20.4,Build Muscle,Intermediate,Gym,7.4,8,6,0.93,64,Push,2,58,583,1
U4647,21,Female,161,53.1,20.5,Build Muscle,Beginner,Home,7.3,7,3,0.48,62,Full Body,1,49,379,0
U4648,22,Female,157,73,29.6,Build Muscle,Advanced,Mixed,7.2,10,5,0.38,45,Pull,3,68,614,0
U4649,18,Female,191,91.9,25.2,Lose Weight,Beginner,Gym,8,2,1,0.43,78,Recovery,1,24,252,1
U4650,26,Male,162,79,30.1,Lose Weight,Intermediate,Gym,9.2,1,1,0.78,79,Cardio,2,45,330,1
U4651,20,Male,150,38.2,17,Gain Strength,Advanced,Gym,9.4,9,4,0.62,57,Lower Body,3,56,433,1
U4652,43,Female,163,62.2,23.4,Build Muscle,Intermediate,Gym,8.8,2,2,1,73,Push,2,60,534,1
U4653,35,Male,181,94,28.7,Build Muscle,Beginner,Mixed,7.1,8,2,0.53,94,Push,1,61,647,1
U4654,23,Male,184,74.1,21.9,Build Muscle,Advanced,Gym,8.8,2,1,0.95,81,Upper Body,3,59,518,1
U4655,40,Female,186,111.4,32.2,Build Muscle,Beginner,Home,9.5,1,2,0.69,59,Full Body,1,52,460,1
U4656,40,Female,189,60.7,17,Gain Strength,Intermediate,Gym,9.5,1,1,0.64,89,Pull,2,67,512,1
U4657,22,Female,184,72.5,21.4,Improve Fitness,Beginner,Gym,8.8,5,2,0.59,54,Recovery,1,25,274,1
U4658,43,Female,155,56.7,23.6,Gain Strength,Beginner,Home,6.5,10,3,0.83,71,Push,1,70,715,1
U4659,19,Male,173,81.1,27.1,Build Muscle,Beginner,Gym,6.8,5,4,0.6,63,Push,1,53,511,1
U4660,29,Female,184,112.1,33.1,Improve Fitness,Advanced,Home,7.3,6,3,0.36,64,Full Body,3,48,402,0
U4661,20,Female,169,71.1,24.9,Build Muscle,Advanced,Gym,9.1,8,6,0.91,58,Legs,3,73,528,1
U4662,40,Female,170,100.3,34.7,Gain Strength,Beginner,Gym,7.1,3,3,0.94,54,Upper Body,1,42,438,1
U4663,26,Male,150,38.2,17,Gain Strength,Intermediate,Gym,5.6,1,6,0.2,100,Push,2,50,364,1
U4664,29,Female,186,87.9,25.4,Gain Strength,Beginner,Home,6.1,9,5,0.8,74,Upper Body,1,61,658,1
U4665,20,Female,188,95.8,27.1,Build Muscle,Beginner,Gym,8.4,9,4,0.67,58,Full Body,1,46,421,1
U4666,37,Male,151,63.8,28,Improve Fitness,Beginner,Gym,8,8,0,0.74,100,Cardio,1,31,285,1
U4667,37,Male,162,59.6,22.7,Improve Fitness,Advanced,Gym,6.1,6,3,0.8,61,Cardio,3,42,421,1
U4668,32,Female,150,59.8,26.6,Build Muscle,Intermediate,Home,6.2,10,3,0.65,100,Pull,2,48,417,1
U4669,30,Female,156,55.5,22.8,Build Muscle,Intermediate,Gym,6.2,2,6,0.93,56,Lower Body,2,48,396,1
U4670,29,Male,188,76.3,21.6,Build Muscle,Intermediate,Mixed,7.7,6,3,0.89,90,Upper Body,2,54,379,1
U4671,22,Female,183,71.7,21.4,Lose Weight,Intermediate,Gym,7.8,10,6,0.64,62,Full Body,2,47,314,1
U4672,44,Male,151,67.5,29.6,Lose Weight,Intermediate,Gym,6.5,6,1,0.77,74,Cardio,2,40,408,1
U4673,44,Male,160,51.2,20,Gain Strength,Intermediate,Gym,8.2,5,6,0.82,42,Push,2,53,468,1
U4674,43,Male,153,60.2,25.7,Build Muscle,Intermediate,Gym,6.2,5,4,0.92,50,Legs,2,55,597,1
U4675,35,Female,178,72.9,23,Lose Weight,Advanced,Gym,7.5,9,3,0.73,83,Cardio,3,32,261,1
U4676,38,Female,169,51.7,18.1,Improve Fitness,Beginner,Home,8.9,5,1,0.81,92,Lower Body,1,65,663,1
U4677,43,Male,179,90.4,28.2,Improve Fitness,Beginner,Gym,7.1,5,5,0.49,63,Full Body,1,49,523,1
U4678,42,Female,180,101.1,31.2,Lose Weight,Intermediate,Gym,8.6,5,6,0.61,30,Full Body,2,48,417,1
U4679,25,Female,164,63.5,23.6,Build Muscle,Intermediate,Home,6.8,8,0,0.68,79,Lower Body,2,53,389,1
U4680,45,Male,172,83.4,28.2,Build Muscle,Beginner,Gym,8.2,10,3,0.8,44,Push,1,61,638,1
U4681,31,Male,162,60.6,23.1,Build Muscle,Intermediate,Mixed,9.5,7,6,0.79,77,Lower Body,2,44,427,1
U4682,19,Male,160,66.6,26,Build Muscle,Advanced,Gym,7.6,4,6,0.29,68,Full Body,3,49,544,1
U4683,40,Female,164,65.4,24.3,Build Muscle,Intermediate,Gym,8.5,4,5,0.73,47,Legs,2,73,545,1
U4684,21,Female,184,89,26.3,Improve Fitness,Intermediate,Gym,6.2,4,4,0.5,59,Full Body,2,58,594,0
U4685,30,Female,162,70.3,26.8,Lose Weight,Beginner,Gym,8.5,2,1,0.81,81,Cardio,1,44,467,1
U4686,44,Female,171,77.5,26.5,Lose Weight,Advanced,Mixed,7.2,1,1,0.85,35,Recovery,3,31,231,1
U4687,18,Male,180,81,25,Lose Weight,Beginner,Mixed,6,4,5,0.93,69,Full Body,1,53,533,1
U4688,22,Female,162,64.6,24.6,Lose Weight,Intermediate,Gym,5.4,1,5,0.9,81,Cardio,2,39,376,1
U4689,32,Female,174,81.1,26.8,Build Muscle,Advanced,Home,6.2,2,1,0.58,75,Full Body,3,45,313,1
U4690,30,Female,164,58.1,21.6,Improve Fitness,Intermediate,Gym,7.6,5,0,0.33,64,Lower Body,2,44,496,0
U4691,37,Male,178,101.4,32,Gain Strength,Beginner,Home,7.6,9,5,0.75,100,Legs,1,53,512,1
U4692,40,Male,155,40.8,17,Lose Weight,Intermediate,Home,6.2,3,0,0.65,84,Cardio,2,49,327,1
U4693,44,Female,161,73.1,28.2,Lose Weight,Beginner,Home,6.1,6,3,0.9,65,Full Body,1,42,317,1
U4694,39,Male,158,73.9,29.6,Lose Weight,Intermediate,Gym,6,9,1,0.7,64,Full Body,2,50,457,1
U4695,35,Male,181,94.7,28.9,Gain Strength,Beginner,Mixed,6.5,6,2,0.71,79,Legs,1,56,519,1
U4696,21,Female,177,84,26.8,Build Muscle,Beginner,Mixed,8.1,4,2,0.76,65,Upper Body,1,42,358,1
U4697,41,Female,193,85.7,23,Gain Strength,Intermediate,Mixed,7.1,8,1,0.76,69,Push,2,66,524,1
U4698,32,Female,184,83.3,24.6,Build Muscle,Beginner,Home,5.4,9,6,0.84,74,Lower Body,1,43,414,1
U4699,32,Male,189,102.5,28.7,Gain Strength,Beginner,Gym,7.1,0,3,0.41,66,Push,1,53,461,1
U4700,43,Female,192,87.4,23.7,Lose Weight,Advanced,Gym,7.9,9,2,0.35,72,Cardio,3,50,533,1
U4701,32,Male,150,60.1,26.7,Gain Strength,Intermediate,Gym,6.4,10,1,0.73,62,Push,2,52,404,0
U4702,35,Female,160,54.8,21.4,Build Muscle,Intermediate,Mixed,6.7,3,4,0.59,82,Push,2,51,569,1
U4703,36,Male,182,70.9,21.4,Gain Strength,Beginner,Mixed,6.1,5,0,1,86,Legs,1,45,380,1
U4704,21,Female,156,41.4,17,Gain Strength,Beginner,Gym,6.3,8,2,0.76,76,Pull,1,67,661,1
U4705,40,Male,169,52,18.2,Build Muscle,Intermediate,Gym,8.4,4,2,0.87,79,Lower Body,2,54,443,1
U4706,38,Male,154,71.6,30.2,Build Muscle,Beginner,Gym,7.6,8,2,0.8,95,Pull,1,49,336,1
U4707,37,Female,185,99.6,29.1,Build Muscle,Beginner,Mixed,6.2,5,4,0.83,62,Pull,1,49,493,1
U4708,23,Female,154,63.1,26.6,Gain Strength,Beginner,Mixed,7.6,9,3,0.47,70,Push,1,67,562,0
U4709,31,Female,168,72.3,25.6,Build Muscle,Advanced,Home,6.6,9,5,0.78,84,Legs,3,58,570,1
U4710,37,Female,187,85.3,24.4,Build Muscle,Beginner,Gym,7.3,5,2,0.97,79,Full Body,1,45,389,1
U4711,26,Female,177,79.3,25.3,Lose Weight,Intermediate,Gym,6,10,2,0.84,76,Recovery,2,29,213,1
U4712,21,Male,189,106.8,29.9,Gain Strength,Advanced,Gym,7.2,7,1,0.39,46,Push,3,52,589,0
U4713,41,Female,172,81.7,27.6,Build Muscle,Beginner,Mixed,6.5,9,2,0.8,73,Lower Body,1,54,393,1
U4714,35,Female,187,83.2,23.8,Lose Weight,Advanced,Home,7,8,5,0.56,71,Recovery,3,33,280,1
U4715,39,Female,161,57,22,Lose Weight,Beginner,Gym,6.7,3,0,0.66,68,Cardio,1,43,480,1
U4716,25,Female,151,64.8,28.4,Lose Weight,Beginner,Mixed,7,2,0,0.9,95,Cardio,1,31,202,1
U4717,32,Male,188,99.3,28.1,Improve Fitness,Intermediate,Home,7.7,1,0,0.78,84,Recovery,2,31,257,1
U4718,26,Male,168,70.3,24.9,Lose Weight,Beginner,Gym,8.2,0,2,0.83,66,Cardio,1,45,496,1
U4719,34,Female,181,92.7,28.3,Gain Strength,Intermediate,Mixed,7.2,1,2,0.7,64,Upper Body,2,43,322,1
U4720,38,Male,190,91,25.2,Build Muscle,Intermediate,Gym,8.2,0,2,0.88,77,Upper Body,2,62,499,1
U4721,42,Male,169,77.1,27,Build Muscle,Beginner,Mixed,8.5,9,1,0.69,55,Upper Body,1,54,378,1
U4722,28,Male,178,95.1,30,Build Muscle,Beginner,Gym,6.5,7,4,0.6,45,Pull,1,57,389,1
U4723,40,Male,156,65.5,26.9,Improve Fitness,Intermediate,Gym,5.3,5,1,0.58,80,Full Body,2,53,387,0
U4724,31,Male,167,76.7,27.5,Gain Strength,Beginner,Gym,6.4,0,0,0.7,58,Lower Body,1,65,509,1
U4725,39,Male,167,61.9,22.2,Build Muscle,Beginner,Home,7.4,0,6,0.63,68,Push,1,53,526,1
U4726,36,Female,156,44.5,18.3,Improve Fitness,Advanced,Gym,8.3,2,1,0.81,83,Upper Body,3,65,597,1
U4727,26,Female,150,67.3,29.9,Lose Weight,Beginner,Gym,6.2,9,1,0.66,43,Full Body,1,48,351,0
U4728,26,Male,193,134.1,36,Build Muscle,Intermediate,Mixed,6.9,6,4,0.91,53,Lower Body,2,44,488,1
U4729,18,Female,194,108,28.7,Build Muscle,Intermediate,Gym,9.1,3,5,0.71,56,Push,2,58,595,1
U4730,26,Female,164,64.3,23.9,Lose Weight,Advanced,Mixed,4.7,0,4,0.71,84,Cardio,3,36,324,1
U4731,22,Female,167,67.8,24.3,Build Muscle,Advanced,Gym,6.8,3,3,0.81,81,Upper Body,3,61,665,1
U4732,43,Female,188,61.9,17.5,Build Muscle,Beginner,Gym,7.2,5,1,1,51,Lower Body,1,57,590,1
U4733,45,Male,165,65.6,24.1,Gain Strength,Beginner,Mixed,9.2,0,0,0.92,64,Upper Body,1,60,609,1
U4734,35,Male,190,91.7,25.4,Build Muscle,Beginner,Gym,7.1,0,4,0.59,70,Push,1,49,471,1
U4735,24,Female,184,78.9,23.3,Gain Strength,Intermediate,Mixed,7.2,2,1,0.59,52,Push,2,53,577,1
U4736,45,Male,183,81.4,24.3,Build Muscle,Intermediate,Home,9,1,2,0.73,67,Upper Body,2,61,435,1
U4737,34,Female,177,86.8,27.7,Gain Strength,Advanced,Gym,6.9,9,4,1,71,Legs,3,57,637,1
U4738,21,Male,191,100,27.4,Build Muscle,Advanced,Home,6.3,10,6,0.81,76,Push,3,54,480,1
U4739,40,Male,166,67,24.3,Improve Fitness,Advanced,Mixed,6.5,10,4,0.61,76,Recovery,3,28,302,1
U4740,24,Male,163,72,27.1,Lose Weight,Intermediate,Mixed,7,10,0,0.77,71,Full Body,2,47,399,1
U4741,18,Male,150,56,24.9,Lose Weight,Intermediate,Gym,6.9,6,5,0.72,100,Full Body,2,56,631,1
U4742,41,Female,179,82.7,25.8,Gain Strength,Beginner,Gym,7.8,3,4,0.8,68,Pull,1,68,752,1
U4743,27,Male,170,86.4,29.9,Lose Weight,Intermediate,Home,6.8,7,3,0.91,66,Lower Body,2,41,361,1
U4744,38,Female,159,51.8,20.5,Build Muscle,Beginner,Home,7.5,9,2,0.52,80,Push,1,55,424,1
U4745,32,Male,153,45.6,19.5,Build Muscle,Advanced,Home,6.7,0,0,0.46,100,Push,3,55,597,1
U4746,33,Male,173,52.7,17.6,Build Muscle,Advanced,Gym,7.1,4,6,0.93,87,Pull,3,57,518,1
U4747,44,Male,165,76.5,28.1,Build Muscle,Beginner,Gym,6.8,9,6,0.96,85,Push,1,51,453,1
U4748,21,Female,195,96.6,25.4,Build Muscle,Intermediate,Mixed,7.4,3,4,0.67,58,Upper Body,2,51,383,1
U4749,44,Male,178,94.1,29.7,Gain Strength,Beginner,Mixed,8.5,9,2,0.56,69,Upper Body,1,63,443,1
U4750,37,Female,194,90,23.9,Lose Weight,Intermediate,Home,7.1,3,1,0.73,86,Full Body,2,56,429,1
U4751,43,Female,163,56.9,21.4,Improve Fitness,Beginner,Gym,6.2,2,0,0.94,65,Full Body,1,57,433,1
U4752,20,Female,187,67.1,19.2,Build Muscle,Intermediate,Gym,6.6,6,3,0.66,95,Push,2,68,722,1
U4753,36,Male,157,70,28.4,Lose Weight,Beginner,Gym,8.4,4,5,0.87,86,Cardio,1,40,458,1
U4754,41,Male,183,72.3,21.6,Lose Weight,Beginner,Gym,6.9,3,0,0.54,68,Cardio,1,35,287,1
U4755,23,Female,192,101,27.4,Build Muscle,Beginner,Gym,7.2,4,1,0.96,54,Pull,1,50,514,1
U4756,43,Female,158,66.4,26.6,Lose Weight,Intermediate,Home,5.7,8,5,0.74,83,Cardio,2,41,334,1
U4757,32,Female,153,55.2,23.6,Lose Weight,Intermediate,Gym,7.7,10,4,0.55,47,Recovery,2,35,255,0
U4758,22,Male,181,87.8,26.8,Lose Weight,Beginner,Home,9,5,1,0.54,90,Lower Body,1,41,365,1
U4759,40,Female,184,83.6,24.7,Build Muscle,Advanced,Mixed,5.6,8,6,0.52,72,Full Body,3,55,490,1
U4760,41,Male,163,60.6,22.8,Improve Fitness,Beginner,Gym,5.7,8,0,0.42,59,Cardio,1,49,389,0
U4761,29,Female,192,93.3,25.3,Gain Strength,Intermediate,Gym,7.1,4,3,0.63,75,Lower Body,2,49,387,1
U4762,32,Female,154,68.5,28.9,Lose Weight,Beginner,Mixed,7.5,8,3,0.7,85,Full Body,1,40,354,1
U4763,37,Male,162,53.8,20.5,Lose Weight,Beginner,Home,6.9,5,5,0.68,53,Full Body,1,57,531,1
U4764,37,Male,161,58.8,22.7,Lose Weight,Beginner,Mixed,4.8,2,3,1,57,Cardio,1,41,301,1
U4765,40,Female,156,75.9,31.2,Lose Weight,Beginner,Gym,7.1,8,6,0.82,64,Cardio,1,45,298,1
U4766,21,Male,172,75.1,25.4,Improve Fitness,Beginner,Gym,7.8,3,1,0.84,83,Full Body,1,45,358,1
U4767,37,Female,192,84.8,23,Lose Weight,Advanced,Home,6.6,8,1,0.43,79,Cardio,3,45,429,1
U4768,33,Female,155,69.7,29,Build Muscle,Beginner,Mixed,8.9,8,6,0.77,60,Pull,1,67,601,1
U4769,37,Male,185,59.6,17.4,Build Muscle,Beginner,Home,8.2,0,4,0.4,66,Upper Body,1,56,389,1
U4770,36,Female,152,54.5,23.6,Lose Weight,Beginner,Gym,7,10,2,0.73,74,Full Body,1,41,443,1
U4771,35,Female,195,64.6,17,Gain Strength,Intermediate,Gym,7.1,2,6,0.32,82,Lower Body,2,50,479,1
U4772,40,Male,192,81.8,22.2,Build Muscle,Intermediate,Mixed,4.7,2,2,0.57,63,Pull,2,65,426,1
U4773,36,Female,184,99.9,29.5,Build Muscle,Beginner,Gym,7.3,7,1,0.78,89,Pull,1,51,412,1
U4774,20,Female,162,63.2,24.1,Lose Weight,Beginner,Gym,7.9,7,4,0.84,52,Recovery,1,20,143,1
U4775,37,Male,181,100.6,30.7,Lose Weight,Intermediate,Gym,5.5,1,2,0.89,49,Full Body,2,48,331,1
U4776,37,Female,174,81.7,27,Build Muscle,Intermediate,Gym,9.1,8,2,0.68,68,Legs,2,70,533,1
U4777,28,Female,152,62.6,27.1,Gain Strength,Beginner,Home,6.7,5,0,1,74,Push,1,65,501,1
U4778,35,Male,172,68.6,23.2,Lose Weight,Beginner,Gym,6.5,0,5,0.55,62,Recovery,1,28,266,1
U4779,20,Female,160,58.9,23,Lose Weight,Advanced,Mixed,6.6,0,4,0.6,100,Full Body,3,52,454,1
U4780,36,Female,156,49.2,20.2,Gain Strength,Beginner,Gym,7.3,8,5,0.83,81,Legs,1,51,484,1
U4781,33,Male,177,76.1,24.3,Gain Strength,Intermediate,Gym,6.8,6,2,0.8,75,Push,2,54,399,1
U4782,33,Female,182,77.5,23.4,Gain Strength,Beginner,Gym,5.4,7,5,0.64,54,Legs,1,70,573,0
U4783,41,Male,169,62,21.7,Lose Weight,Beginner,Gym,7.1,3,1,0.78,98,Lower Body,1,53,440,1
U4784,33,Female,153,52,22.2,Improve Fitness,Advanced,Gym,8,6,1,0.78,91,Full Body,3,41,297,1
U4785,19,Female,166,74.1,26.9,Lose Weight,Intermediate,Gym,6,4,5,0.41,76,Recovery,2,21,227,1
U4786,25,Female,171,65.2,22.3,Build Muscle,Intermediate,Gym,6,8,1,0.49,74,Upper Body,2,47,341,0
U4787,45,Female,182,102,30.8,Build Muscle,Intermediate,Gym,6.7,10,1,0.83,70,Upper Body,2,55,480,1
U4788,40,Male,152,44.1,19.1,Lose Weight,Beginner,Mixed,7.9,1,0,0.52,72,Cardio,1,35,325,1
U4789,34,Female,166,63.7,23.1,Build Muscle,Intermediate,Home,8.1,1,3,0.53,77,Full Body,2,55,594,1
U4790,37,Female,160,53.8,21,Lose Weight,Intermediate,Gym,6.5,9,0,0.2,100,Cardio,2,41,281,0
U4791,36,Female,175,82.1,26.8,Gain Strength,Advanced,Gym,6.3,4,1,0.52,64,Legs,3,71,732,1
U4792,33,Male,157,67.8,27.5,Lose Weight,Intermediate,Mixed,5,4,3,0.69,98,Cardio,2,39,398,1
U4793,18,Female,185,67.4,19.7,Gain Strength,Advanced,Gym,7.2,2,1,1,81,Pull,3,60,641,1
U4794,27,Male,190,90.2,25,Build Muscle,Intermediate,Home,7.7,7,2,0.65,91,Push,2,62,522,1
U4795,39,Male,162,59.8,22.8,Lose Weight,Intermediate,Mixed,4.9,3,5,0.65,57,Cardio,2,31,347,1
U4796,42,Female,163,61.9,23.3,Improve Fitness,Beginner,Gym,6.8,10,0,0.94,82,Full Body,1,58,584,1
U4797,29,Male,170,74,25.6,Build Muscle,Advanced,Home,7.1,3,0,0.53,39,Push,3,63,658,1
U4798,37,Female,166,68.9,25,Lose Weight,Intermediate,Home,8,4,2,0.7,63,Cardio,2,30,276,1
U4799,33,Male,190,95.7,26.5,Lose Weight,Beginner,Home,7,6,0,1,90,Lower Body,1,41,325,1
U4800,35,Female,188,100.7,28.5,Lose Weight,Beginner,Gym,7.9,0,4,0.49,81,Cardio,1,40,346,1
U4801,40,Female,159,66,26.1,Build Muscle,Intermediate,Mixed,7.8,10,2,0.81,78,Lower Body,2,55,416,1
U4802,41,Male,189,127.9,35.8,Build Muscle,Advanced,Home,7,9,6,0.89,64,Push,3,66,664,1
U4803,28,Male,185,95.1,27.8,Lose Weight,Intermediate,Mixed,8.1,5,0,0.79,97,Full Body,2,44,294,1
U4804,34,Male,194,78.3,20.8,Build Muscle,Advanced,Gym,6.6,7,1,0.76,85,Lower Body,3,49,371,1
U4805,25,Male,194,95.2,25.3,Gain Strength,Intermediate,Gym,8.5,2,2,0.6,54,Push,2,51,520,1
U4806,25,Male,154,61.2,25.8,Build Muscle,Advanced,Gym,7,7,2,0.82,71,Full Body,3,56,446,1
U4807,20,Female,194,86.9,23.1,Build Muscle,Beginner,Gym,7,0,6,0.73,67,Full Body,1,48,322,1
U4808,35,Male,187,82.5,23.6,Lose Weight,Intermediate,Mixed,6.7,0,5,0.87,74,Full Body,2,41,369,1
U4809,39,Female,173,101.8,34,Build Muscle,Intermediate,Gym,7.3,5,1,0.62,100,Lower Body,2,62,537,1
U4810,42,Female,169,74.8,26.2,Improve Fitness,Intermediate,Gym,8.2,5,0,0.83,81,Full Body,2,51,486,1
U4811,22,Male,161,69.2,26.7,Build Muscle,Beginner,Home,5.9,5,1,0.79,52,Push,1,62,459,1
U4812,18,Male,192,87.7,23.8,Build Muscle,Advanced,Gym,6.3,3,0,0.78,77,Push,3,52,435,1
U4813,42,Male,154,62.8,26.5,Improve Fitness,Beginner,Gym,7.4,3,5,0.61,68,Cardio,1,45,453,1
U4814,31,Female,184,96.2,28.4,Lose Weight,Beginner,Mixed,8.3,6,2,0.51,49,Cardio,1,49,458,1
U4815,25,Male,190,77.3,21.4,Build Muscle,Intermediate,Gym,8.2,5,4,0.94,58,Full Body,2,49,527,1
U4816,24,Female,184,87.3,25.8,Lose Weight,Beginner,Gym,9.1,5,0,0.79,93,Cardio,1,33,221,1
U4817,27,Male,185,98.2,28.7,Lose Weight,Intermediate,Home,6.1,6,0,0.69,72,Cardio,2,32,302,1
U4818,18,Male,161,64.5,24.9,Improve Fitness,Intermediate,Home,8.1,5,6,0.79,30,Cardio,2,35,363,1
U4819,30,Female,176,58.9,19,Lose Weight,Beginner,Gym,4.7,2,6,0.75,75,Full Body,1,59,600,1
U4820,40,Male,192,94.7,25.7,Build Muscle,Intermediate,Gym,6,7,6,0.84,82,Pull,2,49,517,1
U4821,43,Male,169,54.8,19.2,Lose Weight,Intermediate,Mixed,5.5,0,2,0.72,98,Full Body,2,42,285,1
U4822,38,Female,175,96.8,31.6,Build Muscle,Intermediate,Home,7.7,8,5,0.59,85,Pull,2,63,705,1
U4823,24,Female,151,51.5,22.6,Gain Strength,Beginner,Gym,6.3,9,1,0.33,73,Push,1,49,553,0
U4824,36,Female,162,57.5,21.9,Build Muscle,Beginner,Gym,7.2,0,2,0.31,74,Pull,1,69,672,1
U4825,44,Female,194,64,17,Build Muscle,Intermediate,Gym,8.3,8,5,0.81,67,Push,2,52,507,1
U4826,42,Female,158,67.2,26.9,Gain Strength,Intermediate,Gym,6,8,6,0.73,83,Pull,2,62,443,1
U4827,32,Female,174,51.5,17,Gain Strength,Beginner,Home,6.6,0,3,0.72,69,Upper Body,1,46,466,1
U4828,44,Female,166,84.3,30.6,Improve Fitness,Beginner,Mixed,5.9,9,0,0.61,43,Cardio,1,39,441,0
U4829,24,Male,176,95.4,30.8,Build Muscle,Beginner,Gym,6.8,7,0,0.64,71,Push,1,59,622,1
U4830,32,Male,171,79.5,27.2,Build Muscle,Beginner,Mixed,7.5,2,2,1,78,Full Body,1,59,432,1
U4831,28,Male,171,65.8,22.5,Build Muscle,Advanced,Gym,6.5,7,2,0.65,49,Upper Body,3,43,478,1
U4832,18,Female,183,82.7,24.7,Improve Fitness,Advanced,Home,8,5,1,0.61,59,Full Body,3,45,295,1
U4833,22,Male,192,113.9,30.9,Improve Fitness,Beginner,Mixed,5.5,0,1,0.35,54,Full Body,1,46,381,0
U4834,19,Male,158,44.9,18,Build Muscle,Intermediate,Gym,7.5,8,1,0.66,68,Pull,2,69,623,1
U4835,41,Female,189,104.7,29.3,Build Muscle,Intermediate,Gym,6.3,5,6,0.86,94,Upper Body,2,63,487,1
U4836,23,Female,181,74,22.6,Lose Weight,Intermediate,Gym,7.9,4,6,0.68,85,Lower Body,2,52,366,1
U4837,31,Female,164,48.1,17.9,Build Muscle,Beginner,Home,5.3,0,4,0.65,58,Push,1,57,596,1
U4838,32,Male,172,66,22.3,Gain Strength,Beginner,Home,6.9,1,5,0.85,65,Lower Body,1,52,429,1
U4839,23,Female,180,68,21,Gain Strength,Intermediate,Home,6.7,9,0,0.58,57,Legs,2,52,445,0
U4840,44,Male,164,47.6,17.7,Build Muscle,Intermediate,Gym,7.2,5,0,0.62,86,Pull,2,64,544,1
U4841,28,Female,178,58.3,18.4,Lose Weight,Intermediate,Gym,6.5,6,0,1,57,Cardio,2,37,388,1
U4842,44,Female,187,82.2,23.5,Gain Strength,Intermediate,Gym,5.8,2,2,0.48,95,Upper Body,2,55,564,1
U4843,38,Male,189,90,25.2,Build Muscle,Advanced,Gym,7.2,1,5,0.41,77,Pull,3,69,788,1
U4844,44,Female,162,77.2,29.4,Build Muscle,Intermediate,Gym,8.4,1,3,0.84,55,Upper Body,2,59,661,1
U4845,39,Male,182,85.5,25.8,Gain Strength,Intermediate,Gym,7.8,1,2,0.4,55,Pull,2,69,470,0
U4846,43,Female,195,107.2,28.2,Improve Fitness,Intermediate,Home,8.1,10,6,0.44,83,Full Body,2,49,353,1
U4847,32,Female,151,56.8,24.9,Build Muscle,Beginner,Gym,8,2,4,0.61,81,Upper Body,1,41,314,1
U4848,32,Female,164,75.3,28,Improve Fitness,Intermediate,Mixed,6.7,0,0,0.72,62,Full Body,2,52,500,1
U4849,26,Female,161,81.4,31.4,Lose Weight,Advanced,Gym,7,5,0,0.55,61,Full Body,3,53,590,1
U4850,42,Male,187,87.4,25,Lose Weight,Intermediate,Home,7.9,3,2,0.48,99,Cardio,2,42,319,1
U4851,29,Female,184,87.3,25.8,Lose Weight,Intermediate,Mixed,7.6,10,0,0.7,72,Full Body,2,56,405,1
U4852,27,Female,152,55.2,23.9,Lose Weight,Advanced,Gym,8.2,7,0,0.72,83,Full Body,3,44,442,1
U4853,43,Male,174,68.7,22.7,Build Muscle,Beginner,Mixed,7.3,8,6,0.58,90,Lower Body,1,45,480,1
U4854,34,Female,181,68.8,21,Gain Strength,Advanced,Gym,6.7,0,5,0.66,66,Upper Body,3,58,458,1
U4855,25,Female,175,84.2,27.5,Gain Strength,Beginner,Mixed,6.8,8,2,0.97,59,Legs,1,55,395,1
U4856,37,Female,171,73.7,25.2,Gain Strength,Intermediate,Gym,6.2,10,3,0.8,71,Lower Body,2,57,634,1
U4857,40,Female,157,58.7,23.8,Lose Weight,Intermediate,Mixed,8.4,4,1,0.6,80,Lower Body,2,40,394,1
U4858,32,Male,179,68.2,21.3,Build Muscle,Beginner,Gym,7.2,8,0,0.5,62,Legs,1,71,568,0
U4859,30,Female,177,75.8,24.2,Lose Weight,Intermediate,Home,9.1,3,3,0.74,96,Cardio,2,36,393,1
U4860,24,Male,168,71.7,25.4,Improve Fitness,Beginner,Gym,6.7,7,4,1,78,Upper Body,1,58,590,1
U4861,33,Male,155,52.4,21.8,Build Muscle,Beginner,Home,7.6,9,6,0.67,42,Full Body,1,60,392,1
U4862,23,Male,187,99.3,28.4,Gain Strength,Intermediate,Home,8.3,0,0,1,78,Pull,2,60,392,1
U4863,35,Female,153,55,23.5,Improve Fitness,Advanced,Home,8,9,5,0.87,96,Full Body,3,59,554,1
U4864,41,Female,189,86.8,24.3,Build Muscle,Intermediate,Home,6.9,8,1,0.59,80,Push,2,52,532,1
U4865,41,Male,194,67.7,18,Lose Weight,Beginner,Mixed,8,4,3,0.83,80,Full Body,1,49,396,1
U4866,21,Male,191,91.6,25.1,Build Muscle,Beginner,Mixed,8.8,9,2,0.88,62,Upper Body,1,63,563,1
U4867,34,Female,195,83.7,22,Gain Strength,Advanced,Gym,6.1,10,1,0.82,56,Push,3,70,623,1
U4868,25,Male,159,73.6,29.1,Gain Strength,Advanced,Home,8.6,7,2,0.56,69,Lower Body,3,64,514,1
U4869,21,Male,182,81.5,24.6,Improve Fitness,Beginner,Home,8.1,4,2,1,46,Full Body,1,49,341,1
U4870,33,Female,185,79.4,23.2,Build Muscle,Intermediate,Gym,6.8,3,4,0.47,64,Push,2,64,607,1
U4871,20,Male,168,74.2,26.3,Lose Weight,Intermediate,Gym,6.8,9,5,0.44,100,Lower Body,2,49,353,1
U4872,19,Female,188,90.5,25.6,Gain Strength,Beginner,Gym,7.2,6,6,0.52,75,Push,1,62,647,1
U4873,44,Female,155,57.2,23.8,Gain Strength,Advanced,Home,5,7,5,0.53,83,Push,3,54,450,1
U4874,40,Male,153,76.5,32.7,Improve Fitness,Intermediate,Mixed,7.5,1,0,0.92,69,Upper Body,2,41,337,1
U4875,21,Female,176,74.7,24.1,Lose Weight,Intermediate,Gym,8.3,1,2,1,91,Lower Body,2,51,401,1
U4876,36,Male,173,59.9,20,Gain Strength,Intermediate,Home,7,9,5,0.77,68,Pull,2,49,387,1
U4877,24,Male,183,87.4,26.1,Gain Strength,Intermediate,Mixed,8,5,1,0.9,97,Pull,2,54,534,1
U4878,28,Male,161,59.9,23.1,Gain Strength,Beginner,Gym,5.6,7,0,0.78,100,Push,1,62,669,1
U4879,18,Female,161,58.3,22.5,Lose Weight,Intermediate,Home,7.9,5,3,0.85,74,Lower Body,2,52,363,1
U4880,25,Female,167,68.3,24.5,Build Muscle,Intermediate,Home,6.1,1,5,0.31,55,Upper Body,2,63,614,1
U4881,38,Female,164,61.6,22.9,Build Muscle,Beginner,Gym,8.3,0,1,0.7,64,Full Body,1,57,559,1
U4882,29,Male,171,60.8,20.8,Build Muscle,Advanced,Gym,7.8,2,2,0.96,87,Full Body,3,59,634,1
U4883,26,Male,178,85.5,27,Improve Fitness,Beginner,Gym,5.5,9,6,0.66,100,Full Body,1,50,339,1
U4884,23,Male,150,65.7,29.2,Lose Weight,Beginner,Gym,5.4,4,6,0.71,77,Full Body,1,59,602,1
U4885,30,Female,154,50.5,21.3,Lose Weight,Intermediate,Mixed,4.6,9,0,0.74,60,Cardio,2,50,507,0
U4886,36,Male,167,59.1,21.2,Build Muscle,Beginner,Gym,6.7,1,6,0.7,71,Upper Body,1,57,599,1
U4887,25,Male,178,65.9,20.8,Gain Strength,Beginner,Home,6.9,9,3,0.4,76,Pull,1,65,677,0
U4888,45,Female,162,44.6,17,Build Muscle,Advanced,Gym,6.8,8,3,0.89,56,Push,3,45,322,1
U4889,36,Male,181,90.1,27.5,Gain Strength,Beginner,Gym,8.4,8,1,0.2,69,Pull,1,60,393,0
U4890,39,Female,173,50.9,17,Improve Fitness,Intermediate,Home,7,4,6,0.72,34,Full Body,2,42,421,1
U4891,23,Female,169,93.1,32.6,Build Muscle,Intermediate,Home,7.4,8,5,0.57,93,Legs,2,73,645,1
U4892,36,Male,181,55.7,17,Lose Weight,Beginner,Home,5.7,3,4,0.31,99,Full Body,1,51,520,1
U4893,32,Male,166,71.4,25.9,Gain Strength,Advanced,Gym,7.8,3,0,0.77,80,Pull,3,48,532,1
U4894,44,Male,194,93.3,24.8,Lose Weight,Intermediate,Gym,7.4,3,5,0.74,62,Full Body,2,48,366,1
U4895,18,Male,184,82.3,24.3,Build Muscle,Intermediate,Gym,7.4,9,0,0.74,49,Push,2,56,585,1
U4896,23,Male,176,58.5,18.9,Improve Fitness,Beginner,Gym,8.3,4,1,0.66,80,Recovery,1,30,328,1
U4897,18,Male,164,53.5,19.9,Lose Weight,Intermediate,Gym,5.5,1,3,0.57,68,Cardio,2,50,539,1
U4898,18,Female,164,58.4,21.7,Gain Strength,Intermediate,Mixed,8.5,1,2,0.75,99,Pull,2,62,656,1
U4899,24,Female,161,67.9,26.2,Build Muscle,Advanced,Gym,4.5,8,1,0.91,49,Upper Body,3,47,417,1
U4900,40,Female,151,58.1,25.5,Build Muscle,Beginner,Gym,6.2,9,1,1,93,Pull,1,68,614,1
U4901,34,Female,191,78.1,21.4,Build Muscle,Intermediate,Gym,7,5,5,0.76,84,Upper Body,2,62,549,1
U4902,33,Female,187,86,24.6,Build Muscle,Intermediate,Home,6,7,0,0.59,71,Legs,2,46,502,0
U4903,41,Female,176,92,29.7,Build Muscle,Beginner,Gym,7.6,3,6,0.58,81,Upper Body,1,51,541,1
U4904,40,Female,162,60.1,22.9,Build Muscle,Intermediate,Mixed,8.1,1,6,1,66,Lower Body,2,63,551,1
U4905,26,Male,159,70.5,27.9,Gain Strength,Intermediate,Mixed,6.3,3,4,0.7,72,Upper Body,2,62,601,1
U4906,21,Male,182,78.5,23.7,Gain Strength,Advanced,Home,9.5,7,2,0.66,80,Pull,3,56,575,1
U4907,22,Female,151,38.8,17,Lose Weight,Advanced,Mixed,7.6,7,6,0.93,64,Full Body,3,49,439,1
U4908,23,Male,168,48,17,Lose Weight,Beginner,Gym,7.1,0,4,0.72,82,Recovery,1,26,197,1
U4909,25,Male,153,77,32.9,Build Muscle,Beginner,Gym,6.7,7,2,0.57,54,Legs,1,60,673,1
U4910,21,Female,151,57.7,25.3,Lose Weight,Beginner,Gym,7.6,8,4,0.62,83,Full Body,1,59,443,1
U4911,37,Female,167,73.9,26.5,Lose Weight,Intermediate,Mixed,7.1,5,1,0.56,64,Full Body,2,45,326,1
U4912,43,Female,158,42.4,17,Gain Strength,Intermediate,Gym,7.4,8,4,0.72,74,Legs,2,51,480,1
U4913,31,Female,178,84.3,26.6,Build Muscle,Intermediate,Gym,7.5,10,3,0.7,72,Upper Body,2,49,437,1
U4914,41,Male,151,42.4,18.6,Gain Strength,Beginner,Mixed,6.5,7,5,0.73,60,Upper Body,1,54,391,1
U4915,44,Female,165,76.5,28.1,Lose Weight,Intermediate,Gym,6.4,6,1,0.76,73,Cardio,2,48,497,1
U4916,41,Male,180,89.4,27.6,Lose Weight,Intermediate,Home,8.1,5,6,0.84,40,Full Body,2,43,438,1
U4917,22,Female,191,107.6,29.5,Improve Fitness,Intermediate,Gym,8.8,3,2,0.63,75,Upper Body,2,60,528,1
U4918,27,Female,176,64.4,20.8,Lose Weight,Intermediate,Gym,5,9,2,0.59,63,Full Body,2,58,601,0
U4919,45,Male,174,69.6,23,Improve Fitness,Advanced,Mixed,6,9,0,0.59,71,Cardio,3,48,523,0
U4920,41,Female,178,67.5,21.3,Gain Strength,Beginner,Gym,7.7,3,6,0.84,100,Pull,1,45,373,1
U4921,18,Female,150,65.7,29.2,Gain Strength,Beginner,Home,7.4,8,1,0.61,76,Upper Body,1,44,405,1
U4922,22,Male,191,94.5,25.9,Lose Weight,Beginner,Gym,6.5,10,4,0.86,51,Full Body,1,56,479,1
U4923,26,Male,160,60.2,23.5,Lose Weight,Beginner,Mixed,7.7,8,0,0.67,68,Cardio,1,39,317,1
U4924,33,Female,185,81.8,23.9,Lose Weight,Beginner,Gym,6.2,6,2,0.93,56,Recovery,1,21,215,1
U4925,23,Male,193,96.1,25.8,Gain Strength,Beginner,Home,7.6,1,1,0.55,73,Upper Body,1,57,498,1
U4926,27,Male,178,65.6,20.7,Build Muscle,Beginner,Home,8.6,4,0,0.52,62,Upper Body,1,41,393,1
U4927,31,Female,174,58.7,19.4,Gain Strength,Intermediate,Home,5.6,6,3,1,80,Upper Body,2,42,363,1
U4928,35,Male,181,82.2,25.1,Build Muscle,Intermediate,Home,6.4,0,0,0.88,59,Full Body,2,55,371,1
U4929,23,Male,151,63.4,27.8,Lose Weight,Beginner,Home,6.1,4,6,0.6,83,Cardio,1,34,323,1
U4930,21,Male,166,77.4,28.1,Improve Fitness,Intermediate,Gym,7.8,10,5,0.53,65,Full Body,2,51,395,1
U4931,20,Male,186,87.2,25.2,Gain Strength,Beginner,Gym,6.2,5,5,0.97,35,Pull,1,67,576,1
U4932,45,Female,151,48.3,21.2,Gain Strength,Intermediate,Gym,6.5,2,4,0.21,51,Lower Body,2,61,618,0
U4933,40,Male,168,76.5,27.1,Gain Strength,Advanced,Gym,7.1,4,1,1,95,Upper Body,3,41,401,1
U4934,44,Male,176,81.5,26.3,Lose Weight,Intermediate,Gym,7.4,8,4,0.73,32,Cardio,2,32,223,1
U4935,21,Male,192,68.6,18.6,Lose Weight,Beginner,Mixed,7.2,0,3,0.83,76,Full Body,1,50,360,1
U4936,43,Female,180,67.4,20.8,Lose Weight,Beginner,Gym,8.1,10,4,0.99,86,Full Body,1,56,576,1
U4937,23,Female,191,104.7,28.7,Improve Fitness,Beginner,Home,6.5,7,5,0.91,74,Upper Body,1,40,440,1
U4938,26,Male,160,68.1,26.6,Gain Strength,Advanced,Home,7.5,10,5,0.7,59,Lower Body,3,64,458,1
U4939,24,Male,150,54.4,24.2,Build Muscle,Advanced,Mixed,8.2,8,3,0.64,85,Pull,3,53,362,1
U4940,25,Female,160,70.7,27.6,Improve Fitness,Beginner,Gym,6.8,10,2,0.97,66,Full Body,1,47,453,1
U4941,21,Female,176,95.4,30.8,Build Muscle,Advanced,Mixed,7.6,2,2,0.72,58,Pull,3,49,488,1
U4942,30,Male,179,77.2,24.1,Build Muscle,Beginner,Home,6.9,3,5,0.49,68,Push,1,53,474,1
U4943,26,Male,175,64.6,21.1,Lose Weight,Advanced,Mixed,7.7,4,0,0.96,53,Cardio,3,42,441,1
U4944,44,Female,153,74.2,31.7,Improve Fitness,Intermediate,Home,7,9,1,0.54,83,Full Body,2,58,436,0
U4945,32,Male,166,62.3,22.6,Gain Strength,Intermediate,Gym,7,10,4,0.65,59,Legs,2,51,367,0
U4946,32,Male,167,76.7,27.5,Build Muscle,Beginner,Gym,6.8,1,4,0.46,80,Legs,1,57,575,1
U4947,21,Female,152,44.8,19.4,Lose Weight,Beginner,Gym,5.8,3,5,0.93,54,Full Body,1,51,365,1
U4948,44,Male,176,52.7,17,Lose Weight,Advanced,Mixed,7.8,2,0,0.67,68,Cardio,3,36,304,1
U4949,40,Female,189,82.9,23.2,Lose Weight,Beginner,Gym,7.4,1,6,0.58,94,Cardio,1,50,367,1
U4950,24,Female,190,66.1,18.3,Build Muscle,Intermediate,Gym,7.6,5,2,0.84,60,Full Body,2,50,475,1
U4951,45,Male,174,61.2,20.2,Lose Weight,Beginner,Home,8.2,8,3,0.54,62,Full Body,1,60,508,1
U4952,22,Female,187,98.6,28.2,Gain Strength,Beginner,Home,7.1,9,2,0.4,98,Push,1,61,675,0
U4953,43,Female,179,71.5,22.3,Lose Weight,Beginner,Mixed,6.7,8,0,0.77,81,Cardio,1,35,386,1
U4954,32,Male,172,96.7,32.7,Build Muscle,Intermediate,Gym,5.3,3,4,0.87,83,Pull,2,48,401,1
U4955,25,Male,194,90,23.9,Lose Weight,Intermediate,Gym,8,4,6,0.89,51,Full Body,2,42,301,1
U4956,22,Male,155,76.4,31.8,Gain Strength,Intermediate,Mixed,5.4,4,5,0.52,68,Pull,2,54,370,1
U4957,39,Male,174,98.7,32.6,Gain Strength,Beginner,Gym,6.8,1,1,0.71,93,Lower Body,1,60,579,1
U4958,21,Female,190,83.8,23.2,Improve Fitness,Beginner,Gym,5.8,7,1,0.64,92,Full Body,1,60,475,1
U4959,18,Male,160,63.5,24.8,Build Muscle,Intermediate,Mixed,9.2,10,6,0.85,62,Push,2,47,325,1
U4960,37,Male,166,68.1,24.7,Build Muscle,Advanced,Gym,6.2,6,4,0.6,100,Lower Body,3,59,668,1
U4961,44,Male,174,87.2,28.8,Build Muscle,Intermediate,Gym,8,9,2,0.61,95,Legs,2,47,460,1
U4962,18,Female,152,67.2,29.1,Build Muscle,Beginner,Gym,9.2,8,3,1,49,Lower Body,1,59,421,1
U4963,43,Female,179,63.4,19.8,Lose Weight,Beginner,Gym,6,6,2,0.55,76,Cardio,1,46,359,1
U4964,24,Female,186,76.5,22.1,Lose Weight,Intermediate,Gym,9.4,10,3,1,71,Full Body,2,44,442,1
U4965,23,Male,191,119.3,32.7,Build Muscle,Beginner,Gym,8.7,0,3,0.64,41,Push,1,54,509,1
U4966,22,Female,166,65,23.6,Improve Fitness,Beginner,Gym,6.4,6,4,0.76,73,Full Body,1,42,331,1
U4967,25,Male,159,62.7,24.8,Gain Strength,Intermediate,Gym,7.7,5,6,0.5,78,Pull,2,60,609,1
U4968,19,Female,159,57.4,22.7,Build Muscle,Beginner,Home,7.3,6,2,0.89,53,Pull,1,53,351,1
U4969,41,Male,178,73.8,23.3,Build Muscle,Intermediate,Gym,7,6,5,0.63,85,Push,2,51,466,1
U4970,32,Female,180,69.7,21.5,Lose Weight,Intermediate,Home,6.5,3,3,0.59,88,Full Body,2,49,436,1
U4971,27,Male,161,58.1,22.4,Gain Strength,Intermediate,Home,7.6,1,1,1,70,Upper Body,2,62,592,1
U4972,44,Female,178,92.5,29.2,Lose Weight,Intermediate,Gym,8.9,8,0,0.9,71,Full Body,2,57,484,1
U4973,20,Male,168,76.8,27.2,Improve Fitness,Intermediate,Gym,5.7,3,1,0.58,62,Full Body,2,48,378,0
U4974,20,Female,172,100.3,33.9,Improve Fitness,Intermediate,Home,6.2,8,5,0.57,56,Cardio,2,32,334,0
U4975,34,Male,180,87.2,26.9,Lose Weight,Advanced,Gym,7.3,7,0,0.92,82,Cardio,3,34,285,1
U4976,33,Male,175,57.3,18.7,Lose Weight,Beginner,Home,6.2,3,6,0.97,68,Full Body,1,44,428,1
U4977,20,Male,187,103.2,29.5,Improve Fitness,Beginner,Gym,6.9,9,6,0.55,67,Cardio,1,49,526,1
U4978,19,Female,170,59,20.4,Gain Strength,Intermediate,Mixed,6.5,6,5,0.76,79,Pull,2,61,569,1
U4979,38,Female,163,47.3,17.8,Lose Weight,Advanced,Gym,7.1,5,4,0.61,62,Full Body,3,44,309,1
U4980,35,Female,175,76.9,25.1,Improve Fitness,Intermediate,Gym,6.5,8,4,0.97,89,Upper Body,2,59,652,1
U4981,31,Male,195,112.2,29.5,Lose Weight,Beginner,Home,6.6,5,2,0.55,73,Full Body,1,42,390,1
U4982,25,Female,174,72.4,23.9,Gain Strength,Intermediate,Gym,6.4,9,1,0.51,71,Pull,2,54,605,0
U4983,32,Female,171,66.7,22.8,Gain Strength,Beginner,Mixed,7.9,1,0,0.84,88,Upper Body,1,53,502,1
U4984,30,Female,192,70.8,19.2,Build Muscle,Beginner,Gym,7.5,6,3,0.59,53,Push,1,50,538,1
U4985,45,Female,190,81.9,22.7,Lose Weight,Beginner,Gym,8.3,8,5,0.65,95,Cardio,1,49,368,1
U4986,21,Female,189,95.7,26.8,Gain Strength,Intermediate,Gym,6.7,5,6,0.93,78,Upper Body,2,52,482,1
U4987,40,Female,162,54.1,20.6,Gain Strength,Beginner,Gym,9.1,4,6,0.77,72,Pull,1,48,423,1
U4988,36,Female,172,61.8,20.9,Improve Fitness,Intermediate,Home,8.4,7,1,0.81,81,Cardio,2,40,457,1
U4989,38,Male,183,75,22.4,Build Muscle,Advanced,Gym,8,10,0,0.88,61,Push,3,57,573,1
U4990,42,Female,188,65.4,18.5,Lose Weight,Advanced,Mixed,7.7,7,3,0.44,74,Full Body,3,58,531,1
U4991,44,Male,193,84.2,22.6,Improve Fitness,Beginner,Gym,8.4,0,4,0.65,88,Cardio,1,50,429,1
U4992,24,Female,167,62.2,22.3,Build Muscle,Beginner,Gym,8.2,9,0,1,55,Lower Body,1,55,402,1
U4993,42,Female,182,85.1,25.7,Gain Strength,Intermediate,Gym,9.5,2,6,0.73,72,Upper Body,2,53,481,1
U4994,27,Male,176,86.1,27.8,Lose Weight,Advanced,Home,7.1,0,0,0.41,88,Full Body,3,53,367,1
U4995,27,Female,150,38.2,17,Build Muscle,Intermediate,Mixed,6.6,3,5,0.94,66,Upper Body,2,48,318,1
U4996,39,Male,172,63.9,21.6,Build Muscle,Beginner,Home,8.1,6,2,0.57,53,Full Body,1,41,408,1
U4997,34,Female,184,87,25.7,Improve Fitness,Beginner,Gym,6.9,2,6,0.5,81,Full Body,1,52,572,1
U4998,38,Female,169,75.7,26.5,Lose Weight,Beginner,Gym,6.7,0,0,0.67,79,Full Body,1,49,546,1
U4999,32,Male,154,70,29.5,Improve Fitness,Beginner,Mixed,6.8,6,3,0.84,80,Cardio,1,50,355,1
U5000,33,Female,159,71.3,28.2,Build Muscle,Advanced,Gym,7.1,2,1,0.56,65,Push,3,52,496,1
U5001,18,Male,176,80.2,25.9,Gain Strength,Beginner,Mixed,9.1,1,6,0.63,84,Pull,1,49,410,1
U5002,20,Male,158,57.7,23.1,Build Muscle,Advanced,Home,7.2,5,0,0.99,83,Lower Body,3,46,504,1
U5003,34,Male,194,72.6,19.3,Build Muscle,Beginner,Home,6.5,8,1,0.95,74,Pull,1,59,656,1
U5004,27,Female,168,55.6,19.7,Gain Strength,Intermediate,Gym,6.2,5,3,0.85,86,Legs,2,47,537,1
U5005,25,Male,189,87.9,24.6,Lose Weight,Beginner,Home,9.5,9,3,0.87,68,Lower Body,1,50,537,1
U5006,34,Male,185,72.2,21.1,Lose Weight,Beginner,Gym,6,0,6,0.78,64,Full Body,1,59,401,1
U5007,18,Female,171,92.1,31.5,Lose Weight,Beginner,Home,8.7,7,6,0.83,54,Cardio,1,49,339,1
U5008,35,Female,187,75.9,21.7,Build Muscle,Beginner,Gym,8.5,1,0,0.62,88,Upper Body,1,45,354,1
U5009,23,Female,171,77.5,26.5,Gain Strength,Intermediate,Mixed,7.2,8,2,0.59,70,Push,2,70,520,0
U5010,23,Female,187,88.5,25.3,Build Muscle,Advanced,Gym,8.2,4,0,0.56,68,Upper Body,3,45,321,1
U5011,19,Female,174,74.8,24.7,Gain Strength,Beginner,Gym,7.8,1,4,0.56,52,Push,1,67,494,1
U5012,20,Male,195,103.8,27.3,Lose Weight,Beginner,Gym,5.4,0,6,0.95,69,Cardio,1,31,326,1
U5013,32,Male,183,60.3,18,Lose Weight,Beginner,Gym,6.6,8,5,0.79,64,Cardio,1,34,299,1
U5014,41,Male,177,77.1,24.6,Lose Weight,Intermediate,Home,7.9,5,3,0.68,57,Cardio,2,45,449,1
U5015,40,Female,186,80.3,23.2,Improve Fitness,Intermediate,Home,8.7,1,6,1,41,Full Body,2,42,420,1
U5016,41,Male,174,88.1,29.1,Lose Weight,Beginner,Home,7.4,2,6,0.89,63,Full Body,1,49,358,1
U5017,18,Male,150,38.5,17.1,Lose Weight,Intermediate,Gym,7.7,9,0,0.55,51,Cardio,2,50,535,0
U5018,43,Female,165,51.7,19,Improve Fitness,Intermediate,Home,7.8,8,4,0.75,83,Full Body,2,47,438,1
U5019,34,Female,161,70.8,27.3,Lose Weight,Advanced,Gym,6.6,0,2,0.71,64,Cardio,3,46,434,1
U5020,18,Female,193,87.9,23.6,Gain Strength,Intermediate,Gym,6,7,3,0.79,88,Upper Body,2,64,613,1
U5021,20,Male,183,70.7,21.1,Build Muscle,Beginner,Gym,8.5,1,6,0.74,75,Upper Body,1,65,461,1
U5022,36,Female,166,47.9,17.4,Build Muscle,Beginner,Gym,5.1,4,2,0.75,83,Push,1,61,399,1
U5023,34,Male,190,78.3,21.7,Gain Strength,Beginner,Mixed,8.9,8,5,0.85,58,Legs,1,71,740,1
U5024,41,Female,168,69.4,24.6,Gain Strength,Beginner,Gym,9.5,7,5,0.5,79,Push,1,60,617,1
U5025,35,Male,178,73.2,23.1,Gain Strength,Intermediate,Gym,7.9,2,2,0.95,66,Legs,2,70,494,1
U5026,37,Female,166,80.5,29.2,Gain Strength,Beginner,Home,9.5,3,0,0.73,83,Legs,1,64,612,1
U5027,33,Male,190,79.4,22,Build Muscle,Beginner,Gym,7.1,6,2,0.69,83,Lower Body,1,42,451,1
U5028,37,Male,157,73,29.6,Lose Weight,Beginner,Gym,7,4,1,1,94,Recovery,1,25,210,1
U5029,38,Female,181,92.1,28.1,Improve Fitness,Intermediate,Gym,6.5,8,3,0.61,59,Full Body,2,60,471,0
U5030,24,Female,192,105.1,28.5,Lose Weight,Advanced,Mixed,5.8,5,0,0.84,55,Cardio,3,32,229,1
U5031,23,Female,176,86.7,28,Lose Weight,Beginner,Gym,7.1,9,3,0.96,89,Full Body,1,55,442,1
U5032,36,Female,157,75.2,30.5,Lose Weight,Intermediate,Gym,8.7,7,6,0.75,54,Cardio,2,49,498,1
U5033,43,Male,183,67.3,20.1,Build Muscle,Advanced,Mixed,4.8,7,3,0.52,73,Full Body,3,51,438,0
U5034,34,Female,159,55.9,22.1,Build Muscle,Beginner,Gym,6.9,9,1,0.81,67,Push,1,65,479,1
U5035,38,Male,186,68.5,19.8,Lose Weight,Beginner,Gym,7,2,0,0.56,67,Full Body,1,60,450,1
U5036,31,Male,176,93.2,30.1,Gain Strength,Beginner,Mixed,6.8,1,4,1,93,Push,1,46,516,1
U5037,19,Female,154,52.4,22.1,Lose Weight,Beginner,Gym,5.9,7,3,0.71,89,Cardio,1,37,325,1
U5038,27,Male,174,67.8,22.4,Build Muscle,Beginner,Gym,8.1,5,3,0.94,60,Lower Body,1,47,384,1
U5039,45,Male,181,71.1,21.7,Lose Weight,Intermediate,Mixed,7.9,1,0,0.75,61,Lower Body,2,50,343,1
U5040,22,Female,155,55.3,23,Lose Weight,Beginner,Home,7,1,2,0.44,83,Full Body,1,50,472,1
U5041,32,Female,175,68.9,22.5,Improve Fitness,Intermediate,Home,4.5,3,2,0.72,60,Upper Body,2,50,425,1
U5042,24,Female,163,84,31.6,Build Muscle,Advanced,Gym,6.5,0,2,0.52,79,Legs,3,65,502,1
U5043,38,Male,157,53.5,21.7,Improve Fitness,Intermediate,Mixed,6.2,1,4,0.81,56,Full Body,2,42,375,1
U5044,41,Male,184,62.3,18.4,Lose Weight,Intermediate,Gym,9,6,2,0.82,68,Full Body,2,47,366,1
U5045,40,Male,190,88.4,24.5,Gain Strength,Beginner,Mixed,7.7,5,0,0.9,60,Pull,1,68,498,1
U5046,22,Female,179,83.3,26,Gain Strength,Beginner,Gym,6.5,9,3,0.69,74,Pull,1,49,373,1
U5047,35,Male,173,73.3,24.5,Build Muscle,Beginner,Home,7.9,5,4,0.81,49,Lower Body,1,52,425,1
U5048,18,Female,174,56.9,18.8,Lose Weight,Beginner,Gym,6.7,5,3,1,59,Full Body,1,51,372,1
U5049,27,Male,152,54.5,23.6,Improve Fitness,Intermediate,Gym,6.5,2,4,0.62,74,Full Body,2,60,439,1
U5050,40,Female,160,77.8,30.4,Build Muscle,Beginner,Gym,7.6,2,6,0.58,100,Push,1,50,399,1
U5051,45,Male,193,92.4,24.8,Lose Weight,Intermediate,Gym,6.5,8,3,0.97,64,Cardio,2,37,325,1
U5052,28,Female,156,76.7,31.5,Lose Weight,Beginner,Gym,6.1,7,3,0.98,75,Cardio,1,46,507,1
U5053,23,Female,184,101.2,29.9,Build Muscle,Beginner,Gym,9.2,10,5,0.52,91,Upper Body,1,47,523,1
U5054,27,Male,185,63.7,18.6,Lose Weight,Advanced,Gym,5.9,8,4,0.58,79,Cardio,3,31,315,1
U5055,29,Male,186,85.1,24.6,Improve Fitness,Beginner,Gym,6.9,7,2,0.75,80,Upper Body,1,57,617,1
U5056,24,Female,183,91.4,27.3,Build Muscle,Beginner,Gym,8.3,5,5,1,71,Upper Body,1,41,363,1
U5057,41,Male,188,78.8,22.3,Lose Weight,Advanced,Gym,7.8,3,2,0.51,61,Cardio,3,46,382,1
U5058,26,Female,193,106.9,28.7,Build Muscle,Advanced,Gym,7,9,2,0.5,49,Push,3,52,347,0
U5059,21,Male,151,56.3,24.7,Build Muscle,Beginner,Home,8.4,0,5,0.92,73,Upper Body,1,49,460,1
U5060,18,Female,176,101.9,32.9,Improve Fitness,Advanced,Gym,7,9,0,0.7,33,Cardio,3,41,384,0
U5061,26,Female,171,66.1,22.6,Lose Weight,Beginner,Mixed,8,3,1,1,59,Cardio,1,32,227,1
U5062,39,Male,163,70.1,26.4,Lose Weight,Intermediate,Mixed,8.3,8,0,0.72,37,Lower Body,2,43,464,0
U5063,40,Female,185,87.3,25.5,Gain Strength,Intermediate,Gym,7.9,6,6,0.55,68,Pull,2,51,442,1
U5064,19,Male,164,52.7,19.6,Improve Fitness,Beginner,Gym,4.5,2,6,0.9,71,Full Body,1,48,367,1
U5065,30,Female,180,101.1,31.2,Gain Strength,Intermediate,Gym,8,9,2,0.66,70,Upper Body,2,42,434,1
U5066,39,Female,183,90.1,26.9,Build Muscle,Beginner,Mixed,8.2,0,1,0.78,88,Push,1,45,323,1
U5067,39,Female,153,54.5,23.3,Gain Strength,Intermediate,Gym,6,5,5,0.71,75,Pull,2,65,725,1
U5068,32,Female,155,46.8,19.5,Build Muscle,Beginner,Gym,5.6,4,2,0.8,65,Pull,1,65,450,1
U5069,34,Male,153,55.7,23.8,Lose Weight,Beginner,Mixed,6.7,4,4,0.99,90,Cardio,1,48,375,1
U5070,29,Male,181,63.2,19.3,Build Muscle,Beginner,Gym,6.5,9,0,0.87,81,Push,1,56,614,1
U5071,33,Male,166,67,24.3,Build Muscle,Beginner,Home,5.8,1,4,0.6,64,Push,1,53,557,1
U5072,32,Female,174,77.8,25.7,Gain Strength,Beginner,Gym,9,2,2,0.6,56,Upper Body,1,43,307,1
U5073,34,Female,182,79.5,24,Build Muscle,Beginner,Mixed,8.2,2,6,0.46,93,Legs,1,66,753,1
U5074,33,Male,162,62.5,23.8,Lose Weight,Beginner,Gym,6.3,6,4,0.43,82,Recovery,1,22,232,0
U5075,32,Female,155,57.2,23.8,Build Muscle,Intermediate,Home,7.3,0,4,0.56,67,Legs,2,60,646,1
U5076,34,Male,195,85.6,22.5,Build Muscle,Beginner,Home,7,5,5,0.6,48,Push,1,59,473,1
U5077,27,Female,163,95.6,36,Gain Strength,Beginner,Gym,5.6,4,4,0.75,45,Legs,1,47,528,1
U5078,29,Male,160,43.5,17,Gain Strength,Advanced,Home,7.2,1,2,0.75,90,Lower Body,3,65,739,1
U5079,35,Female,174,79.3,26.2,Build Muscle,Intermediate,Mixed,6.9,3,1,0.55,94,Pull,2,66,483,1
U5080,28,Female,186,98.3,28.4,Gain Strength,Beginner,Gym,5.7,3,0,0.73,74,Legs,1,51,451,1
U5081,45,Female,162,60.4,23,Build Muscle,Beginner,Gym,7.9,2,1,0.87,69,Legs,1,71,767,1
U5082,21,Female,164,62.7,23.3,Gain Strength,Beginner,Gym,8.7,5,5,0.89,73,Lower Body,1,63,586,1
U5083,31,Female,172,52.4,17.7,Build Muscle,Intermediate,Gym,7.5,7,1,0.85,30,Lower Body,2,41,449,1
U5084,33,Male,169,73.1,25.6,Improve Fitness,Advanced,Gym,6.6,2,6,0.68,58,Upper Body,3,62,501,1
U5085,30,Female,168,67.5,23.9,Improve Fitness,Beginner,Home,8.6,5,2,0.64,86,Lower Body,1,65,683,1
U5086,39,Female,160,54,21.1,Build Muscle,Advanced,Gym,7.9,9,3,0.72,77,Upper Body,3,65,560,1
U5087,41,Male,164,65.9,24.5,Build Muscle,Intermediate,Gym,7.8,10,4,0.26,50,Legs,2,63,542,0
U5088,33,Male,177,82.4,26.3,Improve Fitness,Beginner,Gym,4.9,9,4,0.62,71,Lower Body,1,53,490,0
U5089,18,Male,185,71.9,21,Improve Fitness,Intermediate,Gym,6.3,8,2,0.77,87,Cardio,2,31,304,1
U5090,18,Female,182,67.9,20.5,Gain Strength,Intermediate,Gym,6.5,8,4,0.59,35,Legs,2,51,583,0
U5091,35,Female,157,61.9,25.1,Gain Strength,Intermediate,Gym,8.1,6,3,0.9,58,Pull,2,54,376,1
U5092,43,Male,168,54.2,19.2,Improve Fitness,Intermediate,Home,7.1,9,5,0.87,74,Upper Body,2,47,454,1
U5093,44,Female,179,82.3,25.7,Build Muscle,Beginner,Gym,8.4,4,2,0.59,68,Push,1,65,669,1
U5094,43,Male,152,72.5,31.4,Build Muscle,Beginner,Gym,6.9,7,3,0.49,61,Full Body,1,40,407,0
U5095,31,Male,186,71.3,20.6,Improve Fitness,Beginner,Home,7.5,9,6,0.56,76,Recovery,1,31,289,1
U5096,45,Female,162,56.2,21.4,Build Muscle,Beginner,Gym,4.8,2,6,0.78,74,Full Body,1,54,355,1
U5097,36,Female,163,70.9,26.7,Improve Fitness,Beginner,Gym,6.4,3,3,0.58,78,Upper Body,1,46,464,1
U5098,35,Male,186,106.9,30.9,Build Muscle,Beginner,Gym,7.1,0,2,0.8,67,Full Body,1,44,422,1
U5099,20,Male,177,56.4,18,Improve Fitness,Advanced,Gym,8.2,9,4,0.88,82,Upper Body,3,40,398,1
U5100,34,Male,163,63,23.7,Lose Weight,Intermediate,Mixed,7.8,7,0,0.88,96,Lower Body,2,63,504,1
U5101,23,Female,168,81,28.7,Build Muscle,Beginner,Mixed,7.2,9,4,0.48,74,Push,1,51,539,1
U5102,19,Male,171,74.9,25.6,Gain Strength,Intermediate,Gym,7.9,7,0,0.96,70,Upper Body,2,47,370,1
U5103,18,Female,156,81,33.3,Build Muscle,Intermediate,Home,5.2,3,0,0.8,60,Full Body,2,40,387,1
U5104,39,Female,183,56.9,17,Lose Weight,Intermediate,Home,6.9,7,2,0.46,69,Full Body,2,60,446,1
U5105,43,Female,166,67.8,24.6,Build Muscle,Beginner,Gym,8.3,4,3,0.45,85,Push,1,57,626,1
U5106,27,Male,176,77.1,24.9,Lose Weight,Beginner,Gym,8.2,5,0,0.64,52,Cardio,1,31,333,1
U5107,21,Male,156,47.2,19.4,Gain Strength,Beginner,Gym,5.7,1,0,0.81,94,Legs,1,58,403,1
U5108,35,Female,180,71.6,22.1,Build Muscle,Beginner,Gym,7.8,3,0,0.45,74,Lower Body,1,45,424,0
U5109,41,Female,150,61.4,27.3,Gain Strength,Intermediate,Mixed,5.5,6,2,0.68,82,Push,2,50,439,1
U5110,43,Male,181,55.7,17,Gain Strength,Beginner,Mixed,8.6,9,3,0.78,82,Push,1,57,450,1
U5111,27,Female,180,73.9,22.8,Build Muscle,Intermediate,Home,5.2,10,3,0.82,70,Push,2,53,418,1
U5112,32,Male,164,66.2,24.6,Improve Fitness,Intermediate,Mixed,8.3,9,1,0.86,100,Lower Body,2,58,461,1
U5113,32,Male,164,67.5,25.1,Gain Strength,Beginner,Gym,6.3,6,5,0.69,78,Lower Body,1,64,447,1
U5114,41,Female,153,67.4,28.8,Gain Strength,Beginner,Gym,5.5,9,2,0.72,96,Upper Body,1,65,654,1
U5115,29,Female,169,67.1,23.5,Lose Weight,Beginner,Home,8.1,1,6,0.81,86,Full Body,1,41,339,1
U5116,36,Female,189,75.4,21.1,Build Muscle,Intermediate,Mixed,6.2,7,2,0.72,49,Pull,2,57,443,1
U5117,36,Male,164,62.9,23.4,Build Muscle,Intermediate,Gym,7.4,9,6,1,78,Full Body,2,46,324,1
U5118,40,Female,172,80.2,27.1,Build Muscle,Beginner,Home,8.4,4,5,0.55,69,Upper Body,1,49,444,1
U5119,28,Male,153,81.2,34.7,Build Muscle,Intermediate,Home,7,8,1,0.92,86,Legs,2,55,381,1
U5120,25,Female,176,56.7,18.3,Lose Weight,Intermediate,Home,7.4,0,0,0.75,76,Cardio,2,38,253,1
U5121,36,Female,153,49.9,21.3,Gain Strength,Advanced,Mixed,5.9,4,2,0.63,70,Push,3,49,361,1
U5122,41,Male,194,111,29.5,Gain Strength,Intermediate,Home,9.1,9,2,0.97,84,Push,2,70,572,1
U5123,36,Female,186,70.2,20.3,Lose Weight,Advanced,Gym,6.7,2,2,0.76,62,Cardio,3,33,277,1
U5124,19,Male,184,91.1,26.9,Build Muscle,Intermediate,Home,7.9,3,1,0.82,87,Legs,2,51,554,1
U5125,26,Male,180,67.1,20.7,Lose Weight,Intermediate,Home,8.1,5,0,0.59,57,Cardio,2,32,268,1
U5126,21,Female,165,72.7,26.7,Lose Weight,Beginner,Gym,8.4,8,6,0.81,72,Lower Body,1,58,550,1
U5127,32,Male,155,62,25.8,Build Muscle,Beginner,Gym,7.3,1,5,0.52,53,Lower Body,1,52,519,1
U5128,22,Male,162,63.5,24.2,Improve Fitness,Intermediate,Mixed,7.2,1,2,0.72,82,Full Body,2,40,343,1
U5129,21,Male,150,53.1,23.6,Build Muscle,Advanced,Gym,7.7,8,2,0.69,99,Pull,3,51,453,1
U5130,34,Male,162,65.1,24.8,Improve Fitness,Beginner,Gym,9.5,3,3,0.78,68,Recovery,1,28,182,1
U5131,39,Female,174,62.7,20.7,Lose Weight,Beginner,Mixed,5.5,4,4,0.54,58,Full Body,1,52,537,1
U5132,33,Male,171,76.6,26.2,Build Muscle,Intermediate,Gym,6.5,9,0,0.75,91,Legs,2,61,694,1
U5133,25,Female,177,75.5,24.1,Lose Weight,Beginner,Mixed,9.4,3,6,0.51,69,Full Body,1,56,492,1
U5134,27,Female,151,50.6,22.2,Build Muscle,Beginner,Gym,8.1,3,6,0.32,50,Upper Body,1,54,489,1
U5135,41,Male,184,81.3,24,Improve Fitness,Beginner,Gym,8.8,6,2,0.76,51,Upper Body,1,61,482,1
U5136,32,Female,151,44.5,19.5,Lose Weight,Intermediate,Gym,8.9,5,3,0.61,57,Full Body,2,58,646,1
U5137,25,Female,152,70.9,30.7,Lose Weight,Intermediate,Gym,8.2,9,1,0.95,57,Full Body,2,52,389,1
U5138,40,Male,164,48.7,18.1,Lose Weight,Intermediate,Home,7.2,7,5,0.78,77,Full Body,2,51,514,1
U5139,40,Male,162,80.6,30.7,Gain Strength,Intermediate,Mixed,5.2,8,3,0.87,55,Legs,2,64,712,1
U5140,21,Male,188,99.3,28.1,Lose Weight,Beginner,Mixed,6.6,4,4,0.57,62,Lower Body,1,51,485,1
U5141,38,Male,189,65.7,18.4,Gain Strength,Beginner,Mixed,7.1,3,3,0.58,83,Pull,1,48,551,1
U5142,45,Female,152,62.8,27.2,Gain Strength,Beginner,Gym,9,0,4,0.79,79,Push,1,70,505,1
U5143,34,Male,193,113.2,30.4,Gain Strength,Beginner,Gym,6.4,2,3,0.45,75,Lower Body,1,45,500,1
U5144,45,Female,157,45.6,18.5,Build Muscle,Intermediate,Home,9.5,7,2,0.98,100,Upper Body,2,63,532,1
U5145,21,Male,180,80.4,24.8,Build Muscle,Intermediate,Home,7.7,3,6,0.64,85,Legs,2,57,423,1
U5146,41,Male,150,43.6,19.4,Improve Fitness,Beginner,Mixed,4.5,5,4,0.58,50,Full Body,1,60,414,0
U5147,43,Female,190,110.8,30.7,Build Muscle,Beginner,Gym,9.1,0,2,0.47,91,Pull,1,56,622,1
U5148,39,Female,172,84.3,28.5,Build Muscle,Beginner,Gym,5.4,7,3,0.65,63,Lower Body,1,51,474,0
U5149,28,Female,168,77.9,27.6,Build Muscle,Intermediate,Gym,5.7,8,5,0.7,61,Full Body,2,43,468,1
U5150,36,Female,178,84,26.5,Build Muscle,Intermediate,Home,6.9,10,1,0.62,68,Legs,2,45,391,1
U5151,37,Female,172,97.9,33.1,Improve Fitness,Intermediate,Gym,6.6,2,4,0.53,80,Lower Body,2,62,534,1
U5152,45,Female,167,66.7,23.9,Gain Strength,Intermediate,Gym,5.5,4,6,1,66,Legs,2,57,492,1
U5153,40,Male,158,57.2,22.9,Lose Weight,Intermediate,Mixed,7.3,10,3,1,46,Cardio,2,30,277,1
U5154,28,Female,161,66.6,25.7,Build Muscle,Intermediate,Gym,9.4,1,3,0.74,53,Push,2,45,292,1
U5155,29,Male,183,73.3,21.9,Lose Weight,Intermediate,Gym,7.3,7,0,0.96,66,Full Body,2,54,479,1
U5156,31,Female,192,103.2,28,Improve Fitness,Beginner,Mixed,5.5,7,5,0.46,64,Recovery,1,25,174,0
U5157,45,Female,190,110.1,30.5,Build Muscle,Intermediate,Gym,7.2,0,6,0.77,76,Push,2,46,325,1
U5158,18,Male,188,103.2,29.2,Lose Weight,Beginner,Home,6.4,10,4,0.84,59,Cardio,1,41,333,1
U5159,42,Male,185,112.3,32.8,Lose Weight,Beginner,Home,6.2,7,6,0.56,80,Cardio,1,45,489,1
U5160,19,Female,150,55.8,24.8,Lose Weight,Advanced,Home,7.5,0,5,0.76,55,Full Body,3,43,436,1
U5161,18,Male,192,115.4,31.3,Build Muscle,Beginner,Gym,8.1,0,2,0.96,64,Push,1,48,519,1
U5162,31,Male,172,77.5,26.2,Improve Fitness,Beginner,Gym,7.3,10,5,0.92,89,Full Body,1,42,360,1
U5163,35,Male,174,76.6,25.3,Lose Weight,Intermediate,Gym,5.4,10,1,1,80,Full Body,2,59,503,1
U5164,40,Female,189,78.2,21.9,Build Muscle,Intermediate,Gym,7.5,4,3,0.45,87,Push,2,56,484,1
U5165,36,Male,161,47.4,18.3,Improve Fitness,Beginner,Home,6.9,4,6,0.76,87,Lower Body,1,57,458,1
U5166,32,Female,166,68.6,24.9,Lose Weight,Intermediate,Home,7.8,2,6,0.71,71,Lower Body,2,52,552,1
U5167,39,Male,191,90.8,24.9,Improve Fitness,Advanced,Home,6.9,0,6,0.42,60,Full Body,3,47,312,1
U5168,20,Male,194,96,25.5,Lose Weight,Beginner,Gym,6.8,1,0,0.69,67,Cardio,1,30,313,1
U5169,26,Female,164,56.2,20.9,Gain Strength,Intermediate,Gym,6.6,6,3,0.66,72,Push,2,47,390,1
U5170,39,Male,175,80.2,26.2,Lose Weight,Intermediate,Home,6.9,2,0,0.53,51,Full Body,2,49,526,1
U5171,18,Female,191,129.1,35.4,Lose Weight,Intermediate,Gym,5.9,3,3,0.63,79,Lower Body,2,65,610,1
U5172,41,Male,155,62.5,26,Gain Strength,Beginner,Gym,7.7,4,4,0.64,75,Legs,1,58,548,1
U5173,37,Male,165,67.5,24.8,Lose Weight,Intermediate,Gym,6.8,1,0,0.76,87,Lower Body,2,47,354,1
U5174,35,Female,157,60.1,24.4,Gain Strength,Beginner,Gym,7.1,4,4,0.91,86,Pull,1,60,527,1
U5175,37,Male,156,75.9,31.2,Lose Weight,Intermediate,Gym,5.2,0,3,0.88,81,Cardio,2,40,397,1
U5176,32,Male,166,57.3,20.8,Build Muscle,Beginner,Gym,7.4,7,3,0.91,59,Legs,1,73,617,1
U5177,18,Female,150,59.4,26.4,Build Muscle,Intermediate,Gym,8.1,7,6,0.53,69,Push,2,48,544,1
U5178,44,Female,161,66.9,25.8,Lose Weight,Intermediate,Gym,6.2,10,6,0.56,69,Full Body,2,48,505,1
U5179,23,Female,184,94.5,27.9,Build Muscle,Intermediate,Gym,7.8,0,5,0.56,81,Upper Body,2,56,534,1
U5180,45,Male,159,53.1,21,Build Muscle,Beginner,Mixed,5.3,3,1,0.65,88,Upper Body,1,50,399,1
U5181,40,Female,176,84.6,27.3,Build Muscle,Beginner,Gym,7.1,4,3,0.64,66,Push,1,54,465,1
U5182,39,Female,168,70.6,25,Gain Strength,Intermediate,Gym,5.9,3,1,0.66,68,Legs,2,49,501,1
U5183,19,Female,193,70,18.8,Lose Weight,Beginner,Home,6.2,8,0,0.79,72,Full Body,1,58,570,1
U5184,21,Female,153,54.3,23.2,Lose Weight,Intermediate,Gym,6.1,2,2,1,59,Cardio,2,45,504,1
U5185,32,Female,159,64.7,25.6,Build Muscle,Intermediate,Gym,6.6,6,3,0.73,78,Pull,2,47,313,1
U5186,34,Female,185,64,18.7,Build Muscle,Beginner,Gym,7.1,4,5,0.93,98,Pull,1,63,548,1
U5187,41,Female,159,60.7,24,Lose Weight,Intermediate,Gym,7.1,7,0,1,89,Full Body,2,47,338,1
U5188,18,Male,177,68.6,21.9,Build Muscle,Intermediate,Gym,6.4,4,3,0.89,56,Push,2,62,529,1
U5189,26,Male,164,78.3,29.1,Build Muscle,Beginner,Home,7.5,3,3,0.81,68,Lower Body,1,47,529,1
U5190,38,Male,150,49.3,21.9,Build Muscle,Intermediate,Gym,8.7,8,3,0.68,65,Upper Body,2,42,449,1
U5191,19,Female,193,90.1,24.2,Improve Fitness,Intermediate,Home,7.3,8,6,0.53,63,Full Body,2,56,558,1
U5192,31,Female,162,57.5,21.9,Improve Fitness,Advanced,Home,8,4,2,0.56,45,Full Body,3,42,474,1
U5193,44,Female,169,48.6,17,Gain Strength,Beginner,Home,5.5,2,2,0.97,72,Push,1,61,491,1
U5194,28,Male,154,63.1,26.6,Build Muscle,Intermediate,Home,7.7,9,1,0.73,70,Lower Body,2,52,348,1
U5195,25,Male,182,95.7,28.9,Lose Weight,Intermediate,Mixed,7.3,5,3,0.97,81,Cardio,2,41,398,1
U5196,18,Female,173,65.5,21.9,Build Muscle,Intermediate,Mixed,6.6,5,4,0.59,90,Full Body,2,55,379,1
U5197,25,Male,187,79.7,22.8,Lose Weight,Advanced,Gym,6.2,5,2,0.78,70,Cardio,3,41,292,1
U5198,34,Female,154,61,25.7,Build Muscle,Advanced,Home,9.2,3,1,0.88,72,Pull,3,52,579,1
U5199,24,Male,172,55,18.6,Lose Weight,Intermediate,Home,6.6,3,0,0.85,54,Cardio,2,45,453,1
U5200,37,Male,182,111,33.5,Build Muscle,Advanced,Mixed,7.1,5,5,0.73,62,Upper Body,3,58,650,1
U5201,35,Male,192,98.1,26.6,Gain Strength,Intermediate,Home,5.8,3,1,1,91,Pull,2,65,632,1
U5202,35,Female,151,65.2,28.6,Build Muscle,Advanced,Mixed,5.6,8,1,0.76,90,Legs,3,48,360,1
U5203,28,Female,161,70,27,Improve Fitness,Beginner,Mixed,6,8,5,0.6,65,Cardio,1,47,407,1
U5204,19,Female,176,68.1,22,Lose Weight,Intermediate,Gym,8.8,4,3,0.37,81,Cardio,2,36,363,1
U5205,26,Female,151,43.5,19.1,Gain Strength,Advanced,Home,6,10,6,0.36,63,Legs,3,74,844,0
U5206,43,Male,190,111.2,30.8,Build Muscle,Intermediate,Gym,7.4,4,3,0.5,87,Pull,2,66,539,1
U5207,37,Female,172,87.9,29.7,Gain Strength,Beginner,Home,7.2,1,2,1,84,Push,1,53,408,1
U5208,32,Male,191,100,27.4,Gain Strength,Advanced,Gym,6.2,4,2,0.83,75,Upper Body,3,58,495,1
U5209,20,Female,169,76.3,26.7,Gain Strength,Beginner,Gym,6.3,4,4,0.74,59,Push,1,46,321,1
U5210,45,Male,161,44.1,17,Build Muscle,Beginner,Home,8.2,9,3,0.45,73,Push,1,56,582,1
U5211,29,Male,188,91.5,25.9,Gain Strength,Beginner,Gym,7.5,4,4,0.67,76,Legs,1,47,421,1
U5212,28,Female,170,76.6,26.5,Lose Weight,Intermediate,Gym,7.9,10,1,1,75,Lower Body,2,47,457,1
U5213,19,Male,177,77.7,24.8,Lose Weight,Intermediate,Mixed,6.1,0,3,0.8,82,Full Body,2,48,481,1
U5214,32,Male,170,68.5,23.7,Build Muscle,Intermediate,Gym,7.7,10,6,0.67,82,Push,2,68,487,1
U5215,39,Female,194,106.5,28.3,Build Muscle,Advanced,Home,8.1,1,4,0.74,56,Full Body,3,48,510,1
U5216,19,Male,171,64,21.9,Gain Strength,Intermediate,Mixed,7.8,2,3,1,66,Pull,2,59,633,1
U5217,38,Female,180,85.5,26.4,Lose Weight,Intermediate,Gym,6.5,2,0,0.54,61,Cardio,2,34,292,1
U5218,45,Male,180,55.1,17,Build Muscle,Beginner,Gym,8.6,1,6,0.32,68,Legs,1,67,521,1
U5219,35,Male,182,64.9,19.6,Gain Strength,Beginner,Gym,6.1,5,6,0.97,75,Upper Body,1,45,413,1
U5220,42,Male,179,65.4,20.4,Lose Weight,Beginner,Gym,6.5,9,2,0.58,71,Full Body,1,43,365,1
U5221,35,Male,170,72.8,25.2,Improve Fitness,Intermediate,Gym,9.2,7,2,0.38,71,Full Body,2,54,473,0
U5222,24,Male,194,87.3,23.2,Gain Strength,Intermediate,Gym,8.1,1,1,0.78,80,Pull,2,66,538,1
U5223,26,Male,164,69.7,25.9,Lose Weight,Intermediate,Home,6.1,7,5,0.94,83,Full Body,2,43,473,1
U5224,20,Male,175,86.7,28.3,Build Muscle,Beginner,Gym,8.5,0,3,0.8,94,Pull,1,55,630,1
U5225,27,Male,150,58.7,26.1,Build Muscle,Beginner,Gym,6.9,10,4,0.72,71,Legs,1,47,400,1
U5226,31,Female,193,83.1,22.3,Lose Weight,Beginner,Home,8.9,2,3,0.77,73,Recovery,1,26,279,1
U5227,33,Male,195,99.2,26.1,Improve Fitness,Intermediate,Home,9.5,8,4,0.52,59,Cardio,2,45,409,1
U5228,18,Male,162,49.1,18.7,Lose Weight,Beginner,Gym,6.8,3,0,0.76,65,Full Body,1,48,534,1
U5229,31,Male,161,57.5,22.2,Build Muscle,Intermediate,Home,7.3,0,2,0.63,76,Pull,2,66,707,1
U5230,44,Male,173,87.4,29.2,Lose Weight,Beginner,Gym,7.8,0,0,0.88,88,Cardio,1,37,419,1
U5231,45,Male,195,97.7,25.7,Build Muscle,Intermediate,Home,6.9,0,6,0.58,66,Push,2,64,680,1
U5232,43,Female,188,78.8,22.3,Gain Strength,Beginner,Gym,7.9,10,2,0.78,82,Pull,1,49,339,1
U5233,45,Female,186,67.8,19.6,Gain Strength,Intermediate,Gym,8.7,6,0,0.64,55,Push,2,60,582,1
U5234,40,Male,165,61.8,22.7,Gain Strength,Intermediate,Gym,9.5,8,0,0.65,67,Push,2,66,699,1
U5235,35,Female,170,68.5,23.7,Lose Weight,Beginner,Home,6.9,2,6,0.58,74,Recovery,1,20,156,1
U5236,43,Male,164,78,29,Build Muscle,Beginner,Gym,7.4,8,2,0.52,66,Pull,1,63,410,1
U5237,42,Female,167,61.9,22.2,Improve Fitness,Beginner,Gym,7.2,1,4,0.96,69,Full Body,1,43,437,1
U5238,29,Male,154,57.2,24.1,Build Muscle,Beginner,Gym,9.1,2,5,0.88,80,Full Body,1,58,533,1
U5239,44,Male,168,92.3,32.7,Improve Fitness,Intermediate,Gym,7.6,2,1,0.36,84,Full Body,2,42,290,1
U5240,44,Female,164,47.9,17.8,Gain Strength,Advanced,Gym,7.6,9,3,0.41,64,Legs,3,54,522,0
U5241,44,Male,195,87.5,23,Gain Strength,Intermediate,Home,6.3,1,4,0.66,87,Lower Body,2,40,392,1
U5242,37,Male,156,52.3,21.5,Build Muscle,Intermediate,Gym,7.7,1,6,0.55,69,Legs,2,48,473,1
U5243,44,Male,151,59.1,25.9,Lose Weight,Intermediate,Gym,6,2,5,0.48,79,Full Body,2,57,424,1
U5244,42,Female,159,73.8,29.2,Lose Weight,Intermediate,Mixed,7,9,3,0.64,74,Cardio,2,31,314,1
U5245,37,Male,177,77.4,24.7,Lose Weight,Intermediate,Mixed,7.4,2,3,0.26,55,Lower Body,2,58,507,0
U5246,28,Male,165,57.2,21,Lose Weight,Beginner,Home,7.3,9,3,0.75,81,Lower Body,1,56,496,1
U5247,35,Female,157,63.1,25.6,Lose Weight,Advanced,Mixed,5.7,10,1,0.98,91,Lower Body,3,44,374,1
U5248,20,Female,174,58.1,19.2,Gain Strength,Intermediate,Gym,7.5,10,0,0.61,74,Push,2,50,454,0
U5249,37,Male,176,89.5,28.9,Build Muscle,Beginner,Home,9.4,9,4,0.86,76,Push,1,54,551,1
U5250,27,Female,193,86,23.1,Build Muscle,Intermediate,Home,7.3,2,3,0.96,71,Legs,2,75,559,1
U5251,27,Male,151,47.4,20.8,Lose Weight,Beginner,Home,5.3,8,4,0.81,75,Full Body,1,41,369,1
U5252,40,Male,152,50.4,21.8,Lose Weight,Beginner,Gym,8.2,8,0,0.64,69,Recovery,1,28,231,1
U5253,37,Female,155,58.6,24.4,Lose Weight,Intermediate,Gym,6.7,3,6,0.76,89,Full Body,2,48,471,1
U5254,45,Male,193,73.4,19.7,Build Muscle,Beginner,Gym,7.6,4,4,0.75,74,Push,1,70,753,1
U5255,36,Female,167,78.6,28.2,Improve Fitness,Beginner,Gym,7.2,2,4,0.81,82,Cardio,1,46,469,1
U5256,18,Female,189,80,22.4,Improve Fitness,Intermediate,Gym,7.4,9,6,0.67,70,Lower Body,2,42,458,1
U5257,24,Male,182,76.5,23.1,Gain Strength,Beginner,Mixed,7.6,5,5,0.73,77,Upper Body,1,56,567,1
U5258,27,Female,160,62.5,24.4,Build Muscle,Beginner,Gym,5.3,6,2,0.73,72,Lower Body,1,40,269,1
U5259,39,Female,193,95,25.5,Gain Strength,Beginner,Home,6.4,0,0,0.5,81,Pull,1,65,655,1
U5260,36,Female,155,56.2,23.4,Build Muscle,Beginner,Home,7.3,7,1,0.67,71,Pull,1,66,696,1
U5261,29,Female,179,72.4,22.6,Build Muscle,Beginner,Gym,6,6,6,0.81,62,Pull,1,54,416,1
U5262,29,Female,182,83.5,25.2,Lose Weight,Beginner,Gym,7.6,6,4,0.61,53,Lower Body,1,48,525,1
U5263,38,Female,159,87.7,34.7,Build Muscle,Beginner,Gym,6.5,2,4,0.83,100,Full Body,1,53,503,1
U5264,27,Female,178,88.1,27.8,Lose Weight,Beginner,Home,6.8,3,5,0.71,59,Cardio,1,33,277,1
U5265,39,Male,173,84.4,28.2,Build Muscle,Intermediate,Gym,7.7,3,2,0.63,56,Full Body,2,51,563,1
U5266,19,Female,156,46.2,19,Lose Weight,Beginner,Gym,8.2,7,3,0.74,75,Cardio,1,44,473,1
U5267,24,Male,168,59.3,21,Build Muscle,Intermediate,Gym,5.5,2,3,0.89,72,Push,2,52,592,1
U5268,31,Female,164,76.1,28.3,Improve Fitness,Beginner,Mixed,6.7,0,3,0.68,82,Recovery,1,35,352,1
U5269,31,Male,166,76.1,27.6,Lose Weight,Beginner,Gym,8,7,5,0.67,81,Cardio,1,30,306,1
U5270,22,Male,166,80.5,29.2,Improve Fitness,Intermediate,Gym,7,5,5,0.63,92,Cardio,2,38,383,1
U5271,23,Female,156,53.1,21.8,Build Muscle,Intermediate,Gym,7.8,9,4,0.71,44,Full Body,2,55,413,1
U5272,38,Male,181,95.7,29.2,Improve Fitness,Beginner,Gym,4.5,1,2,0.36,79,Full Body,1,40,456,0
U5273,39,Male,184,90.4,26.7,Gain Strength,Beginner,Gym,6.4,8,5,0.75,34,Pull,1,50,562,1
U5274,29,Female,186,95.1,27.5,Build Muscle,Beginner,Gym,7.4,8,6,0.71,72,Full Body,1,56,577,1
U5275,26,Male,168,75.1,26.6,Gain Strength,Beginner,Gym,7.1,6,3,0.38,100,Legs,1,55,453,1
U5276,36,Female,155,70.9,29.5,Lose Weight,Intermediate,Mixed,5.7,0,2,0.66,68,Lower Body,2,55,603,1
U5277,45,Female,173,86.8,29,Lose Weight,Advanced,Home,4.7,0,1,0.63,45,Cardio,3,46,473,1
U5278,32,Male,171,68.1,23.3,Gain Strength,Intermediate,Mixed,6.6,10,2,0.73,62,Pull,2,51,482,0
U5279,37,Female,158,53.2,21.3,Lose Weight,Intermediate,Home,7.8,10,3,0.8,80,Full Body,2,51,442,1
U5280,19,Female,157,58.7,23.8,Build Muscle,Advanced,Gym,6.5,7,4,0.7,79,Legs,3,69,736,1
U5281,30,Male,175,52.1,17,Lose Weight,Intermediate,Gym,7.5,10,0,0.78,72,Lower Body,2,44,420,1
U5282,24,Female,175,73.2,23.9,Build Muscle,Advanced,Gym,4.5,3,1,0.64,98,Pull,3,55,392,1
U5283,20,Male,190,88.8,24.6,Lose Weight,Beginner,Gym,6.8,8,4,0.72,77,Full Body,1,54,434,1
U5284,40,Female,164,73.4,27.3,Improve Fitness,Intermediate,Gym,6.8,6,5,0.8,97,Cardio,2,45,379,1
U5285,35,Female,179,92,28.7,Build Muscle,Beginner,Mixed,9.5,9,6,0.6,97,Pull,1,58,649,1
U5286,29,Female,163,56.3,21.2,Build Muscle,Beginner,Home,7.5,1,0,0.85,64,Upper Body,1,46,351,1
U5287,30,Female,160,63.7,24.9,Lose Weight,Beginner,Gym,8.1,0,4,0.59,97,Cardio,1,36,408,1
U5288,19,Female,159,47.3,18.7,Lose Weight,Intermediate,Home,9.2,0,2,0.9,70,Cardio,2,33,306,1
U5289,25,Male,154,54.1,22.8,Gain Strength,Advanced,Home,6.5,10,3,0.7,71,Legs,3,70,796,1
U5290,30,Female,180,96.6,29.8,Lose Weight,Intermediate,Gym,9.3,9,1,0.76,59,Cardio,2,45,471,1
U5291,27,Female,167,61.9,22.2,Build Muscle,Intermediate,Gym,6.9,8,6,0.53,54,Push,2,53,436,1
U5292,23,Male,173,99.7,33.3,Lose Weight,Intermediate,Gym,7.4,4,1,0.57,84,Cardio,2,37,385,1
U5293,44,Female,182,64.9,19.6,Lose Weight,Beginner,Mixed,5.9,8,6,0.58,96,Lower Body,1,65,654,1
U5294,25,Male,192,86.3,23.4,Gain Strength,Intermediate,Mixed,4.5,6,3,0.94,67,Upper Body,2,45,301,1
U5295,34,Male,188,60.1,17,Improve Fitness,Intermediate,Gym,6.8,8,5,0.81,78,Cardio,2,50,453,1
U5296,18,Female,163,85.3,32.1,Improve Fitness,Beginner,Gym,6.2,10,0,0.73,61,Recovery,1,32,312,0
U5297,43,Male,172,53.3,18,Lose Weight,Intermediate,Gym,8.1,5,6,0.8,76,Cardio,2,41,378,1
U5298,35,Female,166,72.5,26.3,Build Muscle,Beginner,Home,6.3,9,1,0.54,72,Push,1,60,632,0
U5299,41,Female,174,89,29.4,Build Muscle,Advanced,Mixed,8.9,6,2,0.86,72,Upper Body,3,57,499,1
U5300,27,Male,151,58.4,25.6,Build Muscle,Beginner,Mixed,7.1,6,1,0.54,72,Lower Body,1,63,624,0
U5301,33,Female,171,55.3,18.9,Gain Strength,Beginner,Home,7,6,3,1,84,Legs,1,72,697,1
U5302,40,Male,167,57.5,20.6,Build Muscle,Beginner,Gym,7,4,3,0.57,71,Upper Body,1,42,397,1
U5303,34,Male,194,108.8,28.9,Build Muscle,Intermediate,Mixed,7.8,8,4,1,89,Upper Body,2,58,380,1
U5304,23,Male,164,68.3,25.4,Gain Strength,Intermediate,Gym,7.8,3,1,0.68,55,Lower Body,2,55,611,1
U5305,35,Male,156,73,30,Lose Weight,Beginner,Gym,8.2,9,6,0.68,76,Full Body,1,56,618,1
U5306,32,Female,179,95.2,29.7,Gain Strength,Beginner,Gym,8,5,4,0.46,75,Lower Body,1,56,574,1
U5307,42,Male,155,57.2,23.8,Lose Weight,Intermediate,Home,8.3,8,1,0.91,91,Full Body,2,41,403,1
U5308,25,Female,192,73,19.8,Lose Weight,Intermediate,Home,6.2,7,2,0.92,63,Full Body,2,60,628,1
U5309,42,Female,160,46.3,18.1,Gain Strength,Beginner,Home,7.7,10,2,0.62,98,Lower Body,1,53,464,1
U5310,25,Female,176,79.6,25.7,Lose Weight,Beginner,Mixed,7.3,10,1,0.65,95,Lower Body,1,55,413,1
U5311,43,Male,175,79.6,26,Gain Strength,Intermediate,Gym,6.7,9,5,0.58,70,Pull,2,69,628,1
U5312,22,Female,164,54.9,20.4,Lose Weight,Intermediate,Home,8.2,2,0,0.39,69,Cardio,2,38,354,1
U5313,31,Male,160,69.4,27.1,Build Muscle,Advanced,Gym,7.5,8,3,0.59,81,Push,3,57,476,1
U5314,20,Male,159,52.6,20.8,Lose Weight,Beginner,Gym,7.1,7,3,0.84,78,Lower Body,1,53,578,1
U5315,38,Female,181,71.1,21.7,Build Muscle,Beginner,Mixed,8.4,7,0,0.74,83,Push,1,67,513,1
U5316,34,Male,171,90.4,30.9,Gain Strength,Intermediate,Gym,8.3,3,3,0.92,74,Push,2,69,750,1
U5317,35,Female,194,104.6,27.8,Lose Weight,Intermediate,Home,7.3,7,6,0.5,76,Lower Body,2,56,577,1
U5318,29,Male,183,85.7,25.6,Lose Weight,Beginner,Gym,7.7,3,3,0.7,60,Full Body,1,60,413,1
U5319,45,Female,161,70.8,27.3,Gain Strength,Beginner,Gym,5.7,0,2,0.98,68,Lower Body,1,53,481,1
U5320,43,Male,153,59.7,25.5,Build Muscle,Beginner,Gym,7.7,8,3,0.83,50,Full Body,1,53,553,1
U5321,32,Female,161,72.6,28,Build Muscle,Intermediate,Gym,7.4,7,5,0.61,60,Legs,2,47,466,1
U5322,41,Female,176,71.6,23.1,Improve Fitness,Intermediate,Mixed,5.7,9,1,1,94,Cardio,2,37,266,1
U5323,21,Female,195,100.4,26.4,Lose Weight,Intermediate,Gym,6.9,2,5,0.68,83,Full Body,2,56,397,1
U5324,30,Female,162,83.7,31.9,Lose Weight,Beginner,Home,6.5,8,1,0.52,95,Full Body,1,49,448,1
U5325,22,Female,171,49.7,17,Gain Strength,Advanced,Home,6,7,4,0.68,48,Push,3,48,494,1
U5326,35,Male,191,106.5,29.2,Gain Strength,Intermediate,Home,8,7,2,0.62,91,Pull,2,56,589,1
U5327,18,Female,194,115.2,30.6,Build Muscle,Beginner,Gym,7,4,0,0.64,100,Full Body,1,41,415,1
U5328,27,Male,167,76.7,27.5,Gain Strength,Beginner,Gym,7.4,1,3,0.97,76,Upper Body,1,51,383,1
U5329,30,Male,150,50.4,22.4,Build Muscle,Intermediate,Gym,7.2,4,2,0.91,42,Legs,2,59,444,1
U5330,30,Female,162,61.1,23.3,Lose Weight,Beginner,Gym,8.6,7,5,0.63,95,Recovery,1,25,243,1
U5331,38,Male,176,94.2,30.4,Lose Weight,Advanced,Gym,7,9,0,0.62,67,Lower Body,3,44,418,0
U5332,18,Female,165,97.2,35.7,Lose Weight,Intermediate,Home,9.2,0,3,0.74,62,Full Body,2,46,490,1
U5333,35,Male,177,78.3,25,Gain Strength,Advanced,Gym,7.4,2,2,0.5,73,Pull,3,64,590,1
U5334,18,Female,192,111,30.1,Build Muscle,Intermediate,Gym,5.1,0,2,0.87,92,Push,2,63,649,1
U5335,25,Female,176,68.5,22.1,Lose Weight,Advanced,Gym,9,0,3,0.6,78,Cardio,3,31,217,1
U5336,37,Female,165,63.2,23.2,Lose Weight,Intermediate,Gym,6.8,7,5,0.61,82,Cardio,2,45,468,1
U5337,41,Male,173,84.1,28.1,Gain Strength,Beginner,Mixed,7,1,3,0.48,78,Pull,1,49,413,1
U5338,43,Female,150,59.2,26.3,Build Muscle,Intermediate,Mixed,6.9,8,4,1,48,Pull,2,56,552,1
U5339,35,Female,161,44.1,17,Lose Weight,Intermediate,Gym,6.3,7,2,0.85,56,Full Body,2,57,615,1
U5340,26,Male,162,53.5,20.4,Gain Strength,Beginner,Mixed,8.1,3,1,0.8,77,Push,1,50,447,1
U5341,37,Male,176,86.1,27.8,Gain Strength,Intermediate,Gym,6.6,1,5,0.65,84,Lower Body,2,64,579,1
U5342,18,Male,177,59.2,18.9,Build Muscle,Intermediate,Home,4.7,2,6,0.64,85,Lower Body,2,45,459,1
U5343,28,Male,194,96.3,25.6,Gain Strength,Intermediate,Home,8,10,5,0.36,76,Push,2,58,413,0
U5344,18,Female,194,102.4,27.2,Build Muscle,Intermediate,Gym,5.6,0,0,0.88,70,Push,2,48,427,1
U5345,34,Male,154,85.4,36,Lose Weight,Beginner,Gym,4.7,10,1,0.97,66,Full Body,1,44,462,1
U5346,26,Female,161,45.9,17.7,Improve Fitness,Beginner,Gym,6.5,0,0,0.77,87,Cardio,1,32,288,1
U5347,34,Female,190,114.4,31.7,Build Muscle,Advanced,Gym,8.7,5,0,0.55,88,Upper Body,3,50,534,1
U5348,21,Male,182,86.5,26.1,Lose Weight,Intermediate,Gym,6.4,8,1,0.68,61,Cardio,2,36,235,1
U5349,37,Male,168,69.7,24.7,Lose Weight,Beginner,Mixed,6.3,1,4,0.53,79,Cardio,1,41,376,1
U5350,43,Male,181,88.8,27.1,Build Muscle,Beginner,Gym,6.9,5,4,0.97,68,Pull,1,64,523,1
U5351,25,Female,161,60.1,23.2,Build Muscle,Advanced,Home,7.8,9,5,0.7,73,Push,3,68,556,1
U5352,43,Male,180,55.1,17,Lose Weight,Beginner,Gym,7.1,10,3,0.39,53,Recovery,1,28,252,0
U5353,20,Male,184,64,18.9,Lose Weight,Intermediate,Gym,6,0,3,0.62,64,Lower Body,2,42,285,1
U5354,43,Female,156,66.4,27.3,Improve Fitness,Beginner,Home,7.3,0,1,0.38,73,Full Body,1,47,320,1
U5355,37,Female,184,87.3,25.8,Build Muscle,Intermediate,Mixed,6.7,10,6,0.71,74,Legs,2,71,548,1
U5356,40,Female,170,80.1,27.7,Build Muscle,Intermediate,Gym,5.4,8,0,0.68,94,Pull,2,53,389,1
U5357,30,Male,176,94.2,30.4,Gain Strength,Intermediate,Gym,8,9,5,0.82,96,Legs,2,74,719,1
U5358,20,Female,171,95.3,32.6,Improve Fitness,Intermediate,Mixed,7,9,1,0.55,67,Cardio,2,44,498,0
U5359,38,Female,157,88.7,36,Improve Fitness,Beginner,Gym,5.4,3,0,0.64,50,Full Body,1,54,528,0
U5360,43,Female,192,92.2,25,Gain Strength,Intermediate,Home,5.8,9,6,0.7,42,Pull,2,55,581,0
U5361,19,Male,176,83.9,27.1,Improve Fitness,Intermediate,Gym,8.4,4,3,0.65,69,Upper Body,2,58,648,1
U5362,23,Female,173,71.2,23.8,Gain Strength,Advanced,Gym,7.3,9,3,0.71,83,Push,3,66,437,1
U5363,26,Male,176,92,29.7,Improve Fitness,Intermediate,Gym,6.2,7,1,0.66,85,Full Body,2,60,643,1
U5364,28,Male,162,48.6,18.5,Gain Strength,Beginner,Home,4.9,5,0,0.76,79,Upper Body,1,51,529,1
U5365,19,Male,163,57.1,21.5,Build Muscle,Intermediate,Mixed,6.5,4,5,0.58,58,Pull,2,56,391,1
U5366,41,Male,150,61.6,27.4,Lose Weight,Intermediate,Gym,5.8,8,1,0.67,58,Full Body,2,42,461,1
U5367,28,Male,175,56.4,18.4,Improve Fitness,Beginner,Gym,8.1,10,6,0.63,74,Cardio,1,48,422,1
U5368,41,Female,188,64.3,18.2,Gain Strength,Beginner,Gym,6.3,0,3,0.86,100,Upper Body,1,54,544,1
U5369,40,Female,187,59.4,17,Gain Strength,Advanced,Home,6.9,1,5,0.79,62,Pull,3,47,352,1
U5370,25,Female,179,90,28.1,Build Muscle,Intermediate,Home,6.1,3,5,0.75,64,Upper Body,2,56,511,1
U5371,34,Male,179,94.8,29.6,Gain Strength,Advanced,Gym,6.4,10,5,0.66,86,Legs,3,73,671,1
U5372,36,Male,189,72.2,20.2,Build Muscle,Intermediate,Mixed,7.2,2,6,0.39,55,Lower Body,2,48,535,1
U5373,26,Female,163,69.3,26.1,Build Muscle,Beginner,Gym,6,5,5,0.62,79,Full Body,1,59,415,1
U5374,28,Female,174,66.9,22.1,Gain Strength,Beginner,Gym,8,0,6,0.76,78,Push,1,69,451,1
U5375,41,Male,185,101.6,29.7,Gain Strength,Beginner,Mixed,7.5,3,3,1,85,Push,1,70,668,1
U5376,38,Male,158,55.7,22.3,Build Muscle,Advanced,Gym,8.5,9,6,0.77,66,Upper Body,3,52,363,1
U5377,21,Male,195,97.7,25.7,Lose Weight,Advanced,Gym,8.3,5,1,0.8,99,Cardio,3,40,338,1
U5378,22,Male,179,93.2,29.1,Build Muscle,Beginner,Gym,7.7,6,3,0.54,69,Lower Body,1,49,363,1
U5379,40,Male,191,90.5,24.8,Build Muscle,Intermediate,Gym,7.9,7,1,0.83,74,Legs,2,71,518,1
U5380,37,Female,177,78.3,25,Lose Weight,Beginner,Gym,7.9,7,6,0.57,97,Lower Body,1,47,442,1
U5381,30,Male,187,59.4,17,Improve Fitness,Advanced,Gym,8.7,8,1,0.71,87,Cardio,3,45,506,1
U5382,42,Male,163,69.1,26,Improve Fitness,Beginner,Home,7.5,3,1,0.82,84,Cardio,1,49,422,1
U5383,33,Female,168,65.2,23.1,Lose Weight,Beginner,Gym,8.2,7,0,0.52,71,Recovery,1,30,232,0
U5384,23,Female,193,104.3,28,Lose Weight,Beginner,Mixed,8.2,2,4,0.8,66,Cardio,1,33,259,1
U5385,23,Male,187,99,28.3,Lose Weight,Advanced,Gym,6.4,7,0,1,70,Recovery,3,29,324,1
U5386,41,Female,180,58.3,18,Improve Fitness,Beginner,Gym,5.8,3,0,0.73,74,Full Body,1,41,295,1
U5387,37,Female,190,118.4,32.8,Lose Weight,Intermediate,Mixed,6,3,1,0.73,56,Recovery,2,27,252,1
U5388,29,Female,157,55.2,22.4,Lose Weight,Intermediate,Home,9,8,1,0.52,80,Cardio,2,33,258,1
U5389,32,Male,194,98.6,26.2,Build Muscle,Beginner,Gym,7.1,3,4,0.81,54,Lower Body,1,52,401,1
U5390,45,Male,193,117.3,31.5,Lose Weight,Beginner,Gym,9.2,8,1,0.73,100,Cardio,1,42,332,1
U5391,34,Female,189,81.4,22.8,Build Muscle,Beginner,Gym,7.5,2,6,0.98,65,Pull,1,56,550,1
U5392,28,Female,185,64,18.7,Build Muscle,Beginner,Mixed,5.3,7,0,1,64,Push,1,61,560,1
U5393,44,Male,188,83.8,23.7,Build Muscle,Beginner,Gym,5.9,10,0,0.89,60,Upper Body,1,60,403,1
U5394,43,Female,166,61.7,22.4,Build Muscle,Beginner,Gym,7.4,10,2,0.53,69,Push,1,46,385,1
U5395,22,Female,167,84.8,30.4,Improve Fitness,Beginner,Gym,7.6,2,1,0.74,75,Recovery,1,29,232,1
U5396,25,Male,190,82.7,22.9,Lose Weight,Intermediate,Mixed,9.3,10,1,0.57,75,Cardio,2,44,402,1
U5397,27,Female,192,92.2,25,Improve Fitness,Intermediate,Gym,8.2,9,6,0.92,71,Lower Body,2,44,349,1
U5398,45,Male,167,71.7,25.7,Build Muscle,Intermediate,Home,7.5,3,2,0.31,48,Lower Body,2,47,340,0
U5399,42,Male,187,76.9,22,Lose Weight,Beginner,Gym,6.5,0,6,0.5,83,Lower Body,1,51,543,1
U5400,26,Female,171,71.6,24.5,Build Muscle,Intermediate,Gym,6.9,4,5,0.49,71,Pull,2,58,606,1
U5401,24,Female,184,57.6,17,Build Muscle,Intermediate,Gym,6.9,7,5,0.73,75,Upper Body,2,59,672,1
U5402,20,Male,174,54.2,17.9,Build Muscle,Beginner,Mixed,7.3,6,2,0.53,59,Pull,1,56,463,1
U5403,21,Female,155,66.1,27.5,Lose Weight,Intermediate,Home,9.3,3,1,0.73,59,Lower Body,2,60,629,1
U5404,28,Male,157,62.4,25.3,Build Muscle,Intermediate,Gym,8.1,0,5,0.83,100,Upper Body,2,61,403,1
U5405,39,Male,158,53.7,21.5,Build Muscle,Advanced,Gym,7.4,8,1,1,94,Lower Body,3,62,634,1
U5406,31,Female,164,45.7,17,Build Muscle,Intermediate,Home,7.1,6,6,0.99,100,Pull,2,64,721,1
U5407,35,Male,186,95.1,27.5,Build Muscle,Intermediate,Gym,6.7,1,0,0.54,100,Full Body,2,56,604,1
U5408,28,Male,186,95.5,27.6,Build Muscle,Advanced,Gym,6.2,2,4,0.68,76,Upper Body,3,44,439,1
U5409,20,Male,150,60.3,26.8,Gain Strength,Intermediate,Home,6.1,3,1,0.61,47,Pull,2,66,531,0
U5410,39,Male,154,68.5,28.9,Build Muscle,Advanced,Gym,6.7,10,6,0.8,93,Pull,3,51,427,1
U5411,37,Female,185,86.9,25.4,Build Muscle,Intermediate,Gym,7,0,0,0.75,72,Pull,2,58,616,1
U5412,34,Female,192,109.5,29.7,Build Muscle,Intermediate,Gym,7.4,4,4,0.62,87,Legs,2,61,597,1
U5413,25,Male,160,76,29.7,Lose Weight,Beginner,Mixed,5.6,4,1,1,77,Full Body,1,53,350,1
U5414,37,Female,159,65,25.7,Gain Strength,Intermediate,Home,8.2,3,5,0.62,86,Legs,2,48,335,1
U5415,31,Male,188,80.9,22.9,Lose Weight,Intermediate,Home,5.5,10,0,0.54,80,Cardio,2,31,264,0
U5416,31,Male,156,49.9,20.5,Improve Fitness,Beginner,Mixed,8.9,5,1,0.93,92,Full Body,1,44,338,1
U5417,33,Male,166,68.9,25,Improve Fitness,Intermediate,Home,7.4,10,5,0.51,86,Full Body,2,44,386,1
U5418,29,Male,187,91.3,26.1,Gain Strength,Advanced,Mixed,7.7,4,4,1,62,Pull,3,58,492,1
U5419,31,Female,195,91.3,24,Lose Weight,Intermediate,Mixed,7.5,3,3,0.55,69,Cardio,2,45,339,1
U5420,21,Female,152,61.5,26.6,Build Muscle,Beginner,Gym,6.7,8,4,0.96,49,Push,1,59,675,1
U5421,24,Male,193,108.8,29.2,Improve Fitness,Advanced,Mixed,7.8,5,4,0.62,58,Cardio,3,38,271,1
U5422,31,Female,154,40.3,17,Build Muscle,Beginner,Gym,6.2,2,1,0.91,71,Lower Body,1,54,464,1
U5423,41,Female,156,71.5,29.4,Lose Weight,Beginner,Mixed,6.4,7,2,0.85,61,Cardio,1,33,351,1
U5424,36,Male,194,76.8,20.4,Improve Fitness,Beginner,Home,7,6,4,0.6,48,Cardio,1,43,422,1
U5425,41,Female,168,66.9,23.7,Gain Strength,Beginner,Home,7.2,1,3,0.95,86,Upper Body,1,65,644,1
U5426,38,Female,194,111.4,29.6,Lose Weight,Beginner,Gym,7.9,6,4,0.78,53,Cardio,1,41,462,1
U5427,33,Female,194,94.5,25.1,Build Muscle,Intermediate,Home,7.8,8,1,0.98,82,Pull,2,52,455,1
U5428,35,Male,152,68.6,29.7,Build Muscle,Beginner,Home,6,8,1,0.66,78,Pull,1,60,441,1
U5429,42,Male,168,83,29.4,Lose Weight,Beginner,Mixed,6.9,5,1,0.71,82,Cardio,1,50,419,1
U5430,33,Female,186,68.5,19.8,Lose Weight,Advanced,Mixed,8.9,0,1,0.56,43,Full Body,3,41,366,1
U5431,36,Male,151,55.9,24.5,Lose Weight,Beginner,Gym,9,5,1,0.83,83,Cardio,1,31,345,1
U5432,31,Male,181,80.9,24.7,Build Muscle,Beginner,Gym,6.9,1,4,0.44,38,Legs,1,57,479,1
U5433,40,Female,158,63.2,25.3,Lose Weight,Intermediate,Mixed,8.5,10,6,0.78,81,Recovery,2,33,267,1
U5434,45,Female,180,101.1,31.2,Gain Strength,Intermediate,Gym,7.5,10,0,0.7,59,Upper Body,2,54,553,0
U5435,33,Male,151,75.2,33,Build Muscle,Intermediate,Gym,7.7,5,0,0.55,54,Pull,2,57,517,1
U5436,38,Male,161,77.2,29.8,Build Muscle,Beginner,Gym,6,10,1,1,30,Full Body,1,41,466,0
U5437,19,Male,190,110.1,30.5,Gain Strength,Intermediate,Gym,7.6,3,3,0.74,69,Pull,2,52,505,1
U5438,31,Male,178,102.7,32.4,Gain Strength,Beginner,Mixed,7.9,10,3,0.56,46,Push,1,69,648,0
U5439,36,Male,167,70.3,25.2,Build Muscle,Intermediate,Gym,7.1,10,3,0.45,71,Push,2,59,506,0
U5440,23,Male,170,63.9,22.1,Build Muscle,Beginner,Mixed,7.1,1,4,0.85,94,Full Body,1,41,355,1
U5441,18,Male,176,87.7,28.3,Build Muscle,Beginner,Home,6.3,6,0,0.79,72,Full Body,1,47,381,1
U5442,43,Male,184,64,18.9,Build Muscle,Intermediate,Gym,7.5,6,2,1,72,Pull,2,54,596,1
U5443,43,Female,160,45.6,17.8,Lose Weight,Beginner,Gym,7.1,9,0,0.5,84,Cardio,1,39,414,1
U5444,26,Male,178,84.6,26.7,Gain Strength,Advanced,Mixed,6.9,0,3,0.66,68,Push,3,59,588,1
U5445,34,Male,159,61.9,24.5,Build Muscle,Intermediate,Mixed,6.3,7,0,0.47,89,Pull,2,64,729,0
U5446,43,Male,193,85.3,22.9,Gain Strength,Beginner,Gym,7.3,9,5,0.77,76,Legs,1,59,475,1
U5447,35,Female,192,72.3,19.6,Build Muscle,Beginner,Gym,5.3,2,2,0.61,77,Legs,1,47,321,1
U5448,43,Male,182,70.9,21.4,Gain Strength,Beginner,Gym,6.7,1,6,1,44,Upper Body,1,55,463,1
U5449,33,Female,157,52.5,21.3,Build Muscle,Advanced,Gym,9.2,4,6,0.71,61,Legs,3,66,699,1
U5450,41,Male,178,93.2,29.4,Improve Fitness,Beginner,Gym,7.2,1,2,0.66,74,Full Body,1,45,503,1
U5451,34,Female,154,51.5,21.7,Lose Weight,Beginner,Gym,6,10,5,0.7,56,Recovery,1,32,301,1
U5452,31,Male,179,78.5,24.5,Lose Weight,Intermediate,Gym,7.5,5,1,0.87,88,Cardio,2,47,334,1
U5453,20,Female,161,59.1,22.8,Gain Strength,Beginner,Gym,7.6,4,3,0.81,76,Upper Body,1,60,561,1
U5454,35,Male,155,54.1,22.5,Gain Strength,Intermediate,Gym,6,6,5,0.81,46,Push,2,70,513,1
U5455,34,Female,172,69.2,23.4,Gain Strength,Beginner,Gym,4.5,9,5,0.48,58,Upper Body,1,56,420,0
U5456,18,Female,168,82.1,29.1,Lose Weight,Beginner,Mixed,7.9,8,3,0.62,82,Full Body,1,54,396,1
U5457,44,Male,184,95.5,28.2,Lose Weight,Intermediate,Mixed,6.9,6,5,0.47,68,Lower Body,2,43,360,1
U5458,44,Male,155,57.9,24.1,Gain Strength,Intermediate,Gym,5.7,7,1,0.79,76,Lower Body,2,63,419,1
U5459,33,Male,154,62.6,26.4,Lose Weight,Intermediate,Home,7.4,0,3,0.85,69,Full Body,2,41,314,1
U5460,18,Male,159,64,25.3,Lose Weight,Advanced,Gym,6.7,1,3,0.61,92,Cardio,3,44,342,1
U5461,24,Male,194,64,17,Lose Weight,Intermediate,Gym,8.1,1,4,0.61,60,Full Body,2,45,333,1
U5462,25,Male,151,58.4,25.6,Improve Fitness,Intermediate,Gym,5.5,2,1,0.57,59,Recovery,2,28,239,0
U5463,31,Male,157,58.2,23.6,Lose Weight,Intermediate,Home,6.2,1,6,1,98,Cardio,2,31,263,1
U5464,29,Female,157,41.9,17,Lose Weight,Advanced,Gym,7.7,2,4,0.87,80,Cardio,3,32,219,1
U5465,30,Female,193,80.8,21.7,Improve Fitness,Intermediate,Home,6.8,10,5,0.59,65,Full Body,2,55,553,1
U5466,30,Male,172,57.4,19.4,Lose Weight,Beginner,Gym,7,1,5,0.45,68,Cardio,1,30,324,1
U5467,34,Male,167,53.8,19.3,Lose Weight,Advanced,Gym,7.3,10,0,0.6,76,Cardio,3,40,271,1
U5468,36,Male,160,74.2,29,Build Muscle,Intermediate,Home,8.8,10,4,0.26,59,Pull,2,57,456,0
U5469,25,Female,167,64.7,23.2,Improve Fitness,Intermediate,Gym,7.6,6,3,0.42,57,Full Body,2,40,353,0
U5470,45,Female,180,81,25,Improve Fitness,Intermediate,Gym,7.2,5,0,0.79,78,Upper Body,2,64,584,1
U5471,31,Male,168,73.1,25.9,Gain Strength,Intermediate,Gym,7.3,5,2,0.73,81,Legs,2,58,553,1
U5472,32,Female,161,44.1,17,Lose Weight,Beginner,Gym,8.8,8,4,0.32,55,Recovery,1,25,205,0
U5473,43,Female,186,81.3,23.5,Build Muscle,Intermediate,Gym,7.8,10,5,0.2,71,Lower Body,2,54,567,0
U5474,29,Female,171,81.3,27.8,Gain Strength,Beginner,Gym,8.2,2,2,0.59,67,Push,1,61,438,1
U5475,41,Female,162,57.5,21.9,Lose Weight,Beginner,Home,6.7,5,0,0.53,58,Cardio,1,37,364,1
U5476,36,Male,153,61.6,26.3,Improve Fitness,Beginner,Gym,7.2,7,6,0.81,75,Upper Body,1,49,409,1
U5477,21,Male,150,61.9,27.5,Lose Weight,Beginner,Home,8.1,7,0,0.41,59,Full Body,1,59,638,0
U5478,25,Female,179,75.3,23.5,Lose Weight,Intermediate,Gym,7.1,2,4,0.6,85,Recovery,2,28,306,1
U5479,22,Male,181,107.5,32.8,Gain Strength,Beginner,Home,7.3,10,1,0.74,84,Legs,1,65,516,1
U5480,35,Female,165,46.3,17,Build Muscle,Intermediate,Mixed,7.1,3,5,0.9,62,Full Body,2,43,341,1
U5481,37,Male,170,55.8,19.3,Lose Weight,Intermediate,Gym,6.9,4,2,0.71,58,Recovery,2,23,256,1
U5482,20,Male,176,103.2,33.3,Lose Weight,Beginner,Gym,6.6,10,5,0.51,70,Cardio,1,39,433,1
U5483,32,Female,152,65.4,28.3,Lose Weight,Beginner,Home,7.1,0,6,0.81,58,Full Body,1,59,657,1
U5484,18,Female,185,105.1,30.7,Build Muscle,Advanced,Mixed,7.7,7,3,0.91,77,Upper Body,3,40,386,1
U5485,24,Female,155,67.3,28,Improve Fitness,Intermediate,Gym,6.1,4,0,0.63,92,Lower Body,2,60,541,1
U5486,21,Female,186,107.6,31.1,Lose Weight,Advanced,Home,5.8,1,1,0.76,65,Cardio,3,43,430,1
U5487,32,Male,187,75.5,21.6,Lose Weight,Advanced,Gym,7.4,9,3,0.93,78,Full Body,3,52,354,1
U5488,43,Male,176,71.9,23.2,Gain Strength,Beginner,Gym,7.7,0,3,0.66,78,Pull,1,47,325,1
U5489,29,Male,189,108.6,30.4,Gain Strength,Advanced,Mixed,4.8,9,6,0.86,48,Legs,3,58,618,1
U5490,36,Male,185,101.6,29.7,Gain Strength,Beginner,Gym,6.4,6,5,0.5,82,Push,1,45,500,1
U5491,38,Male,158,64.9,26,Build Muscle,Beginner,Home,6,8,6,0.49,69,Legs,1,53,570,1
U5492,44,Female,180,62.9,19.4,Build Muscle,Intermediate,Gym,5.9,10,6,0.74,57,Full Body,2,57,472,1
U5493,34,Male,163,69.9,26.3,Gain Strength,Intermediate,Home,8.7,9,3,0.69,73,Lower Body,2,50,341,1
U5494,41,Male,195,125.5,33,Gain Strength,Beginner,Gym,5.8,1,5,0.93,88,Push,1,55,524,1
U5495,43,Male,181,92.1,28.1,Lose Weight,Intermediate,Gym,8.5,2,3,0.77,63,Lower Body,2,54,408,1
U5496,20,Female,158,72.6,29.1,Gain Strength,Beginner,Gym,8.3,10,4,0.92,72,Upper Body,1,63,537,1
U5497,42,Female,175,65.8,21.5,Lose Weight,Intermediate,Home,7.3,4,4,0.89,87,Full Body,2,48,408,1
U5498,30,Male,159,57.4,22.7,Lose Weight,Advanced,Gym,7.4,4,2,0.48,86,Cardio,3,43,335,1
U5499,34,Male,175,64.9,21.2,Lose Weight,Beginner,Gym,8,5,6,0.51,87,Full Body,1,46,478,1
U5500,31,Male,164,69.7,25.9,Lose Weight,Beginner,Mixed,6.2,10,2,0.84,63,Cardio,1,43,482,1
U5501,23,Female,153,64.6,27.6,Lose Weight,Intermediate,Gym,6.8,7,6,0.41,57,Cardio,2,41,310,1
U5502,18,Female,190,81.9,22.7,Gain Strength,Beginner,Gym,8.6,4,0,0.88,96,Upper Body,1,52,496,1
U5503,39,Male,168,88.6,31.4,Gain Strength,Intermediate,Gym,6.5,4,6,0.69,65,Push,2,55,516,1
U5504,38,Male,186,75.1,21.7,Build Muscle,Beginner,Home,5.1,9,3,0.72,52,Pull,1,51,521,1
U5505,20,Male,195,92.8,24.4,Improve Fitness,Beginner,Gym,9.4,2,5,0.63,74,Full Body,1,53,443,1
U5506,27,Male,167,78.9,28.3,Improve Fitness,Intermediate,Gym,7.4,7,6,0.77,66,Cardio,2,39,390,1
U5507,30,Female,191,85.7,23.5,Improve Fitness,Beginner,Gym,6,9,1,0.87,45,Upper Body,1,57,584,0
U5508,33,Female,155,68.7,28.6,Build Muscle,Beginner,Gym,5.6,6,3,0.89,66,Push,1,60,559,1
U5509,39,Male,164,51.9,19.3,Improve Fitness,Beginner,Gym,7.7,0,4,0.89,65,Recovery,1,24,213,1
U5510,27,Male,179,88.1,27.5,Build Muscle,Beginner,Gym,4.6,1,5,0.48,91,Push,1,70,787,1
U5511,24,Male,168,66.6,23.6,Build Muscle,Advanced,Gym,5.1,2,5,0.59,58,Push,3,70,749,1
U5512,42,Male,195,90.5,23.8,Build Muscle,Intermediate,Home,6.7,1,0,0.75,70,Lower Body,2,44,457,1
U5513,20,Female,173,90.4,30.2,Improve Fitness,Beginner,Gym,7.6,7,5,0.8,89,Lower Body,1,57,504,1
U5514,27,Female,182,75.9,22.9,Improve Fitness,Beginner,Mixed,5.7,9,0,0.94,74,Upper Body,1,50,544,1
U5515,41,Female,168,70.8,25.1,Gain Strength,Beginner,Mixed,6.4,3,3,0.61,84,Push,1,50,464,1
U5516,30,Male,176,88.6,28.6,Lose Weight,Beginner,Home,8,5,2,0.86,80,Recovery,1,30,323,1
U5517,29,Female,152,58,25.1,Gain Strength,Beginner,Gym,6.9,4,2,0.94,66,Lower Body,1,42,421,1
U5518,31,Male,195,99.2,26.1,Gain Strength,Advanced,Gym,6.2,10,1,0.6,68,Legs,3,57,596,0
U5519,18,Male,163,56.1,21.1,Lose Weight,Intermediate,Mixed,8,10,1,0.48,73,Cardio,2,30,252,1
U5520,19,Female,179,80.4,25.1,Gain Strength,Beginner,Mixed,5.1,5,2,0.64,75,Upper Body,1,61,548,1
U5521,27,Female,195,100,26.3,Lose Weight,Intermediate,Mixed,6.9,7,4,0.84,70,Lower Body,2,40,377,1
U5522,37,Male,172,72.8,24.6,Lose Weight,Advanced,Mixed,7.4,6,6,0.89,61,Lower Body,3,43,357,1
U5523,25,Male,182,74.5,22.5,Lose Weight,Beginner,Gym,6.4,2,2,0.66,93,Full Body,1,59,655,1
U5524,32,Male,177,84.3,26.9,Improve Fitness,Beginner,Gym,5.9,9,5,0.61,77,Recovery,1,20,179,1
U5525,23,Female,183,69.3,20.7,Build Muscle,Beginner,Mixed,6.3,7,0,0.96,62,Full Body,1,49,534,1
U5526,39,Male,153,66.7,28.5,Build Muscle,Intermediate,Gym,8.5,7,5,0.59,58,Push,2,65,501,1
U5527,33,Female,181,76.3,23.3,Lose Weight,Beginner,Gym,5.9,8,2,0.74,68,Cardio,1,46,456,1
U5528,25,Female,193,96.8,26,Build Muscle,Beginner,Gym,8.6,5,3,0.87,79,Pull,1,46,461,1
U5529,44,Male,172,50.3,17,Build Muscle,Intermediate,Gym,7.6,6,2,1,30,Push,2,50,515,1
U5530,44,Male,189,97.9,27.4,Build Muscle,Beginner,Mixed,6.9,2,5,0.57,84,Push,1,60,447,1
U5531,33,Male,157,78.1,31.7,Gain Strength,Intermediate,Mixed,8,1,0,0.65,57,Pull,2,58,498,1
U5532,36,Female,152,58,25.1,Lose Weight,Advanced,Home,8.1,5,0,0.65,67,Cardio,3,37,336,1
U5533,42,Female,162,94.5,36,Build Muscle,Beginner,Gym,8.3,0,5,0.93,50,Lower Body,1,63,563,1
U5534,37,Female,166,59.2,21.5,Improve Fitness,Beginner,Gym,7.2,8,6,0.54,96,Full Body,1,46,528,1
U5535,27,Female,158,75.9,30.4,Gain Strength,Intermediate,Gym,6.5,5,6,1,71,Pull,2,53,459,1
U5536,23,Male,173,105.9,35.4,Lose Weight,Beginner,Gym,7.3,1,4,0.82,92,Cardio,1,45,444,1
U5537,30,Male,188,105.7,29.9,Gain Strength,Intermediate,Gym,7.7,3,1,0.69,79,Legs,2,69,645,1
U5538,21,Female,177,66.1,21.1,Gain Strength,Advanced,Home,7.3,0,5,0.52,45,Legs,3,46,332,1
U5539,29,Male,184,83.6,24.7,Improve Fitness,Intermediate,Mixed,8.5,7,6,0.89,70,Full Body,2,41,284,1
U5540,39,Male,158,79.4,31.8,Build Muscle,Intermediate,Gym,6.5,2,1,0.37,39,Push,2,54,447,0
U5541,19,Male,182,64.6,19.5,Lose Weight,Beginner,Gym,8,10,2,0.61,78,Recovery,1,30,266,1
U5542,27,Male,160,80.4,31.4,Lose Weight,Intermediate,Gym,5.9,4,4,0.81,80,Cardio,2,33,236,1
U5543,19,Female,171,61.1,20.9,Build Muscle,Advanced,Mixed,8.6,5,4,0.67,66,Legs,3,74,825,1
U5544,33,Female,193,124.4,33.4,Improve Fitness,Beginner,Home,7.7,5,6,0.89,92,Lower Body,1,43,441,1
U5545,43,Male,164,58.6,21.8,Improve Fitness,Intermediate,Mixed,8.5,2,5,0.63,63,Lower Body,2,65,734,1
U5546,32,Female,158,58.4,23.4,Lose Weight,Beginner,Home,6.4,7,1,0.87,76,Lower Body,1,59,536,1
U5547,44,Male,163,59.5,22.4,Improve Fitness,Beginner,Gym,7.8,2,5,0.67,67,Cardio,1,31,286,1
U5548,39,Female,154,58.6,24.7,Improve Fitness,Beginner,Gym,7.6,0,2,0.79,66,Upper Body,1,50,563,1
U5549,20,Female,163,74.7,28.1,Lose Weight,Advanced,Gym,6.9,2,1,0.6,49,Lower Body,3,48,448,1
U5550,27,Female,173,85.6,28.6,Gain Strength,Advanced,Mixed,7.1,2,0,0.76,87,Pull,3,49,339,1
U5551,23,Male,180,72.9,22.5,Improve Fitness,Beginner,Home,5.6,5,1,0.73,76,Full Body,1,59,516,1
U5552,22,Female,152,54.1,23.4,Lose Weight,Beginner,Home,8.7,0,6,0.27,88,Full Body,1,51,453,1
U5553,39,Female,182,92.1,27.8,Build Muscle,Intermediate,Mixed,7.6,7,4,0.2,91,Lower Body,2,47,432,0
U5554,33,Female,178,64,20.2,Lose Weight,Beginner,Gym,6.5,7,5,0.69,78,Lower Body,1,46,393,1
U5555,21,Female,193,101.3,27.2,Lose Weight,Beginner,Gym,8.1,2,1,0.87,75,Recovery,1,35,397,1
U5556,37,Female,152,60.5,26.2,Improve Fitness,Beginner,Gym,5.9,2,3,0.58,85,Full Body,1,52,560,1
U5557,43,Female,178,88.7,28,Improve Fitness,Beginner,Home,7.9,9,2,0.63,85,Full Body,1,56,594,1
U5558,34,Male,187,68.5,19.6,Gain Strength,Beginner,Gym,8.3,6,2,0.67,97,Pull,1,49,374,1
U5559,20,Male,172,53.5,18.1,Build Muscle,Advanced,Gym,9,0,6,0.65,66,Lower Body,3,63,559,1
U5560,31,Male,192,93.3,25.3,Build Muscle,Advanced,Gym,6.3,3,6,0.71,60,Pull,3,69,520,1
U5561,24,Male,182,71.5,21.6,Gain Strength,Intermediate,Mixed,7.6,7,2,0.56,60,Pull,2,66,506,0
U5562,30,Male,185,64,18.7,Gain Strength,Beginner,Mixed,6.5,5,0,0.96,59,Legs,1,75,788,1
U5563,34,Male,193,79.7,21.4,Gain Strength,Intermediate,Home,7.3,5,0,0.65,100,Upper Body,2,45,383,1
U5564,24,Male,178,75.4,23.8,Build Muscle,Intermediate,Gym,7.5,6,5,0.89,85,Push,2,47,434,1
U5565,42,Male,160,65.3,25.5,Lose Weight,Intermediate,Gym,6.9,1,3,1,70,Full Body,2,59,402,1
U5566,40,Male,180,73.2,22.6,Build Muscle,Intermediate,Gym,6.4,10,0,0.41,84,Legs,2,73,781,0
U5567,39,Male,157,41.9,17,Lose Weight,Beginner,Gym,7.1,3,3,0.68,100,Cardio,1,50,388,1
U5568,41,Female,155,40.8,17,Build Muscle,Intermediate,Gym,6.1,2,4,0.7,69,Push,2,64,706,1
U5569,38,Male,185,76,22.2,Build Muscle,Intermediate,Mixed,7,2,3,0.49,77,Pull,2,61,587,1
U5570,20,Female,166,46.8,17,Build Muscle,Intermediate,Home,7.1,6,0,0.61,87,Push,2,64,686,1
U5571,23,Male,162,83.7,31.9,Gain Strength,Beginner,Gym,6.7,0,6,0.97,67,Push,1,52,573,1
U5572,45,Male,156,49.6,20.4,Build Muscle,Advanced,Mixed,9,0,6,0.81,72,Pull,3,59,661,1
U5573,23,Male,165,74.6,27.4,Build Muscle,Beginner,Gym,7.4,2,5,0.71,52,Push,1,66,487,1
U5574,21,Female,160,59.9,23.4,Lose Weight,Beginner,Gym,7.8,7,6,0.7,85,Cardio,1,34,258,1
U5575,28,Male,193,97.2,26.1,Build Muscle,Beginner,Gym,6.1,0,3,0.48,69,Upper Body,1,49,401,1
U5576,34,Male,150,50.2,22.3,Build Muscle,Intermediate,Home,7.5,2,6,0.59,62,Pull,2,64,495,1
U5577,32,Male,189,103.2,28.9,Build Muscle,Intermediate,Home,7.3,9,6,0.59,72,Legs,2,69,694,1
U5578,32,Female,151,69.1,30.3,Lose Weight,Intermediate,Gym,7.4,4,1,0.83,60,Cardio,2,45,405,1
U5579,45,Male,193,107.3,28.8,Build Muscle,Beginner,Mixed,9.5,5,1,0.58,54,Pull,1,48,336,1
U5580,20,Male,169,72,25.2,Gain Strength,Intermediate,Gym,8.1,2,6,0.7,56,Push,2,46,300,1
U5581,40,Male,153,56.2,24,Gain Strength,Beginner,Home,7.8,6,3,0.65,81,Pull,1,61,570,1
U5582,24,Male,177,92.1,29.4,Gain Strength,Intermediate,Mixed,7.4,4,4,0.71,84,Pull,2,45,359,1
U5583,33,Male,181,68.5,20.9,Lose Weight,Beginner,Gym,6,8,4,0.67,64,Full Body,1,44,415,1
U5584,25,Male,184,71.4,21.1,Improve Fitness,Beginner,Mixed,9.1,9,4,1,66,Cardio,1,50,338,1
U5585,22,Female,160,63.7,24.9,Build Muscle,Beginner,Gym,6.9,0,0,0.92,91,Lower Body,1,43,290,1
U5586,39,Female,165,46.3,17,Gain Strength,Intermediate,Gym,7.6,7,0,0.48,98,Pull,2,64,641,1
U5587,42,Female,164,70.7,26.3,Lose Weight,Beginner,Home,6.2,9,3,0.68,67,Lower Body,1,48,320,1
U5588,25,Female,164,71.8,26.7,Build Muscle,Beginner,Mixed,8.2,10,4,0.51,99,Pull,1,64,697,1
U5589,31,Female,171,91.2,31.2,Gain Strength,Intermediate,Gym,6.1,1,2,0.73,97,Upper Body,2,41,463,1
U5590,41,Female,173,88.9,29.7,Lose Weight,Advanced,Mixed,6.7,2,0,0.87,100,Lower Body,3,56,565,1
U5591,37,Male,185,85.2,24.9,Lose Weight,Beginner,Gym,6.4,3,6,0.75,75,Full Body,1,57,393,1
U5592,45,Female,191,81.4,22.3,Improve Fitness,Intermediate,Mixed,7.6,5,1,0.49,62,Cardio,2,34,373,0
U5593,30,Male,153,64.8,27.7,Improve Fitness,Beginner,Mixed,5.2,2,3,0.88,41,Full Body,1,40,354,1
U5594,29,Male,179,55.1,17.2,Build Muscle,Beginner,Home,6.6,5,1,0.77,91,Legs,1,59,503,1
U5595,39,Male,157,60.9,24.7,Build Muscle,Advanced,Gym,6.8,5,3,0.82,58,Lower Body,3,40,356,1
U5596,41,Female,162,65.9,25.1,Lose Weight,Intermediate,Gym,5.8,2,5,0.73,70,Full Body,2,60,495,1
U5597,38,Male,168,59.6,21.1,Build Muscle,Intermediate,Gym,7.3,2,1,0.75,89,Upper Body,2,46,419,1
U5598,20,Male,184,60.3,17.8,Lose Weight,Intermediate,Mixed,7,8,1,0.58,85,Full Body,2,46,458,1
U5599,20,Male,185,94.8,27.7,Build Muscle,Intermediate,Home,7.7,4,6,0.59,85,Push,2,59,600,1
U5600,20,Male,157,44.6,18.1,Lose Weight,Intermediate,Gym,5.2,3,2,0.49,71,Cardio,2,31,243,1
U5601,39,Female,186,94.4,27.3,Gain Strength,Intermediate,Home,4.5,8,5,0.96,73,Legs,2,66,496,1
U5602,39,Male,170,51.7,17.9,Gain Strength,Beginner,Mixed,7.2,8,1,0.92,80,Legs,1,75,492,1
U5603,37,Female,154,69,29.1,Build Muscle,Beginner,Gym,5.6,4,1,0.65,58,Lower Body,1,52,414,0
U5604,19,Female,183,106.2,31.7,Lose Weight,Beginner,Gym,7.8,10,0,1,64,Recovery,1,23,200,1
U5605,24,Male,190,77.6,21.5,Gain Strength,Intermediate,Home,6.9,3,4,0.97,66,Push,2,48,549,1
U5606,31,Male,167,69.7,25,Lose Weight,Intermediate,Gym,7.2,7,4,0.73,62,Full Body,2,54,356,1
U5607,19,Male,181,78.3,23.9,Gain Strength,Advanced,Mixed,6.9,2,6,0.72,86,Lower Body,3,40,309,1
U5608,22,Male,154,75.7,31.9,Build Muscle,Intermediate,Gym,6.2,6,4,0.65,59,Upper Body,2,55,526,1
U5609,27,Male,194,95.2,25.3,Gain Strength,Beginner,Mixed,6.5,2,6,0.76,88,Pull,1,61,474,1
U5610,40,Male,174,51.5,17,Lose Weight,Intermediate,Home,7.6,10,0,0.64,78,Recovery,2,31,331,0
U5611,36,Male,190,74.7,20.7,Gain Strength,Advanced,Gym,8.4,8,0,0.88,80,Upper Body,3,51,422,1
U5612,45,Male,187,97.2,27.8,Gain Strength,Intermediate,Mixed,6.3,2,3,0.61,83,Legs,2,64,517,1
U5613,36,Male,178,67.5,21.3,Improve Fitness,Intermediate,Home,8.7,2,3,0.66,79,Full Body,2,54,548,1
U5614,31,Male,183,111.5,33.3,Improve Fitness,Beginner,Mixed,6.3,1,3,0.73,87,Cardio,1,47,424,1
U5615,18,Female,159,72.1,28.5,Build Muscle,Advanced,Gym,6.7,5,3,0.63,68,Full Body,3,49,532,1
U5616,38,Female,180,99.1,30.6,Lose Weight,Beginner,Gym,6.8,4,2,0.73,65,Cardio,1,44,334,1
U5617,28,Male,160,70.4,27.5,Lose Weight,Advanced,Gym,7.3,0,5,0.54,57,Full Body,3,50,327,1
U5618,38,Male,151,38.8,17,Lose Weight,Intermediate,Home,6.2,10,1,0.86,91,Cardio,2,39,426,1
U5619,32,Male,166,75.5,27.4,Build Muscle,Advanced,Mixed,7.7,8,2,0.7,83,Push,3,60,558,1
U5620,25,Male,153,60.2,25.7,Gain Strength,Intermediate,Mixed,9.1,8,5,0.7,92,Upper Body,2,45,428,1
U5621,26,Female,169,80.5,28.2,Build Muscle,Beginner,Home,7.9,2,0,0.36,85,Legs,1,65,459,1
U5622,40,Female,183,80.4,24,Gain Strength,Beginner,Gym,6.6,9,1,0.45,71,Legs,1,51,395,0
U5623,18,Female,166,67.8,24.6,Build Muscle,Intermediate,Gym,5.7,7,2,0.45,79,Push,2,53,402,0
U5624,20,Female,190,101.8,28.2,Gain Strength,Intermediate,Gym,7.3,5,3,0.93,70,Push,2,66,431,1
U5625,23,Male,151,55.4,24.3,Build Muscle,Beginner,Mixed,6.1,10,0,0.44,99,Upper Body,1,59,471,0
U5626,27,Male,185,100.3,29.3,Lose Weight,Intermediate,Mixed,5.6,3,6,0.75,70,Full Body,2,46,480,1
U5627,34,Female,185,79.7,23.3,Build Muscle,Intermediate,Gym,6.7,4,3,0.79,84,Push,2,54,449,1
U5628,30,Male,168,73.9,26.2,Improve Fitness,Advanced,Mixed,7,7,3,0.69,86,Lower Body,3,50,516,1
U5629,33,Female,163,70.1,26.4,Gain Strength,Intermediate,Home,7.2,5,2,0.71,77,Upper Body,2,51,442,1
U5630,29,Female,154,53.4,22.5,Build Muscle,Intermediate,Gym,8,7,5,0.53,65,Lower Body,2,62,642,1
U5631,23,Male,161,70.2,27.1,Build Muscle,Beginner,Home,5.9,7,5,0.44,72,Push,1,65,738,1
U5632,37,Female,153,40.7,17.4,Gain Strength,Advanced,Home,5.7,0,0,0.86,68,Legs,3,45,357,1
U5633,18,Female,187,104.6,29.9,Improve Fitness,Intermediate,Gym,5.8,10,3,0.7,77,Full Body,2,57,504,1
U5634,30,Female,159,49.6,19.6,Build Muscle,Intermediate,Home,8.2,10,3,0.81,47,Push,2,68,576,1
U5635,20,Female,168,68.6,24.3,Improve Fitness,Beginner,Gym,7.5,0,6,0.61,49,Recovery,1,33,359,1
U5636,21,Female,169,73.4,25.7,Build Muscle,Intermediate,Home,9.5,5,5,0.65,95,Push,2,48,364,1
U5637,30,Male,185,72.9,21.3,Lose Weight,Advanced,Gym,7.3,9,1,0.86,71,Full Body,3,57,561,1
U5638,40,Female,191,84.6,23.2,Build Muscle,Beginner,Gym,7.9,5,3,1,76,Push,1,65,447,1
U5639,20,Female,172,66,22.3,Build Muscle,Beginner,Gym,6.9,4,2,1,74,Legs,1,73,651,1
U5640,26,Female,168,62.1,22,Lose Weight,Advanced,Home,5.8,7,4,0.39,77,Cardio,3,46,390,1
U5641,24,Male,194,102.4,27.2,Build Muscle,Beginner,Gym,6.7,0,5,0.72,54,Lower Body,1,62,516,1
U5642,34,Female,161,65.1,25.1,Improve Fitness,Intermediate,Mixed,7.6,6,1,0.62,97,Full Body,2,46,412,1
U5643,23,Male,166,57.9,21,Build Muscle,Beginner,Gym,7.4,3,6,0.87,70,Pull,1,52,415,1
U5644,24,Male,166,65.3,23.7,Build Muscle,Beginner,Gym,5.5,4,2,0.96,69,Upper Body,1,54,562,1
U5645,23,Female,181,87.8,26.8,Build Muscle,Intermediate,Gym,7.8,8,0,0.61,69,Lower Body,2,43,284,0
U5646,21,Female,182,99.7,30.1,Build Muscle,Advanced,Gym,5.9,0,1,1,60,Legs,3,53,422,1
U5647,22,Male,159,49.3,19.5,Build Muscle,Beginner,Gym,7.2,7,4,1,43,Legs,1,67,511,1
U5648,27,Female,179,76.6,23.9,Improve Fitness,Beginner,Home,7.6,2,1,0.73,77,Full Body,1,47,348,1
U5649,18,Female,172,63.6,21.5,Improve Fitness,Intermediate,Home,6.4,7,6,0.69,55,Upper Body,2,65,551,1
U5650,38,Male,172,71.9,24.3,Gain Strength,Intermediate,Home,6.7,10,0,0.64,76,Push,2,70,755,0
U5651,32,Male,190,61.4,17,Build Muscle,Beginner,Home,6.8,0,6,1,55,Upper Body,1,46,353,1
U5652,28,Male,159,75.6,29.9,Lose Weight,Intermediate,Gym,7.2,10,1,0.61,52,Full Body,2,43,487,0
U5653,24,Female,183,84.1,25.1,Improve Fitness,Beginner,Gym,8.7,1,1,0.65,70,Full Body,1,58,630,1
U5654,35,Female,161,74.4,28.7,Gain Strength,Intermediate,Home,7.5,4,3,0.44,73,Legs,2,54,556,1
U5655,42,Male,182,102.4,30.9,Improve Fitness,Beginner,Gym,7.1,1,6,0.23,77,Full Body,1,45,455,1
U5656,33,Female,194,89.2,23.7,Gain Strength,Intermediate,Gym,5.1,6,2,0.42,86,Pull,2,52,547,0
U5657,44,Female,178,67.8,21.4,Lose Weight,Advanced,Gym,6.1,7,3,0.71,62,Full Body,3,47,517,1
U5658,20,Male,180,80.7,24.9,Gain Strength,Beginner,Mixed,6.9,9,4,0.5,64,Legs,1,64,521,0
U5659,29,Male,159,66.7,26.4,Build Muscle,Intermediate,Gym,7.1,5,2,0.71,100,Pull,2,54,498,1
U5660,19,Male,158,68.9,27.6,Gain Strength,Intermediate,Mixed,8,7,0,0.69,75,Push,2,51,354,1
U5661,34,Male,153,53.1,22.7,Build Muscle,Beginner,Home,8,10,5,0.7,75,Push,1,46,504,1
U5662,34,Female,162,66.1,25.2,Gain Strength,Advanced,Mixed,7.1,1,4,1,62,Lower Body,3,48,375,1
U5663,27,Female,189,77.5,21.7,Build Muscle,Beginner,Home,7.9,3,1,0.61,67,Upper Body,1,53,487,1
U5664,29,Male,183,66.6,19.9,Lose Weight,Beginner,Gym,7.6,4,0,0.81,67,Full Body,1,57,536,1
U5665,23,Female,183,92.1,27.5,Lose Weight,Intermediate,Home,5.1,6,4,0.59,69,Full Body,2,46,382,1
U5666,35,Male,183,65.6,19.6,Build Muscle,Intermediate,Home,5.2,6,3,0.66,82,Pull,2,65,577,1
U5667,44,Female,167,83.4,29.9,Improve Fitness,Advanced,Gym,6.5,1,0,0.85,81,Full Body,3,42,429,1
U5668,30,Female,157,73,29.6,Gain Strength,Beginner,Mixed,6.7,0,2,0.4,73,Legs,1,69,455,1
U5669,35,Male,172,59.8,20.2,Build Muscle,Advanced,Home,6.3,7,1,0.67,66,Full Body,3,52,347,1
U5670,22,Female,150,56.5,25.1,Improve Fitness,Beginner,Home,7.9,10,4,0.65,77,Full Body,1,43,410,1
U5671,28,Female,194,92.6,24.6,Build Muscle,Beginner,Home,8.1,3,5,0.69,70,Push,1,60,598,1
U5672,39,Female,153,53.6,22.9,Build Muscle,Intermediate,Home,6.9,3,0,0.58,58,Push,2,59,454,1
U5673,20,Female,168,78.5,27.8,Gain Strength,Intermediate,Home,5.9,3,4,0.66,87,Legs,2,64,588,1
U5674,25,Female,168,64.9,23,Lose Weight,Beginner,Home,8,6,6,0.61,56,Lower Body,1,63,543,1
U5675,30,Male,187,62.2,17.8,Build Muscle,Intermediate,Gym,8.5,10,3,0.52,83,Legs,2,50,544,1
U5676,18,Male,161,52.6,20.3,Gain Strength,Intermediate,Gym,8.5,10,5,1,46,Lower Body,2,61,471,1
U5677,45,Male,174,60.2,19.9,Build Muscle,Beginner,Gym,8,8,0,0.81,83,Legs,1,65,536,1
U5678,20,Female,160,56.6,22.1,Build Muscle,Intermediate,Gym,9.3,9,3,0.74,53,Push,2,67,725,1
U5679,42,Male,178,74.1,23.4,Gain Strength,Intermediate,Mixed,5.8,9,0,1,62,Lower Body,2,59,386,1
U5680,20,Female,193,99.1,26.6,Improve Fitness,Beginner,Mixed,6.6,8,1,0.61,43,Lower Body,1,40,283,0
U5681,34,Male,182,89.4,27,Build Muscle,Intermediate,Home,8.5,10,3,0.56,48,Pull,2,46,431,1
U5682,20,Male,168,78.7,27.9,Lose Weight,Intermediate,Gym,5.3,0,3,0.94,58,Cardio,2,34,244,1
U5683,31,Female,161,51.6,19.9,Build Muscle,Intermediate,Mixed,7.4,8,4,0.53,61,Full Body,2,44,329,0
U5684,31,Female,185,89,26,Lose Weight,Intermediate,Gym,4.5,7,1,1,72,Lower Body,2,63,647,1
U5685,37,Male,156,46.5,19.1,Lose Weight,Advanced,Gym,6,3,5,0.9,81,Full Body,3,49,419,1
U5686,34,Male,179,97.1,30.3,Build Muscle,Beginner,Mixed,6.3,6,3,0.77,78,Pull,1,69,769,1
U5687,29,Male,191,100,27.4,Improve Fitness,Beginner,Gym,8.3,1,0,0.59,70,Lower Body,1,50,352,1
U5688,18,Male,186,75.8,21.9,Gain Strength,Beginner,Gym,7,8,5,0.85,47,Legs,1,48,396,1
U5689,22,Male,173,87.4,29.2,Lose Weight,Advanced,Mixed,5.8,5,6,0.66,90,Cardio,3,45,349,1
U5690,32,Female,159,65.5,25.9,Gain Strength,Intermediate,Gym,7.5,9,5,0.51,56,Pull,2,47,404,0
U5691,44,Female,174,86.3,28.5,Build Muscle,Intermediate,Home,6.5,0,6,0.63,86,Push,2,60,421,1
U5692,45,Female,158,50.2,20.1,Lose Weight,Beginner,Home,7.4,2,4,0.73,71,Full Body,1,45,488,1
U5693,19,Male,172,66,22.3,Build Muscle,Beginner,Gym,6.5,9,6,0.53,79,Upper Body,1,62,417,1
U5694,33,Male,170,62.7,21.7,Build Muscle,Beginner,Home,8.2,9,4,0.68,56,Full Body,1,41,317,1
U5695,38,Male,157,57.9,23.5,Lose Weight,Intermediate,Home,6.6,8,5,0.9,66,Full Body,2,60,542,1
U5696,26,Male,160,59.6,23.3,Improve Fitness,Advanced,Mixed,8.7,8,6,0.81,96,Recovery,3,29,298,1
U5697,28,Female,188,105.3,29.8,Gain Strength,Advanced,Gym,6.1,1,5,0.9,94,Lower Body,3,60,600,1
U5698,38,Male,173,92.5,30.9,Improve Fitness,Beginner,Gym,8.2,5,6,0.89,67,Full Body,1,47,331,1
U5699,30,Female,152,48.5,21,Build Muscle,Intermediate,Mixed,6.7,6,6,0.42,92,Push,2,58,574,1
U5700,29,Male,176,72.2,23.3,Improve Fitness,Beginner,Home,8.5,0,5,0.5,88,Lower Body,1,62,492,1
U5701,27,Female,156,54.5,22.4,Gain Strength,Beginner,Mixed,5.7,7,6,1,88,Lower Body,1,53,593,1
U5702,31,Female,188,89.8,25.4,Lose Weight,Intermediate,Gym,7.1,3,6,0.8,74,Cardio,2,45,461,1
U5703,25,Male,181,69.5,21.2,Lose Weight,Intermediate,Gym,6.6,4,2,1,100,Lower Body,2,43,364,1
U5704,26,Female,178,98.5,31.1,Gain Strength,Beginner,Mixed,7.6,9,5,0.66,60,Upper Body,1,56,496,1
U5705,28,Female,192,78.9,21.4,Lose Weight,Beginner,Home,6.5,3,0,1,99,Cardio,1,43,301,1
U5706,39,Female,150,62.1,27.6,Lose Weight,Intermediate,Mixed,6,9,2,0.88,68,Recovery,2,34,275,1
U5707,33,Female,188,60.1,17,Lose Weight,Intermediate,Mixed,7.4,5,0,0.57,59,Cardio,2,46,390,1
U5708,45,Male,189,83.6,23.4,Lose Weight,Advanced,Mixed,6.6,1,2,0.71,70,Recovery,3,35,307,1
U5709,39,Male,186,58.8,17,Build Muscle,Intermediate,Gym,8.8,5,5,0.54,57,Upper Body,2,49,543,1
U5710,27,Male,159,58.4,23.1,Improve Fitness,Beginner,Gym,7,3,2,0.98,76,Full Body,1,44,327,1
U5711,39,Male,170,77.7,26.9,Gain Strength,Beginner,Gym,7.4,4,2,0.76,76,Upper Body,1,42,479,1
U5712,26,Male,190,61.4,17,Gain Strength,Beginner,Home,6.8,2,3,0.93,100,Upper Body,1,48,324,1
U5713,40,Female,185,66.4,19.4,Lose Weight,Advanced,Mixed,7.6,0,5,0.62,100,Cardio,3,50,386,1
U5714,30,Female,153,44,18.8,Gain Strength,Intermediate,Gym,7.8,8,6,0.47,67,Push,2,62,530,1
U5715,21,Male,186,84.4,24.4,Lose Weight,Intermediate,Mixed,8.3,5,2,0.53,81,Cardio,2,38,411,1
U5716,22,Male,167,68.6,24.6,Build Muscle,Intermediate,Gym,7.4,7,3,0.89,52,Push,2,66,587,1
U5717,37,Female,162,73.2,27.9,Lose Weight,Intermediate,Gym,6.5,4,1,0.92,77,Full Body,2,40,326,1
U5718,18,Female,163,62.7,23.6,Build Muscle,Advanced,Gym,6.5,5,4,0.87,90,Lower Body,3,48,320,1
U5719,38,Male,161,57.8,22.3,Lose Weight,Beginner,Gym,5.9,8,4,0.84,50,Full Body,1,44,470,1
U5720,19,Male,159,48,19,Improve Fitness,Intermediate,Gym,5.9,4,0,0.65,51,Full Body,2,55,575,0
U5721,25,Male,174,51.5,17,Lose Weight,Intermediate,Gym,5.9,8,6,0.84,52,Cardio,2,48,519,1
U5722,21,Male,182,76.5,23.1,Gain Strength,Advanced,Home,9.2,1,6,0.71,77,Upper Body,3,64,543,1
U5723,26,Female,170,59.2,20.5,Gain Strength,Intermediate,Mixed,9.5,3,2,0.62,68,Pull,2,69,510,1
U5724,18,Female,193,111.7,30,Improve Fitness,Intermediate,Gym,6.9,7,3,0.73,67,Full Body,2,58,617,1
U5725,19,Male,163,61.9,23.3,Lose Weight,Beginner,Gym,7.5,10,2,0.82,62,Lower Body,1,51,539,1
U5726,30,Male,158,53.2,21.3,Build Muscle,Intermediate,Mixed,6.4,1,5,0.47,48,Push,2,65,456,1
U5727,36,Female,157,63.3,25.7,Gain Strength,Intermediate,Mixed,8.1,9,1,0.88,36,Legs,2,67,717,1
U5728,18,Male,191,85.7,23.5,Build Muscle,Beginner,Home,5.9,2,0,0.75,65,Upper Body,1,59,401,1
U5729,21,Female,164,72.6,27,Build Muscle,Intermediate,Gym,7.1,3,0,0.38,57,Upper Body,2,46,309,0
U5730,31,Female,185,83.9,24.5,Build Muscle,Beginner,Gym,7.2,10,2,0.47,48,Lower Body,1,50,430,0
U5731,21,Female,166,68.1,24.7,Lose Weight,Intermediate,Gym,5.6,5,5,0.42,65,Cardio,2,45,422,1
U5732,25,Female,176,69.4,22.4,Lose Weight,Intermediate,Gym,6.1,1,5,0.59,72,Full Body,2,49,496,1
U5733,38,Female,178,68.1,21.5,Gain Strength,Beginner,Gym,7.2,0,0,0.65,74,Legs,1,63,524,1
U5734,29,Female,151,64.3,28.2,Lose Weight,Beginner,Gym,8,0,4,0.95,84,Recovery,1,35,345,1
U5735,30,Male,161,66.1,25.5,Gain Strength,Intermediate,Gym,6.6,0,1,0.65,58,Lower Body,2,41,451,1
U5736,40,Female,191,89.4,24.5,Lose Weight,Beginner,Home,7.9,0,0,0.59,71,Full Body,1,54,560,1
U5737,22,Male,154,51.5,21.7,Lose Weight,Beginner,Gym,7.3,7,6,0.62,60,Cardio,1,46,390,1
U5738,40,Female,182,71.5,21.6,Improve Fitness,Beginner,Mixed,7.7,6,1,0.7,65,Recovery,1,33,362,1
U5739,42,Female,173,76.6,25.6,Lose Weight,Intermediate,Gym,6.6,8,0,0.92,57,Full Body,2,49,483,1
U5740,34,Male,160,60.7,23.7,Lose Weight,Intermediate,Gym,5.6,9,2,0.66,46,Full Body,2,55,377,0
U5741,21,Female,176,85.5,27.6,Build Muscle,Advanced,Home,7.9,9,0,0.86,72,Push,3,69,758,1
U5742,39,Male,188,73.5,20.8,Lose Weight,Intermediate,Gym,6.2,1,1,1,93,Lower Body,2,57,577,1
U5743,31,Female,180,81,25,Build Muscle,Intermediate,Gym,6.5,7,6,0.97,61,Pull,2,68,544,1
U5744,37,Male,169,72.8,25.5,Build Muscle,Intermediate,Home,8.6,7,5,0.57,84,Pull,2,62,468,1
U5745,30,Male,156,65,26.7,Build Muscle,Advanced,Mixed,7.1,1,2,0.54,61,Push,3,52,525,1
U5746,37,Male,165,70,25.7,Lose Weight,Beginner,Gym,5.5,4,2,0.74,80,Cardio,1,43,402,1
U5747,22,Female,171,83.6,28.6,Improve Fitness,Intermediate,Gym,5.6,8,1,0.96,97,Cardio,2,48,472,1
U5748,43,Male,155,62.9,26.2,Improve Fitness,Beginner,Home,6,7,2,0.66,71,Cardio,1,49,558,1
U5749,40,Male,188,90.5,25.6,Build Muscle,Beginner,Gym,7.1,8,3,0.77,70,Full Body,1,41,308,1
U5750,39,Female,175,78.4,25.6,Build Muscle,Beginner,Gym,6.6,8,0,0.66,63,Legs,1,67,540,1
U5751,27,Male,190,117.7,32.6,Lose Weight,Intermediate,Gym,8.7,4,5,0.82,91,Lower Body,2,60,564,1
U5752,41,Male,192,102.9,27.9,Build Muscle,Beginner,Mixed,7.3,2,4,0.45,68,Push,1,56,532,1
U5753,35,Female,192,85.2,23.1,Build Muscle,Beginner,Gym,5.9,1,3,0.45,79,Pull,1,56,454,1
U5754,29,Male,184,87.7,25.9,Gain Strength,Intermediate,Home,5.8,0,3,0.59,89,Pull,2,69,723,1
U5755,38,Male,162,54.6,20.8,Improve Fitness,Beginner,Gym,7.3,4,5,0.69,79,Upper Body,1,47,448,1
U5756,25,Female,183,70,20.9,Build Muscle,Advanced,Gym,7.2,9,5,0.75,75,Full Body,3,59,433,1
U5757,20,Male,174,75.1,24.8,Build Muscle,Beginner,Home,7.5,9,0,1,100,Legs,1,53,371,1
U5758,24,Female,180,70.6,21.8,Improve Fitness,Beginner,Home,4.5,5,4,0.83,74,Cardio,1,45,371,1
U5759,28,Female,150,65.2,29,Gain Strength,Beginner,Gym,7.4,8,4,0.73,88,Push,1,50,361,1
U5760,22,Female,172,88.2,29.8,Gain Strength,Advanced,Gym,5.6,3,2,0.57,70,Legs,3,74,592,1
U5761,43,Male,159,62.9,24.9,Build Muscle,Intermediate,Mixed,6.9,3,5,0.8,86,Push,2,52,528,1
U5762,18,Female,191,115.6,31.7,Gain Strength,Intermediate,Home,7.7,4,3,0.57,69,Lower Body,2,43,459,1
U5763,44,Female,190,87.4,24.2,Gain Strength,Beginner,Home,7.7,8,3,0.79,100,Legs,1,51,494,1
U5764,24,Male,172,66.9,22.6,Gain Strength,Intermediate,Gym,7.5,7,0,1,63,Upper Body,2,52,391,1
U5765,24,Female,195,95.4,25.1,Improve Fitness,Beginner,Gym,6.1,0,1,0.73,60,Full Body,1,43,445,1
U5766,35,Female,172,85.5,28.9,Gain Strength,Intermediate,Mixed,7.3,6,6,0.55,84,Lower Body,2,44,463,1
U5767,43,Male,160,64.8,25.3,Lose Weight,Beginner,Mixed,8.1,6,4,0.51,77,Full Body,1,60,571,1
U5768,41,Male,151,63.2,27.7,Lose Weight,Intermediate,Gym,6.6,1,0,0.49,71,Lower Body,2,64,668,1
U5769,31,Female,176,92,29.7,Lose Weight,Intermediate,Home,8.3,5,5,0.64,52,Cardio,2,49,370,1
U5770,19,Male,160,58.1,22.7,Improve Fitness,Beginner,Home,6.6,4,1,0.8,70,Upper Body,1,46,320,1
U5771,25,Male,152,49.2,21.3,Improve Fitness,Intermediate,Gym,8.3,2,4,0.75,78,Full Body,2,40,260,1
U5772,28,Female,191,63.1,17.3,Build Muscle,Beginner,Home,4.5,5,1,0.46,64,Push,1,57,651,0
U5773,18,Female,195,102.3,26.9,Build Muscle,Intermediate,Home,4.5,4,1,1,74,Legs,2,45,511,1
U5774,37,Female,158,75.4,30.2,Improve Fitness,Beginner,Gym,6.1,9,3,0.81,73,Full Body,1,45,429,1
U5775,30,Female,166,76.9,27.9,Lose Weight,Beginner,Mixed,6.8,1,2,0.81,88,Cardio,1,37,252,1
U5776,27,Male,154,51.7,21.8,Gain Strength,Beginner,Gym,7.4,8,4,0.38,82,Legs,1,67,676,0
U5777,32,Male,182,108.3,32.7,Improve Fitness,Beginner,Mixed,5.7,2,4,0.7,85,Lower Body,1,51,436,1
U5778,25,Male,161,63.8,24.6,Gain Strength,Intermediate,Gym,7.3,2,6,0.65,65,Push,2,57,473,1
U5779,20,Female,172,71.3,24.1,Lose Weight,Beginner,Gym,7.1,7,6,0.51,71,Cardio,1,33,334,1
U5780,41,Female,160,79.6,31.1,Gain Strength,Intermediate,Gym,6.6,4,0,0.5,69,Push,2,62,424,0
U5781,28,Female,163,57.1,21.5,Gain Strength,Advanced,Mixed,5.6,2,2,0.75,61,Upper Body,3,43,422,1
U5782,39,Female,158,54.7,21.9,Gain Strength,Advanced,Gym,7.3,5,6,0.44,45,Push,3,53,590,1
U5783,39,Male,179,87.5,27.3,Build Muscle,Beginner,Home,5,4,3,0.54,45,Push,1,57,452,0
U5784,27,Female,193,83.8,22.5,Build Muscle,Intermediate,Gym,7.6,0,4,0.74,100,Upper Body,2,54,365,1
U5785,41,Female,154,69,29.1,Build Muscle,Beginner,Gym,6.1,0,6,0.5,100,Push,1,66,634,1
U5786,38,Male,153,67.9,29,Gain Strength,Intermediate,Mixed,7.7,1,2,0.73,76,Legs,2,67,528,1
U5787,40,Male,159,46.3,18.3,Lose Weight,Advanced,Gym,7.3,9,0,0.73,58,Cardio,3,33,266,1
U5788,22,Male,185,76,22.2,Lose Weight,Beginner,Mixed,8.8,3,6,0.7,100,Lower Body,1,62,517,1
U5789,27,Female,164,46.3,17.2,Lose Weight,Intermediate,Home,6.5,8,2,0.44,53,Cardio,2,33,236,0
U5790,40,Male,183,70.3,21,Gain Strength,Beginner,Gym,7.4,3,3,0.77,61,Legs,1,58,505,1
U5791,24,Male,174,51.5,17,Gain Strength,Beginner,Gym,8.7,5,5,0.67,55,Upper Body,1,52,349,1
U5792,38,Male,193,95.7,25.7,Lose Weight,Advanced,Home,7.3,7,2,0.66,74,Full Body,3,53,514,1
U5793,42,Male,167,54.7,19.6,Build Muscle,Advanced,Gym,7.9,2,1,0.54,62,Upper Body,3,65,591,1
U5794,28,Female,171,79.5,27.2,Gain Strength,Intermediate,Gym,8.4,3,2,1,87,Pull,2,61,685,1
U5795,37,Male,152,53.4,23.1,Build Muscle,Beginner,Gym,5.4,1,2,0.97,92,Legs,1,54,417,1
U5796,44,Male,178,68.8,21.7,Build Muscle,Beginner,Gym,8.1,10,0,0.66,94,Pull,1,52,466,1
U5797,44,Male,165,60.7,22.3,Gain Strength,Beginner,Gym,9.3,3,2,0.86,98,Push,1,63,626,1
U5798,20,Male,179,72.4,22.6,Build Muscle,Beginner,Gym,7.5,9,3,0.55,84,Push,1,69,507,1
U5799,19,Female,151,64.5,28.3,Build Muscle,Intermediate,Home,9.5,9,2,0.81,82,Push,2,48,507,1
U5800,37,Female,157,55.5,22.5,Lose Weight,Intermediate,Gym,7.7,2,2,0.65,73,Lower Body,2,57,642,1
U5801,26,Female,190,91,25.2,Gain Strength,Intermediate,Gym,6.7,5,3,0.73,66,Legs,2,52,502,1
U5802,41,Female,169,65.4,22.9,Lose Weight,Intermediate,Mixed,8.3,8,3,0.75,77,Recovery,2,22,249,1
U5803,25,Male,157,45.4,18.4,Build Muscle,Beginner,Mixed,7.6,0,3,0.82,66,Upper Body,1,46,430,1
U5804,38,Male,167,92.9,33.3,Gain Strength,Intermediate,Home,4.6,0,1,0.86,82,Push,2,63,715,1
U5805,28,Male,160,68.6,26.8,Lose Weight,Beginner,Gym,7.3,6,2,0.82,85,Cardio,1,49,436,1
U5806,31,Male,168,60.7,21.5,Improve Fitness,Beginner,Home,7.4,6,0,0.69,55,Full Body,1,57,381,0
U5807,35,Female,156,66.9,27.5,Lose Weight,Beginner,Gym,6.5,1,1,0.45,63,Recovery,1,24,235,0
U5808,28,Male,175,64.6,21.1,Build Muscle,Beginner,Gym,8.2,0,6,0.75,92,Pull,1,64,506,1
U5809,42,Male,184,73.5,21.7,Gain Strength,Advanced,Gym,8.1,3,0,1,77,Push,3,70,689,1
U5810,34,Female,182,93.1,28.1,Lose Weight,Advanced,Gym,7.9,0,3,0.46,80,Recovery,3,27,200,1
U5811,19,Male,157,63.6,25.8,Build Muscle,Intermediate,Home,6.8,1,5,0.56,82,Pull,2,64,477,1
U5812,34,Male,192,75.2,20.4,Lose Weight,Advanced,Mixed,9.4,9,0,0.74,53,Full Body,3,43,472,1
U5813,34,Male,159,56.4,22.3,Gain Strength,Beginner,Home,6.8,2,1,1,58,Pull,1,66,657,1
U5814,28,Male,190,86.6,24,Build Muscle,Intermediate,Mixed,6.5,10,6,0.81,64,Legs,2,56,487,1
U5815,30,Female,179,63.1,19.7,Lose Weight,Intermediate,Gym,6.9,3,6,0.67,63,Cardio,2,46,389,1
U5816,31,Male,158,55.4,22.2,Lose Weight,Beginner,Home,8.4,6,2,0.66,54,Full Body,1,54,504,1
U5817,45,Female,172,66.9,22.6,Build Muscle,Beginner,Gym,7.2,4,5,0.48,96,Push,1,45,371,1
U5818,18,Male,173,84.1,28.1,Gain Strength,Beginner,Home,8.7,4,5,0.79,40,Legs,1,47,540,1
U5819,32,Female,163,82.1,30.9,Improve Fitness,Advanced,Gym,6.2,0,0,0.58,74,Upper Body,3,56,634,1
U5820,30,Female,194,114,30.3,Gain Strength,Beginner,Mixed,8.3,2,2,0.88,67,Upper Body,1,41,422,1
U5821,23,Female,186,79.9,23.1,Improve Fitness,Beginner,Home,7.5,10,5,0.7,85,Upper Body,1,63,585,1
U5822,34,Male,195,106.5,28,Gain Strength,Intermediate,Gym,7.8,2,2,0.27,73,Upper Body,2,47,458,0
U5823,28,Female,190,86.6,24,Build Muscle,Advanced,Home,7.3,9,2,0.58,52,Push,3,50,459,1
U5824,35,Female,158,65.9,26.4,Build Muscle,Beginner,Home,6.7,3,2,0.82,61,Legs,1,56,544,1
U5825,27,Female,155,73,30.4,Gain Strength,Intermediate,Gym,8.2,3,6,0.77,68,Lower Body,2,51,555,1
U5826,44,Female,178,89,28.1,Build Muscle,Intermediate,Home,7.5,4,1,0.76,87,Upper Body,2,44,372,1
U5827,42,Female,187,106.7,30.5,Lose Weight,Beginner,Home,5.7,3,6,0.53,60,Lower Body,1,59,631,1
U5828,32,Male,150,40.9,18.2,Lose Weight,Beginner,Home,7,9,4,0.83,71,Lower Body,1,43,353,1
U5829,38,Male,180,72.3,22.3,Improve Fitness,Advanced,Gym,8.3,8,6,0.75,77,Lower Body,3,58,624,1
U5830,29,Male,186,101.4,29.3,Build Muscle,Intermediate,Gym,7,9,0,1,65,Push,2,61,660,1
U5831,24,Male,163,87.4,32.9,Build Muscle,Beginner,Mixed,6,3,3,0.81,62,Upper Body,1,65,630,1
U5832,24,Female,150,65.7,29.2,Gain Strength,Beginner,Gym,6.6,10,3,0.77,62,Legs,1,73,546,1
U5833,20,Female,172,84,28.4,Lose Weight,Beginner,Gym,6.4,1,6,1,57,Full Body,1,48,472,1
U5834,23,Male,151,42.9,18.8,Gain Strength,Beginner,Mixed,8.1,5,1,0.61,71,Upper Body,1,55,611,1
U5835,40,Female,186,79.9,23.1,Build Muscle,Intermediate,Gym,5.7,10,5,0.71,90,Push,2,55,449,1
U5836,20,Female,193,106.9,28.7,Build Muscle,Intermediate,Home,7.4,9,1,0.92,56,Push,2,67,441,1
U5837,41,Male,176,71.6,23.1,Lose Weight,Intermediate,Gym,7.5,6,2,0.7,68,Cardio,2,48,487,1
U5838,28,Male,158,48.7,19.5,Improve Fitness,Beginner,Home,4.8,8,3,0.87,75,Upper Body,1,48,394,1
U5839,30,Female,155,68,28.3,Build Muscle,Beginner,Gym,6.6,8,5,0.59,72,Pull,1,48,504,1
U5840,22,Female,190,101.4,28.1,Build Muscle,Intermediate,Mixed,6.8,1,6,0.86,56,Legs,2,53,453,1
U5841,19,Female,158,59.4,23.8,Gain Strength,Intermediate,Gym,7,10,6,0.94,75,Pull,2,64,734,1
U5842,40,Male,151,72.5,31.8,Build Muscle,Intermediate,Home,5.6,2,6,0.74,74,Push,2,54,381,1
U5843,26,Female,182,89.8,27.1,Build Muscle,Intermediate,Mixed,6.2,2,6,1,72,Lower Body,2,57,414,1
U5844,21,Female,161,51.6,19.9,Build Muscle,Beginner,Home,7.1,10,1,0.66,100,Pull,1,63,605,1
U5845,44,Male,188,102.1,28.9,Build Muscle,Intermediate,Home,7.2,6,2,0.7,86,Upper Body,2,49,411,1
U5846,20,Female,172,84.9,28.7,Build Muscle,Intermediate,Gym,4.5,1,3,0.84,72,Legs,2,56,608,1
U5847,21,Male,166,52.4,19,Build Muscle,Intermediate,Gym,8.1,5,2,1,80,Upper Body,2,41,392,1
U5848,34,Female,177,91.2,29.1,Lose Weight,Advanced,Home,9.1,8,6,0.57,44,Lower Body,3,57,543,1
U5849,18,Male,176,84.6,27.3,Build Muscle,Beginner,Mixed,6.8,3,0,0.47,70,Pull,1,55,411,1
U5850,37,Male,190,99.6,27.6,Build Muscle,Beginner,Mixed,6.9,5,0,0.58,68,Legs,1,63,509,1
U5851,29,Male,189,87.2,24.4,Lose Weight,Intermediate,Mixed,5,10,5,0.69,51,Cardio,2,34,271,1
U5852,23,Male,160,69.9,27.3,Build Muscle,Beginner,Mixed,5.4,7,5,0.9,65,Push,1,48,354,1
U5853,22,Male,168,62.7,22.2,Build Muscle,Advanced,Gym,7.4,1,3,0.56,76,Legs,3,45,447,1
U5854,27,Female,177,67,21.4,Build Muscle,Beginner,Home,6.5,1,5,0.79,54,Pull,1,52,388,1
U5855,30,Male,172,56.8,19.2,Gain Strength,Beginner,Home,7.4,10,3,0.72,74,Pull,1,58,522,1
U5856,31,Female,184,87.7,25.9,Build Muscle,Beginner,Gym,7.2,1,5,0.83,73,Pull,1,46,419,1
U5857,43,Female,160,43.5,17,Lose Weight,Intermediate,Gym,5.2,5,2,1,72,Lower Body,2,59,536,1
U5858,23,Male,188,100.7,28.5,Gain Strength,Beginner,Mixed,6.7,1,1,0.71,65,Legs,1,47,469,1
U5859,20,Male,181,114.3,34.9,Lose Weight,Advanced,Gym,7.4,9,2,0.62,47,Full Body,3,57,393,1
U5860,32,Female,195,124.7,32.8,Gain Strength,Beginner,Home,6.9,4,0,0.85,84,Pull,1,51,559,1
U5861,28,Male,168,63.8,22.6,Improve Fitness,Beginner,Gym,7.8,8,6,0.61,57,Recovery,1,20,157,1
U5862,26,Female,178,93.2,29.4,Improve Fitness,Beginner,Gym,6.9,0,6,0.81,78,Cardio,1,50,432,1
U5863,41,Female,159,68.8,27.2,Lose Weight,Beginner,Home,5.4,5,3,0.61,67,Cardio,1,36,329,1
U5864,23,Female,170,60.7,21,Build Muscle,Intermediate,Gym,7.6,2,4,0.93,92,Legs,2,73,693,1
U5865,21,Male,163,61.4,23.1,Gain Strength,Intermediate,Mixed,7.4,1,5,0.8,81,Upper Body,2,51,396,1
U5866,22,Female,194,78.3,20.8,Build Muscle,Advanced,Gym,9.1,7,5,0.89,86,Pull,3,62,705,1
U5867,40,Male,160,75.8,29.6,Lose Weight,Beginner,Gym,7.7,4,0,0.54,69,Full Body,1,42,472,1
U5868,22,Female,191,64.2,17.6,Build Muscle,Intermediate,Home,7.6,8,3,0.69,71,Push,2,49,358,1
U5869,34,Female,191,108,29.6,Improve Fitness,Beginner,Gym,6.6,9,1,0.67,72,Cardio,1,41,412,0
U5870,23,Male,191,62,17,Build Muscle,Intermediate,Gym,6.8,1,0,0.27,63,Push,2,48,381,0
U5871,33,Female,164,75.6,28.1,Lose Weight,Intermediate,Gym,7.6,1,5,0.61,72,Full Body,2,41,461,1
U5872,38,Male,176,62,20,Gain Strength,Advanced,Gym,7.1,9,2,1,99,Legs,3,63,698,1
U5873,31,Female,166,68.1,24.7,Build Muscle,Beginner,Mixed,7.3,0,3,0.54,59,Pull,1,65,682,1
U5874,26,Male,168,73.4,26,Build Muscle,Advanced,Home,6.5,8,4,0.88,95,Pull,3,62,436,1
U5875,31,Female,161,67.1,25.9,Lose Weight,Beginner,Mixed,7.2,7,1,0.42,83,Recovery,1,30,319,0
U5876,24,Male,155,47.3,19.7,Build Muscle,Beginner,Gym,6.6,1,4,0.89,87,Pull,1,54,443,1
U5877,41,Female,181,73.7,22.5,Build Muscle,Beginner,Home,6.7,6,4,0.59,54,Full Body,1,47,353,1
U5878,37,Male,183,73,21.8,Improve Fitness,Intermediate,Gym,5.3,0,2,0.84,77,Full Body,2,52,476,1
U5879,45,Female,157,66.3,26.9,Lose Weight,Beginner,Home,6.1,0,5,0.5,72,Full Body,1,44,354,1
U5880,21,Male,154,58.8,24.8,Gain Strength,Beginner,Gym,6.9,5,3,0.67,97,Legs,1,48,474,1
U5881,43,Male,177,82.4,26.3,Lose Weight,Beginner,Gym,9.3,10,6,0.95,97,Full Body,1,40,427,1
U5882,23,Male,170,57.8,20,Improve Fitness,Intermediate,Home,7.8,9,3,0.64,47,Full Body,2,56,527,0
U5883,20,Female,189,110,30.8,Lose Weight,Beginner,Gym,6.8,6,0,0.53,65,Cardio,1,31,333,1
U5884,18,Female,161,55,21.2,Build Muscle,Beginner,Mixed,6.3,4,3,0.68,97,Pull,1,70,611,1
U5885,31,Female,162,56.9,21.7,Lose Weight,Advanced,Gym,8.9,9,6,0.87,77,Cardio,3,44,398,1
U5886,37,Male,181,90.4,27.6,Improve Fitness,Intermediate,Gym,7.1,0,0,0.95,80,Recovery,2,29,203,1
U5887,33,Male,177,54.8,17.5,Build Muscle,Advanced,Gym,7.4,7,5,0.86,67,Pull,3,57,380,1
U5888,20,Male,183,83.7,25,Build Muscle,Beginner,Home,6.4,10,4,0.47,48,Pull,1,47,531,0
U5889,40,Female,186,62.3,18,Improve Fitness,Intermediate,Gym,7.8,3,4,0.27,62,Full Body,2,57,629,0
U5890,21,Female,179,68.2,21.3,Build Muscle,Beginner,Home,6.8,5,1,0.39,78,Full Body,1,43,409,0
U5891,41,Female,171,56.1,19.2,Improve Fitness,Advanced,Home,8.3,3,3,0.61,70,Full Body,3,52,419,1
U5892,28,Male,154,58.1,24.5,Lose Weight,Intermediate,Gym,7.4,7,0,0.73,65,Cardio,2,47,495,1
U5893,34,Male,151,59.1,25.9,Lose Weight,Beginner,Gym,7.6,0,0,0.58,78,Full Body,1,41,338,1
U5894,30,Female,166,81.3,29.5,Gain Strength,Intermediate,Gym,7.9,5,4,0.89,74,Pull,2,63,581,1
U5895,18,Male,161,53.4,20.6,Improve Fitness,Intermediate,Gym,6.2,4,3,0.78,86,Full Body,2,51,365,1
U5896,39,Female,166,99.2,36,Build Muscle,Beginner,Gym,8.2,10,0,0.51,60,Lower Body,1,40,308,0
U5897,28,Male,175,104.4,34.1,Improve Fitness,Intermediate,Gym,6.9,7,2,0.73,57,Full Body,2,60,503,1
U5898,43,Male,165,84.7,31.1,Build Muscle,Beginner,Mixed,7.7,1,3,0.58,57,Full Body,1,43,447,1
U5899,28,Male,161,66.9,25.8,Gain Strength,Intermediate,Gym,7.1,5,6,0.87,80,Pull,2,65,589,1
U5900,38,Male,183,78.4,23.4,Build Muscle,Beginner,Gym,6.5,6,0,0.69,63,Upper Body,1,62,572,1
U5901,41,Female,186,83,24,Gain Strength,Beginner,Home,7.1,0,3,0.56,81,Push,1,51,421,1
U5902,21,Male,169,65.4,22.9,Lose Weight,Beginner,Mixed,6.2,9,3,0.66,75,Full Body,1,47,306,1
U5903,33,Male,193,92.4,24.8,Build Muscle,Beginner,Home,7.6,10,2,0.88,91,Upper Body,1,53,410,1
U5904,40,Male,189,91.8,25.7,Build Muscle,Advanced,Gym,5.9,8,0,0.67,56,Lower Body,3,47,404,0
U5905,19,Female,194,118.9,31.6,Improve Fitness,Beginner,Gym,9.3,1,1,0.84,84,Full Body,1,45,394,1
U5906,36,Male,182,84.8,25.6,Build Muscle,Beginner,Gym,7.5,7,0,0.43,70,Pull,1,68,464,0
U5907,32,Female,169,59.4,20.8,Lose Weight,Beginner,Gym,7.4,2,5,0.71,100,Full Body,1,44,316,1
U5908,39,Male,169,80.8,28.3,Improve Fitness,Advanced,Mixed,7.4,7,2,0.67,97,Recovery,3,35,356,1
U5909,25,Female,153,57.1,24.4,Build Muscle,Beginner,Mixed,7.5,9,3,0.73,65,Lower Body,1,49,343,1
U5910,34,Female,180,80,24.7,Lose Weight,Intermediate,Home,4.9,3,3,0.44,77,Full Body,2,58,385,1
U5911,19,Male,170,89.9,31.1,Build Muscle,Beginner,Gym,7.5,1,0,0.59,50,Lower Body,1,65,734,1
U5912,41,Male,165,75.7,27.8,Build Muscle,Intermediate,Gym,6.5,10,2,0.84,77,Legs,2,64,655,1
U5913,21,Male,167,73.9,26.5,Build Muscle,Beginner,Mixed,7.1,8,2,0.79,70,Lower Body,1,42,359,1
U5914,44,Male,167,60.8,21.8,Build Muscle,Advanced,Home,6,10,3,0.29,69,Push,3,45,347,0
U5915,34,Male,156,75.2,30.9,Build Muscle,Intermediate,Gym,7.9,9,6,0.76,60,Push,2,53,543,1
U5916,20,Female,176,88.9,28.7,Gain Strength,Advanced,Gym,7,0,4,1,57,Legs,3,47,364,1
U5917,20,Female,164,57.6,21.4,Gain Strength,Intermediate,Mixed,6.2,4,4,0.45,57,Pull,2,69,691,0
U5918,45,Female,165,67.8,24.9,Build Muscle,Intermediate,Mixed,6.3,2,6,0.2,88,Lower Body,2,47,439,1
U5919,31,Female,160,44.5,17.4,Lose Weight,Advanced,Mixed,7.7,3,0,0.73,100,Full Body,3,40,440,1
U5920,18,Male,192,105.8,28.7,Improve Fitness,Intermediate,Home,6.5,0,3,0.59,94,Upper Body,2,44,449,1
U5921,40,Female,164,49.2,18.3,Build Muscle,Beginner,Gym,7.3,10,3,0.7,66,Pull,1,48,313,1
U5922,20,Female,189,92.9,26,Build Muscle,Advanced,Gym,7.3,0,1,0.8,74,Push,3,52,408,1
U5923,27,Female,174,79.6,26.3,Lose Weight,Beginner,Home,7.2,10,0,0.6,72,Cardio,1,47,309,1
U5924,30,Female,169,61.4,21.5,Build Muscle,Advanced,Gym,6.2,7,0,0.66,70,Legs,3,61,683,1
U5925,26,Male,184,83.3,24.6,Build Muscle,Beginner,Gym,8.1,0,3,0.63,74,Pull,1,62,554,1
U5926,36,Female,167,69.7,25,Build Muscle,Beginner,Gym,6.4,5,3,0.73,87,Legs,1,75,799,1
U5927,37,Female,169,72.3,25.3,Build Muscle,Advanced,Gym,7.3,1,6,0.59,100,Pull,3,50,465,1
U5928,36,Female,187,76.2,21.8,Build Muscle,Beginner,Mixed,5.3,5,4,0.87,70,Legs,1,70,708,1
U5929,28,Male,193,86.4,23.2,Lose Weight,Beginner,Mixed,6.5,9,2,1,77,Full Body,1,50,511,1
U5930,27,Female,179,85.9,26.8,Lose Weight,Beginner,Mixed,7.3,7,1,0.77,92,Full Body,1,41,432,1
U5931,25,Male,183,78.4,23.4,Lose Weight,Intermediate,Gym,5.5,8,6,0.88,79,Full Body,2,55,576,1
U5932,39,Male,173,74.8,25,Gain Strength,Intermediate,Gym,7.6,5,5,0.65,72,Upper Body,2,47,337,1
U5933,19,Male,179,76.6,23.9,Improve Fitness,Beginner,Gym,6.4,8,4,0.93,50,Upper Body,1,60,430,1
U5934,22,Male,169,98.2,34.4,Lose Weight,Intermediate,Home,8.1,0,5,0.4,68,Full Body,2,52,470,1
U5935,33,Male,151,54.3,23.8,Build Muscle,Advanced,Gym,7.5,9,6,0.54,72,Pull,3,53,399,1
U5936,36,Male,189,85.7,24,Build Muscle,Beginner,Gym,6.3,1,4,0.56,85,Push,1,45,425,1
U5937,38,Female,167,48.5,17.4,Build Muscle,Beginner,Gym,7.6,5,6,0.86,68,Upper Body,1,43,365,1
U5938,26,Female,188,87.3,24.7,Lose Weight,Beginner,Gym,8.4,5,0,0.59,62,Full Body,1,53,489,1
U5939,27,Male,190,80.9,22.4,Gain Strength,Advanced,Gym,8.4,5,1,0.95,51,Pull,3,56,414,1
U5940,42,Female,176,88.9,28.7,Build Muscle,Intermediate,Home,8,4,6,1,77,Push,2,63,666,1
U5941,32,Male,178,77,24.3,Gain Strength,Advanced,Gym,8.4,6,5,0.85,100,Upper Body,3,47,343,1
U5942,39,Male,165,77.6,28.5,Lose Weight,Beginner,Gym,7.3,7,5,0.51,63,Recovery,1,30,215,1
U5943,33,Female,156,45,18.5,Improve Fitness,Beginner,Gym,6.9,8,1,0.89,71,Full Body,1,45,355,1
U5944,35,Female,163,76.5,28.8,Lose Weight,Intermediate,Home,7.5,0,4,0.65,73,Recovery,2,32,263,1
U5945,21,Female,190,95.7,26.5,Build Muscle,Intermediate,Home,7.3,0,4,0.75,60,Lower Body,2,61,558,1
U5946,41,Male,173,67.9,22.7,Lose Weight,Beginner,Mixed,9.5,0,5,0.94,49,Full Body,1,51,494,1
U5947,28,Male,195,64.6,17,Build Muscle,Advanced,Gym,7.2,10,4,0.88,64,Full Body,3,48,419,1
U5948,32,Male,193,107.3,28.8,Build Muscle,Beginner,Home,7.2,6,5,0.69,83,Pull,1,51,497,1
U5949,36,Female,182,73.9,22.3,Build Muscle,Beginner,Gym,6.8,9,5,0.84,71,Upper Body,1,48,352,1
U5950,27,Female,169,92.8,32.5,Build Muscle,Intermediate,Mixed,7.9,1,4,0.83,71,Lower Body,2,65,740,1
U5951,37,Male,180,91.4,28.2,Lose Weight,Beginner,Gym,6.7,9,3,0.77,58,Lower Body,1,52,449,1
U5952,23,Male,187,101.1,28.9,Lose Weight,Beginner,Gym,7.4,0,0,1,100,Full Body,1,49,394,1
U5953,21,Female,176,85.8,27.7,Build Muscle,Intermediate,Gym,7.2,3,3,0.55,85,Legs,2,53,416,1
U5954,22,Male,192,93.6,25.4,Lose Weight,Intermediate,Mixed,7.7,4,3,1,59,Full Body,2,51,334,1
U5955,40,Male,159,52.1,20.6,Build Muscle,Intermediate,Gym,6.8,3,5,0.87,80,Pull,2,70,790,1
U5956,29,Male,189,73.9,20.7,Lose Weight,Beginner,Gym,7.9,6,6,0.5,59,Cardio,1,49,509,1
U5957,44,Female,190,86.6,24,Build Muscle,Intermediate,Gym,6.5,3,4,0.88,76,Pull,2,69,708,1
U5958,34,Female,167,89,31.9,Build Muscle,Advanced,Gym,6.8,1,1,0.7,90,Push,3,45,320,1
U5959,21,Female,170,69.6,24.1,Lose Weight,Beginner,Gym,8.7,3,5,0.82,36,Full Body,1,44,440,1
U5960,45,Male,183,98.5,29.4,Gain Strength,Beginner,Mixed,8.1,0,4,0.89,43,Legs,1,45,344,1
U5961,41,Male,185,74.3,21.7,Gain Strength,Beginner,Home,6.5,7,3,0.57,98,Pull,1,67,626,1
U5962,43,Female,191,89.4,24.5,Improve Fitness,Beginner,Mixed,7.1,3,1,0.82,80,Cardio,1,36,373,1
U5963,45,Female,165,46.3,17,Build Muscle,Intermediate,Gym,6.4,5,2,0.47,78,Legs,2,71,595,1
U5964,42,Female,185,79.7,23.3,Lose Weight,Intermediate,Gym,7.1,7,6,0.35,67,Full Body,2,59,594,1
U5965,21,Male,180,94.6,29.2,Gain Strength,Beginner,Gym,8.7,8,5,0.85,51,Pull,1,68,679,1
U5966,41,Female,171,87.1,29.8,Build Muscle,Beginner,Gym,7.9,5,2,0.7,41,Upper Body,1,42,339,1
U5967,37,Female,157,70.2,28.5,Build Muscle,Intermediate,Gym,6.4,5,6,0.78,73,Legs,2,48,450,1
U5968,29,Male,192,114.3,31,Build Muscle,Beginner,Gym,7,8,0,0.72,95,Pull,1,68,657,1
U5969,30,Male,171,63.5,21.7,Lose Weight,Intermediate,Home,8,6,1,0.68,56,Cardio,2,41,326,1
U5970,31,Male,194,92.2,24.5,Gain Strength,Beginner,Gym,7.9,4,2,0.96,94,Legs,1,48,404,1
U5971,18,Male,177,73,23.3,Lose Weight,Intermediate,Gym,6,7,3,0.66,54,Full Body,2,45,348,1
U5972,32,Female,172,69.8,23.6,Gain Strength,Intermediate,Gym,6.7,4,5,0.85,38,Pull,2,47,495,1
U5973,24,Female,161,55.5,21.4,Build Muscle,Intermediate,Gym,6.3,8,3,0.93,55,Push,2,65,630,1
U5974,44,Female,171,74.6,25.5,Lose Weight,Beginner,Home,7,10,1,0.91,80,Full Body,1,42,352,1
U5975,45,Male,180,81,25,Build Muscle,Beginner,Gym,6.5,4,3,0.39,75,Upper Body,1,58,640,1
U5976,25,Male,167,74.5,26.7,Build Muscle,Beginner,Gym,5.4,6,2,0.5,75,Lower Body,1,52,456,0
U5977,22,Male,175,79.3,25.9,Improve Fitness,Intermediate,Gym,6,0,5,0.62,44,Full Body,2,55,357,1
U5978,29,Female,152,70,30.3,Build Muscle,Intermediate,Mixed,5.7,10,0,0.82,71,Full Body,2,55,552,0
U5979,29,Female,175,91.6,29.9,Gain Strength,Intermediate,Gym,6.2,2,4,0.73,46,Legs,2,46,364,1
U5980,20,Female,194,64,17,Lose Weight,Beginner,Home,7.8,6,4,0.4,68,Full Body,1,56,624,1
U5981,28,Male,192,105.8,28.7,Gain Strength,Beginner,Home,7.9,4,2,0.6,48,Lower Body,1,40,269,1
U5982,39,Female,152,61.5,26.6,Gain Strength,Intermediate,Home,8.6,0,1,0.6,59,Lower Body,2,62,545,1
U5983,24,Female,155,53.6,22.3,Lose Weight,Intermediate,Home,7.7,2,5,0.94,53,Cardio,2,47,531,1
U5984,25,Male,157,44.9,18.2,Gain Strength,Advanced,Gym,9.5,7,6,0.69,75,Upper Body,3,53,351,1
U5985,23,Female,190,78,21.6,Improve Fitness,Beginner,Gym,7.6,8,3,0.89,76,Full Body,1,40,366,1
U5986,34,Male,192,117.2,31.8,Improve Fitness,Intermediate,Home,6.7,2,2,0.67,75,Recovery,2,33,348,1
U5987,27,Male,164,71.3,26.5,Build Muscle,Advanced,Gym,7.4,7,6,0.49,76,Push,3,67,499,1
U5988,18,Female,169,65.4,22.9,Build Muscle,Beginner,Gym,6.5,1,6,0.73,57,Upper Body,1,42,364,1
U5989,29,Female,179,63.1,19.7,Lose Weight,Intermediate,Gym,4.5,8,6,1,80,Lower Body,2,47,471,1
U5990,27,Female,181,78.6,24,Build Muscle,Beginner,Home,6.4,1,5,0.2,61,Legs,1,49,392,0
U5991,20,Female,160,70.4,27.5,Gain Strength,Beginner,Gym,8.1,4,2,0.84,74,Legs,1,63,722,1
U5992,37,Male,150,67.5,30,Improve Fitness,Beginner,Gym,6.7,9,5,0.92,66,Full Body,1,58,652,1
U5993,35,Male,169,59.4,20.8,Build Muscle,Beginner,Gym,6,10,0,0.53,81,Legs,1,70,471,0
U5994,26,Female,153,50.1,21.4,Gain Strength,Intermediate,Mixed,6,10,4,0.85,76,Upper Body,2,64,506,1
U5995,44,Male,189,101.8,28.5,Lose Weight,Advanced,Gym,7.7,2,1,0.58,73,Cardio,3,48,337,1
U5996,28,Male,182,82.8,25,Build Muscle,Intermediate,Gym,6.1,1,1,0.52,61,Upper Body,2,52,471,1
U5997,23,Male,175,101.4,33.1,Lose Weight,Beginner,Gym,6.6,1,0,0.94,64,Full Body,1,53,381,1
U5998,32,Male,165,76.8,28.2,Lose Weight,Advanced,Gym,8.1,1,4,0.89,77,Recovery,3,28,223,1
U5999,34,Male,171,88.6,30.3,Lose Weight,Advanced,Gym,7.5,6,4,1,47,Full Body,3,55,476,1
U6000,37,Female,173,77.8,26,Build Muscle,Beginner,Mixed,7.4,0,1,0.55,80,Push,1,54,380,1
U6001,26,Male,155,43.7,18.2,Gain Strength,Beginner,Gym,6.4,5,5,0.36,95,Upper Body,1,62,679,1
U6002,44,Female,194,88.4,23.5,Lose Weight,Beginner,Gym,9.5,1,0,0.86,78,Full Body,1,54,607,1
U6003,28,Male,193,81.9,22,Lose Weight,Intermediate,Home,5.9,2,0,0.81,70,Lower Body,2,57,618,1
U6004,26,Female,183,63.3,18.9,Lose Weight,Beginner,Gym,5.4,1,5,0.55,99,Cardio,1,50,409,1
U6005,25,Female,152,78.1,33.8,Improve Fitness,Advanced,Home,7.3,0,5,0.75,66,Cardio,3,32,276,1
U6006,18,Male,169,58.8,20.6,Improve Fitness,Intermediate,Gym,8.6,2,3,1,58,Recovery,2,35,343,1
U6007,29,Male,191,88.3,24.2,Lose Weight,Intermediate,Gym,6.6,9,4,0.64,89,Lower Body,2,47,308,1
U6008,30,Female,186,65.7,19,Lose Weight,Beginner,Home,7.6,2,2,0.85,69,Full Body,1,54,586,1
U6009,27,Male,184,95.8,28.3,Gain Strength,Beginner,Home,7.3,7,1,0.94,49,Lower Body,1,40,444,1
U6010,23,Female,189,82.2,23,Build Muscle,Beginner,Gym,7,5,2,0.24,55,Push,1,47,375,0
U6011,21,Male,153,49.4,21.1,Build Muscle,Beginner,Gym,8.1,9,1,0.59,59,Push,1,49,441,1
U6012,20,Female,180,90.4,27.9,Gain Strength,Intermediate,Home,5.3,3,3,0.35,66,Upper Body,2,54,390,0
U6013,35,Male,174,55.7,18.4,Improve Fitness,Intermediate,Gym,5.5,8,1,0.82,85,Full Body,2,60,410,1
U6014,39,Female,182,92.1,27.8,Gain Strength,Beginner,Gym,8.3,3,2,0.94,40,Upper Body,1,63,578,1
U6015,41,Male,187,92.3,26.4,Build Muscle,Beginner,Mixed,6.5,7,0,0.59,80,Upper Body,1,44,415,1
U6016,29,Female,162,45.1,17.2,Build Muscle,Intermediate,Gym,5.2,3,5,0.83,79,Upper Body,2,43,350,1
U6017,18,Female,153,58.8,25.1,Gain Strength,Intermediate,Gym,6.1,10,3,0.85,82,Push,2,52,458,1
U6018,34,Female,154,59.1,24.9,Build Muscle,Advanced,Gym,5.8,3,2,0.64,84,Legs,3,45,386,1
U6019,32,Female,173,90.1,30.1,Build Muscle,Beginner,Gym,6.7,0,0,0.68,69,Legs,1,72,610,1
U6020,27,Male,187,89.9,25.7,Lose Weight,Advanced,Gym,6.5,10,4,0.2,89,Recovery,3,25,176,0
U6021,42,Male,173,95.8,32,Lose Weight,Intermediate,Gym,6.4,4,1,0.53,69,Cardio,2,31,345,1
U6022,32,Female,172,70.1,23.7,Build Muscle,Intermediate,Gym,8.2,3,6,0.73,60,Push,2,48,313,1
U6023,19,Male,157,46.8,19,Gain Strength,Intermediate,Home,8.1,4,0,0.83,87,Legs,2,72,739,1
U6024,29,Male,156,49.6,20.4,Build Muscle,Intermediate,Mixed,9.1,9,4,0.41,82,Legs,2,64,685,1
U6025,28,Female,156,41.4,17,Gain Strength,Advanced,Gym,6.2,1,2,1,84,Upper Body,3,57,414,1
U6026,20,Female,169,63.4,22.2,Build Muscle,Intermediate,Mixed,6.5,4,4,0.74,79,Upper Body,2,59,578,1
U6027,38,Female,175,91.3,29.8,Improve Fitness,Intermediate,Gym,6.6,0,3,0.43,74,Full Body,2,53,542,1
U6028,20,Female,158,56.4,22.6,Improve Fitness,Beginner,Home,5.7,6,1,0.77,68,Upper Body,1,54,617,1
U6029,28,Male,151,58.8,25.8,Build Muscle,Beginner,Gym,6.1,5,5,0.81,52,Legs,1,71,568,1
U6030,41,Male,162,55.1,21,Build Muscle,Advanced,Mixed,6.8,5,0,1,83,Lower Body,3,52,375,1
U6031,41,Female,161,75.2,29,Improve Fitness,Beginner,Gym,8.7,6,0,1,72,Full Body,1,60,510,1
U6032,30,Male,190,110.1,30.5,Lose Weight,Beginner,Home,8.2,2,6,0.9,98,Full Body,1,59,411,1
U6033,34,Male,151,51.8,22.7,Build Muscle,Beginner,Gym,6.6,4,0,0.78,69,Push,1,65,639,1
U6034,25,Male,189,92.2,25.8,Build Muscle,Beginner,Home,8.8,8,1,0.63,67,Pull,1,61,504,1
U6035,43,Male,179,80.7,25.2,Lose Weight,Intermediate,Mixed,6.8,0,1,0.38,63,Cardio,2,37,357,1
U6036,36,Male,193,102.1,27.4,Lose Weight,Beginner,Gym,8.7,2,5,0.51,54,Full Body,1,54,552,1
U6037,18,Female,160,63,24.6,Gain Strength,Beginner,Gym,4.8,9,4,0.64,45,Push,1,57,415,0
U6038,40,Female,180,98.2,30.3,Build Muscle,Beginner,Mixed,6.3,1,6,1,88,Full Body,1,52,478,1
U6039,34,Male,170,63,21.8,Gain Strength,Intermediate,Mixed,5.9,2,5,0.69,70,Pull,2,56,486,1
U6040,30,Female,179,83.3,26,Gain Strength,Intermediate,Mixed,6.2,2,2,0.85,75,Legs,2,58,547,1
U6041,25,Male,167,64.4,23.1,Build Muscle,Beginner,Mixed,6.3,5,1,0.69,59,Push,1,56,550,1
U6042,41,Female,173,73.9,24.7,Build Muscle,Beginner,Gym,7.2,8,4,0.77,98,Push,1,48,538,1
U6043,34,Female,189,85.4,23.9,Lose Weight,Beginner,Gym,8.2,10,3,0.76,68,Cardio,1,50,478,1
U6044,40,Female,183,80.4,24,Lose Weight,Advanced,Gym,7,9,1,0.77,57,Cardio,3,38,411,1
U6045,35,Female,190,66.1,18.3,Build Muscle,Intermediate,Gym,7.8,3,0,0.88,83,Full Body,2,52,421,1
U6046,31,Female,184,85.3,25.2,Lose Weight,Intermediate,Mixed,7.9,3,2,0.85,83,Lower Body,2,62,485,1
U6047,24,Female,151,47.7,20.9,Lose Weight,Intermediate,Gym,5.9,10,1,0.65,71,Lower Body,2,60,406,0
U6048,40,Male,174,71.1,23.5,Lose Weight,Advanced,Home,5,7,4,1,67,Full Body,3,60,653,1
U6049,43,Female,160,64.5,25.2,Build Muscle,Beginner,Gym,8.5,0,0,0.3,64,Full Body,1,60,509,0
U6050,19,Male,157,56.4,22.9,Lose Weight,Beginner,Gym,6.7,8,4,0.69,93,Full Body,1,41,316,1
U6051,31,Female,164,73.4,27.3,Gain Strength,Beginner,Gym,8.2,0,5,0.73,51,Legs,1,70,577,1
U6052,37,Male,158,42.4,17,Build Muscle,Beginner,Gym,5.4,10,6,0.78,72,Pull,1,53,435,1
U6053,24,Male,173,70.6,23.6,Lose Weight,Beginner,Home,6.7,3,5,1,59,Lower Body,1,49,339,1
U6054,31,Female,159,71.8,28.4,Build Muscle,Intermediate,Home,7.1,8,2,0.71,89,Upper Body,2,64,599,1
U6055,25,Female,156,74.5,30.6,Lose Weight,Beginner,Home,6.8,2,5,0.86,77,Lower Body,1,51,415,1
U6056,18,Male,190,88.4,24.5,Build Muscle,Advanced,Gym,7.3,4,5,0.6,67,Push,3,65,730,1
U6057,21,Male,183,74,22.1,Lose Weight,Intermediate,Gym,8.1,8,4,0.7,52,Cardio,2,40,345,1
U6058,39,Female,186,74.4,21.5,Build Muscle,Beginner,Home,4.5,5,6,0.63,72,Push,1,45,479,1
U6059,30,Female,189,85.4,23.9,Gain Strength,Intermediate,Gym,9.3,10,2,0.82,79,Lower Body,2,57,543,1
U6060,38,Male,157,43.4,17.6,Lose Weight,Intermediate,Mixed,6.7,9,6,0.63,60,Recovery,2,33,293,1
U6061,33,Male,192,77.8,21.1,Gain Strength,Beginner,Gym,5.1,8,1,0.49,85,Push,1,63,531,0
U6062,37,Female,168,67.5,23.9,Lose Weight,Beginner,Gym,6.5,9,5,0.72,89,Full Body,1,50,540,1
U6063,22,Male,191,89.4,24.5,Gain Strength,Beginner,Gym,7.7,0,6,0.57,62,Legs,1,49,448,1
U6064,35,Male,178,82.4,26,Lose Weight,Advanced,Mixed,9.2,6,4,0.98,80,Lower Body,3,43,428,1
U6065,21,Female,177,78.6,25.1,Lose Weight,Beginner,Mixed,8.6,3,1,0.86,37,Recovery,1,32,269,1
U6066,25,Female,159,50.8,20.1,Lose Weight,Intermediate,Gym,7.5,10,6,0.4,58,Full Body,2,60,605,1
U6067,25,Female,184,73.1,21.6,Lose Weight,Beginner,Home,6.8,4,2,0.67,67,Cardio,1,35,358,1
U6068,43,Male,191,102.1,28,Build Muscle,Intermediate,Gym,6.8,0,1,0.65,51,Pull,2,59,499,1
U6069,22,Female,189,102.9,28.8,Build Muscle,Intermediate,Gym,6.4,8,1,0.52,75,Legs,2,54,539,0
U6070,38,Female,184,72.1,21.3,Build Muscle,Intermediate,Gym,6.5,6,5,0.77,67,Push,2,47,426,1
U6071,33,Male,157,84.3,34.2,Lose Weight,Beginner,Gym,7,6,0,0.83,42,Full Body,1,57,442,1
U6072,33,Female,189,74.7,20.9,Build Muscle,Intermediate,Gym,5.9,2,1,0.55,78,Push,2,45,341,1
U6073,44,Female,174,87.2,28.8,Lose Weight,Advanced,Home,7.5,8,3,0.68,62,Full Body,3,49,322,1
U6074,27,Male,187,102.1,29.2,Gain Strength,Beginner,Home,9.4,3,5,0.74,86,Lower Body,1,51,334,1
U6075,23,Female,186,89.6,25.9,Build Muscle,Intermediate,Home,7.9,10,1,0.51,64,Legs,2,47,458,0
U6076,40,Male,193,97.6,26.2,Lose Weight,Beginner,Gym,8.4,3,3,0.57,41,Lower Body,1,46,334,1
U6077,24,Female,195,85.2,22.4,Build Muscle,Advanced,Home,8.2,5,0,0.43,54,Full Body,3,54,611,0
U6078,44,Female,184,85.3,25.2,Lose Weight,Beginner,Gym,7,6,2,0.83,53,Cardio,1,30,335,1
U6079,29,Male,165,62.9,23.1,Improve Fitness,Beginner,Gym,8.4,9,4,0.51,94,Full Body,1,53,415,1
U6080,24,Male,156,48.7,20,Gain Strength,Beginner,Gym,8,7,2,0.65,54,Lower Body,1,62,503,1
U6081,18,Female,178,71,22.4,Build Muscle,Beginner,Gym,7.7,4,1,0.72,88,Pull,1,45,459,1
U6082,20,Male,173,91.3,30.5,Build Muscle,Intermediate,Gym,5.8,5,6,0.49,52,Upper Body,2,45,360,1
U6083,22,Male,182,68.6,20.7,Lose Weight,Intermediate,Home,8.3,6,0,0.82,63,Cardio,2,50,473,1
U6084,40,Female,192,90.3,24.5,Gain Strength,Advanced,Home,8.6,2,0,1,75,Push,3,47,502,1
U6085,24,Male,160,43.5,17,Gain Strength,Advanced,Gym,7.4,10,5,0.89,75,Pull,3,63,667,1
U6086,32,Male,192,101.7,27.6,Lose Weight,Beginner,Gym,7.5,8,4,0.5,58,Cardio,1,47,312,1
U6087,39,Male,166,63.9,23.2,Lose Weight,Beginner,Gym,8.3,8,0,0.58,78,Cardio,1,46,494,1
U6088,40,Female,177,80.8,25.8,Build Muscle,Beginner,Gym,8.8,5,3,0.71,45,Full Body,1,60,610,1
U6089,34,Female,184,92.1,27.2,Lose Weight,Intermediate,Home,9.5,3,6,0.85,60,Full Body,2,43,341,1
U6090,30,Female,187,69.9,20,Improve Fitness,Beginner,Gym,6.1,1,6,1,67,Full Body,1,43,420,1
U6091,21,Female,192,80,21.7,Build Muscle,Beginner,Gym,6.9,1,6,0.66,95,Lower Body,1,46,315,1
U6092,18,Female,195,76.8,20.2,Improve Fitness,Beginner,Gym,8.4,5,5,0.74,90,Full Body,1,55,462,1
U6093,27,Male,155,74.7,31.1,Gain Strength,Advanced,Gym,7.2,5,1,0.66,72,Lower Body,3,57,627,1
U6094,39,Male,182,79.8,24.1,Gain Strength,Intermediate,Gym,5.3,2,2,1,75,Legs,2,64,688,1
U6095,39,Female,151,44.7,19.6,Build Muscle,Intermediate,Gym,4.8,10,0,0.3,83,Full Body,2,40,403,0
U6096,29,Female,175,67.1,21.9,Build Muscle,Intermediate,Gym,6.6,2,6,0.81,64,Legs,2,73,646,1
U6097,35,Male,157,66.1,26.8,Build Muscle,Beginner,Home,7.2,7,2,0.7,48,Legs,1,63,583,1
U6098,26,Female,188,74.6,21.1,Build Muscle,Advanced,Home,7.8,6,2,0.6,90,Legs,3,45,332,1
U6099,24,Male,159,87,34.4,Build Muscle,Intermediate,Home,7.8,9,0,0.99,82,Upper Body,2,56,392,1
U6100,43,Female,170,64.4,22.3,Build Muscle,Advanced,Gym,7.3,7,1,1,64,Legs,3,61,457,1
U6101,40,Female,160,51.5,20.1,Build Muscle,Intermediate,Gym,5.9,0,2,0.68,56,Legs,2,60,602,1
U6102,30,Male,167,87.9,31.5,Build Muscle,Advanced,Home,7.3,3,5,0.89,67,Full Body,3,45,326,1
U6103,37,Male,170,56.9,19.7,Lose Weight,Intermediate,Home,5.7,6,5,0.56,77,Full Body,2,45,373,1
U6104,33,Male,157,65.8,26.7,Improve Fitness,Beginner,Home,7.8,3,4,0.45,71,Cardio,1,50,543,1
U6105,25,Female,184,68.4,20.2,Build Muscle,Intermediate,Gym,7.5,3,1,0.81,54,Pull,2,48,314,1
U6106,40,Male,151,65.2,28.6,Lose Weight,Beginner,Gym,9.5,5,4,0.87,69,Full Body,1,56,452,1
U6107,38,Male,193,86.4,23.2,Gain Strength,Advanced,Gym,6.9,8,6,0.58,75,Upper Body,3,47,522,1
U6108,18,Male,194,74.1,19.7,Lose Weight,Beginner,Home,5,2,1,0.76,72,Full Body,1,47,424,1
U6109,22,Male,168,62.4,22.1,Lose Weight,Beginner,Gym,5.7,3,1,0.77,57,Full Body,1,57,594,1
U6110,19,Male,173,71.5,23.9,Lose Weight,Advanced,Mixed,9,6,3,0.84,51,Cardio,3,41,268,1
U6111,39,Female,176,59.2,19.1,Lose Weight,Beginner,Gym,7.3,10,5,0.47,41,Full Body,1,58,543,0
U6112,36,Male,163,70.9,26.7,Lose Weight,Beginner,Mixed,7.5,8,6,0.8,75,Cardio,1,44,451,1
U6113,28,Male,193,90.1,24.2,Lose Weight,Beginner,Mixed,6.4,4,3,0.81,94,Full Body,1,43,285,1
U6114,32,Female,182,74.2,22.4,Improve Fitness,Beginner,Gym,6,8,1,0.52,58,Cardio,1,41,443,0
U6115,20,Male,156,61.8,25.4,Build Muscle,Intermediate,Home,4.7,2,3,0.8,81,Push,2,63,412,1
U6116,18,Male,173,50.9,17,Gain Strength,Beginner,Mixed,6,10,4,0.73,69,Lower Body,1,55,424,1
U6117,26,Male,190,96.4,26.7,Lose Weight,Beginner,Home,6.9,2,1,0.95,67,Cardio,1,50,572,1
U6118,40,Female,173,61.1,20.4,Improve Fitness,Beginner,Gym,5.9,7,3,0.85,72,Recovery,1,25,214,1
U6119,32,Female,190,98.2,27.2,Lose Weight,Beginner,Home,7.8,3,1,0.36,54,Cardio,1,42,340,1
U6120,22,Female,175,61.9,20.2,Build Muscle,Intermediate,Gym,6.2,3,0,0.64,86,Legs,2,66,702,1
U6121,42,Female,164,79.3,29.5,Improve Fitness,Beginner,Mixed,6.8,9,4,0.67,61,Recovery,1,28,272,1
U6122,26,Male,165,67.8,24.9,Lose Weight,Intermediate,Gym,7.3,3,3,0.87,83,Cardio,2,43,461,1
U6123,41,Female,191,62,17,Improve Fitness,Beginner,Home,6.9,7,6,0.97,65,Cardio,1,50,427,1
U6124,30,Male,167,81.7,29.3,Lose Weight,Beginner,Mixed,6.8,5,3,0.75,54,Full Body,1,44,492,1
U6125,38,Female,182,65.9,19.9,Improve Fitness,Beginner,Gym,7.9,7,5,0.88,72,Full Body,1,52,532,1
U6126,21,Female,164,51.9,19.3,Lose Weight,Advanced,Home,7.1,3,6,0.95,98,Cardio,3,40,397,1
U6127,18,Male,159,58.7,23.2,Lose Weight,Advanced,Home,5.3,2,4,0.87,67,Cardio,3,31,242,1
U6128,20,Male,150,64.1,28.5,Build Muscle,Beginner,Gym,7.4,2,0,0.56,72,Pull,1,51,569,1
U6129,41,Female,161,77.8,30,Improve Fitness,Beginner,Gym,6.9,3,1,0.53,48,Upper Body,1,57,462,0
U6130,21,Male,167,59.4,21.3,Build Muscle,Beginner,Gym,6.6,4,0,0.87,55,Legs,1,57,614,1
U6131,39,Male,166,85.4,31,Lose Weight,Beginner,Gym,5.6,2,4,1,97,Cardio,1,44,468,1
U6132,44,Female,170,72.5,25.1,Build Muscle,Advanced,Gym,5.3,10,1,0.71,66,Upper Body,3,61,546,1
U6133,45,Female,163,50.7,19.1,Lose Weight,Beginner,Mixed,7.4,4,2,0.57,61,Cardio,1,31,318,1
U6134,19,Female,176,73.1,23.6,Build Muscle,Beginner,Gym,6.5,5,4,1,63,Full Body,1,44,402,1
U6135,23,Female,188,93.3,26.4,Build Muscle,Intermediate,Gym,7.3,4,2,0.78,78,Legs,2,51,442,1
U6136,20,Female,161,73.1,28.2,Gain Strength,Beginner,Gym,7.4,10,6,0.76,72,Lower Body,1,62,600,1
U6137,37,Female,171,69.9,23.9,Build Muscle,Beginner,Gym,6.1,2,2,0.71,75,Push,1,58,565,1
U6138,34,Male,191,95.6,26.2,Lose Weight,Beginner,Gym,7.3,1,5,0.68,71,Full Body,1,47,373,1
U6139,19,Male,160,56.8,22.2,Gain Strength,Beginner,Gym,7.4,6,6,0.68,74,Legs,1,60,643,1
U6140,33,Male,195,109.1,28.7,Build Muscle,Beginner,Gym,6.3,10,1,0.83,72,Legs,1,46,301,1
U6141,20,Male,153,77.2,33,Lose Weight,Beginner,Mixed,6.9,8,1,0.85,72,Cardio,1,36,254,1
U6142,27,Male,179,59.9,18.7,Lose Weight,Intermediate,Gym,6.5,4,0,0.88,65,Lower Body,2,51,425,1
U6143,25,Female,153,39.8,17,Lose Weight,Advanced,Gym,7.1,10,2,0.52,73,Cardio,3,31,282,1
U6144,33,Male,194,116.7,31,Lose Weight,Intermediate,Gym,7.9,4,2,1,63,Lower Body,2,52,353,1
U6145,33,Male,188,84.5,23.9,Build Muscle,Beginner,Gym,6,0,6,0.6,58,Upper Body,1,41,355,1
U6146,19,Female,151,43.3,19,Gain Strength,Intermediate,Gym,8.6,3,0,0.34,92,Push,2,56,367,1
U6147,26,Male,163,78.9,29.7,Build Muscle,Beginner,Gym,7.6,5,0,0.52,48,Full Body,1,48,338,0
U6148,20,Female,178,70.3,22.2,Gain Strength,Beginner,Home,7.8,9,0,0.72,56,Pull,1,65,655,0
U6149,39,Female,181,96,29.3,Build Muscle,Intermediate,Gym,9,4,5,0.68,73,Lower Body,2,43,453,1
U6150,24,Female,159,46,18.2,Build Muscle,Intermediate,Home,6.6,9,0,0.81,77,Legs,2,49,533,1
U6151,26,Male,171,65.5,22.4,Gain Strength,Beginner,Home,6.8,3,5,0.64,67,Push,1,45,467,1
U6152,45,Male,177,82.4,26.3,Lose Weight,Beginner,Mixed,4.9,8,6,0.71,77,Lower Body,1,59,533,1
U6153,36,Female,193,82.3,22.1,Improve Fitness,Intermediate,Gym,6.6,4,1,0.64,64,Full Body,2,50,401,1
U6154,38,Female,194,92.2,24.5,Build Muscle,Beginner,Mixed,7.2,5,4,0.34,81,Push,1,52,393,1
U6155,41,Male,154,55.3,23.3,Build Muscle,Intermediate,Gym,9.2,8,2,0.51,58,Upper Body,2,65,619,1
U6156,23,Female,158,58.9,23.6,Build Muscle,Intermediate,Gym,7.6,3,0,0.37,59,Pull,2,56,621,0
U6157,39,Female,175,82.7,27,Build Muscle,Beginner,Home,6.1,4,3,0.97,65,Lower Body,1,55,439,1
U6158,28,Male,172,61.2,20.7,Build Muscle,Intermediate,Mixed,7.8,6,0,1,78,Upper Body,2,42,453,1
U6159,42,Male,162,78.2,29.8,Build Muscle,Intermediate,Gym,8.9,7,0,0.55,86,Push,2,59,414,1
U6160,42,Male,155,43.5,18.1,Improve Fitness,Intermediate,Home,7.6,7,0,0.71,90,Full Body,2,52,482,1
U6161,41,Female,189,105,29.4,Lose Weight,Beginner,Gym,7.7,4,5,0.77,79,Lower Body,1,50,487,1
U6162,40,Male,171,72.5,24.8,Build Muscle,Advanced,Gym,7,5,5,0.98,95,Push,3,70,766,1
U6163,39,Female,166,65.9,23.9,Build Muscle,Beginner,Gym,7.4,2,1,0.73,47,Push,1,45,438,1
U6164,45,Male,183,77.4,23.1,Gain Strength,Beginner,Gym,8.9,9,3,0.59,100,Legs,1,57,515,1
U6165,33,Female,184,99.5,29.4,Build Muscle,Intermediate,Gym,7.5,10,6,0.82,58,Full Body,2,42,455,1
U6166,38,Male,181,76.7,23.4,Lose Weight,Intermediate,Gym,8.7,6,5,0.61,87,Cardio,2,30,280,1
U6167,23,Male,171,54.7,18.7,Build Muscle,Beginner,Gym,5.8,2,4,1,71,Pull,1,46,499,1
U6168,20,Male,193,82.7,22.2,Build Muscle,Beginner,Gym,8.6,3,3,0.94,85,Push,1,60,440,1
U6169,21,Female,156,53.8,22.1,Build Muscle,Intermediate,Gym,6.8,9,5,0.78,82,Full Body,2,40,403,1
U6170,38,Female,186,77.5,22.4,Build Muscle,Intermediate,Gym,7.3,6,6,0.77,91,Pull,2,68,648,1
U6171,25,Female,170,80.1,27.7,Lose Weight,Beginner,Mixed,5.4,7,3,0.68,58,Lower Body,1,48,514,0
U6172,26,Male,151,61.3,26.9,Gain Strength,Intermediate,Gym,8.1,7,1,0.74,67,Upper Body,2,51,534,1
U6173,27,Male,177,77.7,24.8,Improve Fitness,Intermediate,Gym,7.3,2,4,0.6,53,Full Body,2,60,619,1
U6174,38,Female,184,57.6,17,Lose Weight,Beginner,Mixed,8.5,7,3,0.81,77,Cardio,1,49,531,1
U6175,27,Male,156,72.5,29.8,Build Muscle,Advanced,Gym,5.7,9,2,0.41,77,Push,3,61,581,0
U6176,33,Female,182,85.1,25.7,Build Muscle,Beginner,Gym,5.2,8,5,0.78,65,Upper Body,1,59,487,1
U6177,37,Male,176,65.4,21.1,Build Muscle,Intermediate,Gym,6.7,0,2,0.28,63,Push,2,58,606,1
U6178,35,Female,172,63.6,21.5,Gain Strength,Beginner,Home,7.7,4,4,0.69,81,Push,1,58,462,1
U6179,26,Male,157,41.9,17,Build Muscle,Beginner,Home,6.2,8,1,0.82,67,Legs,1,57,418,1
U6180,31,Male,172,83.1,28.1,Improve Fitness,Intermediate,Gym,5.1,7,5,0.85,62,Recovery,2,35,345,1
U6181,36,Female,189,76.4,21.4,Build Muscle,Beginner,Gym,8.2,3,6,0.93,87,Lower Body,1,60,643,1
U6182,29,Male,180,107.2,33.1,Improve Fitness,Advanced,Home,8.5,4,0,0.58,74,Cardio,3,37,245,1
U6183,36,Male,187,80.4,23,Build Muscle,Beginner,Gym,9.3,6,5,0.92,69,Legs,1,63,627,1
U6184,37,Male,175,86.4,28.2,Lose Weight,Intermediate,Gym,5.7,9,0,0.77,57,Full Body,2,58,444,1
U6185,23,Male,183,58.3,17.4,Lose Weight,Intermediate,Gym,8,4,5,0.88,78,Recovery,2,35,381,1
U6186,32,Female,170,68.5,23.7,Build Muscle,Intermediate,Gym,5.7,10,5,0.51,57,Full Body,2,53,476,0
U6187,40,Male,195,89.4,23.5,Build Muscle,Intermediate,Home,8.3,8,6,0.91,47,Upper Body,2,42,459,1
U6188,20,Male,189,77.2,21.6,Build Muscle,Beginner,Gym,6.3,5,4,0.26,80,Lower Body,1,61,541,0
U6189,44,Female,192,86.6,23.5,Lose Weight,Advanced,Home,7,6,4,0.96,73,Cardio,3,37,363,1
U6190,41,Female,190,81.9,22.7,Build Muscle,Intermediate,Gym,7.7,4,2,0.91,76,Pull,2,68,720,1
U6191,40,Female,176,84.9,27.4,Build Muscle,Intermediate,Home,6.9,9,6,0.71,73,Full Body,2,46,309,1
U6192,36,Male,177,66.7,21.3,Lose Weight,Advanced,Mixed,6.5,10,1,0.97,100,Cardio,3,35,286,1
U6193,37,Female,180,101.1,31.2,Build Muscle,Beginner,Gym,5.6,1,2,0.46,54,Upper Body,1,62,469,1
U6194,40,Male,184,85,25.1,Build Muscle,Intermediate,Gym,4.5,6,0,0.61,93,Full Body,2,42,327,0
U6195,28,Female,184,96.8,28.6,Gain Strength,Intermediate,Home,6.5,0,6,0.64,80,Legs,2,63,627,1
U6196,26,Male,157,70,28.4,Gain Strength,Intermediate,Gym,6.5,2,3,0.68,63,Legs,2,46,394,1
U6197,31,Male,151,43.1,18.9,Gain Strength,Advanced,Gym,6.9,5,6,0.67,53,Upper Body,3,46,470,1
U6198,24,Female,157,67,27.2,Lose Weight,Beginner,Home,7.6,8,3,0.85,60,Cardio,1,43,319,1
U6199,36,Female,174,51.5,17,Gain Strength,Beginner,Gym,7.6,7,3,0.6,58,Pull,1,65,643,1
U6200,40,Male,189,68.6,19.2,Build Muscle,Beginner,Gym,6.8,2,4,1,64,Push,1,49,441,1
U6201,20,Female,173,59.6,19.9,Lose Weight,Beginner,Gym,7.8,5,1,0.75,40,Cardio,1,49,432,1
U6202,19,Male,186,94.4,27.3,Improve Fitness,Intermediate,Gym,9.4,3,4,0.25,53,Cardio,2,43,458,0
U6203,34,Male,182,56.3,17,Lose Weight,Intermediate,Home,7,9,5,0.9,73,Cardio,2,34,239,1
U6204,45,Male,162,79.5,30.3,Lose Weight,Intermediate,Gym,8,7,0,1,89,Recovery,2,20,215,1
U6205,44,Male,167,63.6,22.8,Build Muscle,Beginner,Gym,7.2,5,0,0.56,68,Pull,1,64,647,1
U6206,19,Female,179,79.5,24.8,Build Muscle,Intermediate,Gym,7,1,0,0.96,67,Push,2,47,475,1
U6207,35,Male,195,78.3,20.6,Build Muscle,Intermediate,Gym,6.1,7,0,0.84,50,Pull,2,47,312,1
U6208,39,Male,162,62.2,23.7,Improve Fitness,Intermediate,Gym,8.6,9,0,0.77,70,Full Body,2,50,543,1
U6209,41,Female,178,77,24.3,Improve Fitness,Intermediate,Home,6,6,4,0.57,69,Lower Body,2,41,391,1
U6210,26,Male,195,97.3,25.6,Improve Fitness,Intermediate,Gym,8.1,7,4,0.74,92,Full Body,2,53,359,1
U6211,30,Male,185,106.8,31.2,Gain Strength,Beginner,Gym,8,9,5,0.94,57,Pull,1,55,479,1
U6212,30,Male,152,45.5,19.7,Build Muscle,Intermediate,Gym,7.7,0,1,0.48,67,Legs,2,61,685,1
U6213,24,Male,179,88.8,27.7,Build Muscle,Beginner,Mixed,8.7,2,1,0.67,62,Upper Body,1,51,449,1
U6214,39,Male,165,70.2,25.8,Build Muscle,Beginner,Mixed,5.9,3,0,0.69,71,Lower Body,1,40,412,1
U6215,18,Male,179,78.2,24.4,Gain Strength,Advanced,Mixed,7.2,5,5,0.57,61,Legs,3,55,442,1
U6216,25,Female,157,52.7,21.4,Gain Strength,Advanced,Gym,5.3,5,4,0.78,85,Pull,3,61,556,1
U6217,44,Male,182,92.1,27.8,Build Muscle,Beginner,Mixed,6.8,10,6,0.57,83,Push,1,47,364,1
U6218,41,Female,150,61.2,27.2,Build Muscle,Intermediate,Home,7.3,5,6,1,71,Lower Body,2,65,626,1
U6219,34,Male,175,71.7,23.4,Gain Strength,Beginner,Mixed,6.7,7,6,0.44,81,Push,1,54,579,1
U6220,35,Male,189,86.1,24.1,Build Muscle,Beginner,Gym,7.7,4,1,1,66,Push,1,70,729,1
U6221,34,Female,154,40.3,17,Gain Strength,Beginner,Mixed,7.6,0,6,0.75,61,Push,1,49,450,1
U6222,43,Female,181,85.8,26.2,Gain Strength,Beginner,Gym,8,4,4,0.55,67,Lower Body,1,53,495,1
U6223,34,Male,194,115.5,30.7,Build Muscle,Beginner,Gym,6.3,1,1,0.73,32,Pull,1,60,632,1
U6224,21,Female,155,44,18.3,Build Muscle,Intermediate,Home,7.3,5,1,0.94,51,Lower Body,2,57,539,1
U6225,23,Female,157,61.1,24.8,Build Muscle,Intermediate,Mixed,6.7,7,5,0.89,53,Upper Body,2,49,403,1
U6226,20,Male,176,81.5,26.3,Improve Fitness,Beginner,Home,6.4,10,6,0.76,73,Recovery,1,31,227,1
U6227,28,Female,182,77.5,23.4,Lose Weight,Beginner,Mixed,7.6,5,0,0.73,70,Cardio,1,34,330,1
U6228,20,Female,169,65.7,23,Build Muscle,Intermediate,Home,7.2,2,4,0.76,57,Full Body,2,53,441,1
U6229,27,Male,172,68,23,Build Muscle,Beginner,Home,5.9,5,3,0.71,63,Push,1,68,444,1
U6230,22,Male,193,103.2,27.7,Gain Strength,Intermediate,Home,7.8,2,4,0.55,71,Lower Body,2,58,524,1
U6231,34,Female,189,97.2,27.2,Build Muscle,Beginner,Gym,6.9,9,5,0.59,55,Pull,1,49,547,1
U6232,18,Male,192,103.6,28.1,Build Muscle,Intermediate,Home,8.1,3,1,0.68,83,Pull,2,62,586,1
U6233,31,Female,183,56.9,17,Lose Weight,Beginner,Mixed,8.6,8,0,0.69,74,Lower Body,1,59,387,1
U6234,24,Female,152,53.6,23.2,Improve Fitness,Beginner,Gym,8.6,3,3,0.53,94,Upper Body,1,61,512,1
U6235,37,Female,169,74.8,26.2,Build Muscle,Beginner,Gym,7.8,6,3,0.66,52,Push,1,65,674,1
U6236,43,Male,171,83,28.4,Build Muscle,Advanced,Gym,7.4,0,2,0.97,69,Push,3,53,405,1
U6237,36,Male,159,57.4,22.7,Lose Weight,Beginner,Gym,8.6,4,5,1,72,Cardio,1,48,464,1
U6238,38,Male,170,61.6,21.3,Lose Weight,Beginner,Mixed,8,4,0,0.67,80,Full Body,1,59,394,1
U6239,18,Female,192,86.3,23.4,Gain Strength,Intermediate,Mixed,8.8,2,0,0.59,79,Pull,2,67,674,1
U6240,27,Male,178,71,22.4,Lose Weight,Intermediate,Home,6.8,0,1,0.65,83,Full Body,2,47,456,1
U6241,44,Male,163,75.5,28.4,Gain Strength,Intermediate,Mixed,7.7,1,3,0.7,74,Push,2,55,414,1
U6242,21,Male,161,73.4,28.3,Improve Fitness,Beginner,Gym,8.1,6,4,0.24,67,Full Body,1,53,468,0
U6243,30,Female,180,76.5,23.6,Improve Fitness,Beginner,Home,7.8,9,0,0.71,82,Lower Body,1,45,382,1
U6244,38,Female,195,76,20,Improve Fitness,Intermediate,Gym,7.4,1,0,0.88,49,Upper Body,2,61,564,1
U6245,31,Male,154,83.2,35.1,Improve Fitness,Advanced,Gym,8.4,2,5,0.72,59,Full Body,3,55,445,1
U6246,41,Female,157,58.7,23.8,Improve Fitness,Beginner,Home,7.2,6,4,0.8,94,Lower Body,1,50,361,1
U6247,27,Male,177,70.5,22.5,Improve Fitness,Advanced,Home,7.7,6,5,0.49,65,Recovery,3,33,308,1
U6248,18,Male,179,83.6,26.1,Lose Weight,Intermediate,Mixed,7.9,6,6,0.58,65,Recovery,2,28,241,1
U6249,39,Male,168,86.4,30.6,Improve Fitness,Advanced,Mixed,8.4,0,1,0.76,38,Cardio,3,33,275,1
U6250,33,Female,153,81.9,35,Build Muscle,Beginner,Mixed,7.1,10,3,0.66,64,Legs,1,56,555,1
U6251,40,Female,164,70.2,26.1,Improve Fitness,Beginner,Mixed,7.5,0,1,0.89,58,Upper Body,1,60,471,1
U6252,25,Female,178,73.5,23.2,Build Muscle,Advanced,Home,9.3,4,2,0.76,69,Legs,3,48,530,1
U6253,40,Female,190,74,20.5,Gain Strength,Intermediate,Gym,7.7,5,0,0.91,85,Pull,2,66,576,1
U6254,31,Female,167,65.3,23.4,Lose Weight,Beginner,Gym,7.5,6,5,1,88,Lower Body,1,50,351,1
U6255,28,Female,188,74.9,21.2,Lose Weight,Beginner,Gym,4.5,8,1,0.77,83,Cardio,1,50,550,1
U6256,20,Female,188,70.3,19.9,Lose Weight,Beginner,Home,7.1,0,4,0.67,73,Cardio,1,45,412,1
U6257,37,Female,185,76,22.2,Build Muscle,Beginner,Gym,8.5,6,6,0.75,58,Upper Body,1,43,390,1
U6258,42,Male,160,72.7,28.4,Lose Weight,Intermediate,Gym,5.7,5,4,0.95,86,Full Body,2,59,596,1
U6259,27,Male,170,87.6,30.3,Build Muscle,Intermediate,Gym,6.9,9,0,0.63,73,Upper Body,2,49,468,1
U6260,44,Female,154,57.2,24.1,Lose Weight,Intermediate,Home,6.4,1,5,0.62,66,Full Body,2,52,430,1
U6261,34,Male,192,72.3,19.6,Improve Fitness,Beginner,Mixed,7.8,7,0,0.71,67,Full Body,1,53,361,1
U6262,24,Female,178,62.7,19.8,Lose Weight,Beginner,Gym,5.8,10,3,1,62,Cardio,1,48,506,1
U6263,40,Male,158,67.7,27.1,Lose Weight,Advanced,Gym,7.3,3,6,0.22,98,Cardio,3,33,309,1
U6264,23,Female,179,87.8,27.4,Improve Fitness,Beginner,Mixed,6.3,5,6,0.71,54,Lower Body,1,47,310,1
U6265,18,Female,170,93.1,32.2,Build Muscle,Beginner,Gym,6.1,5,4,0.63,61,Push,1,67,464,1
U6266,21,Male,172,73.4,24.8,Lose Weight,Beginner,Mixed,8.6,4,3,1,66,Lower Body,1,44,385,1
U6267,37,Male,181,85.5,26.1,Build Muscle,Beginner,Home,7.2,8,5,0.54,100,Legs,1,58,656,1
U6268,37,Female,175,92.5,30.2,Build Muscle,Beginner,Gym,7.3,2,0,1,90,Upper Body,1,61,535,1
U6269,39,Male,152,57.3,24.8,Build Muscle,Beginner,Gym,7.5,5,6,0.99,57,Upper Body,1,48,443,1
U6270,37,Male,164,84.7,31.5,Gain Strength,Beginner,Home,6.9,9,3,0.99,71,Legs,1,66,559,1
U6271,26,Male,174,78.4,25.9,Build Muscle,Beginner,Gym,7.1,3,1,0.62,67,Lower Body,1,65,609,1
U6272,28,Female,193,112.9,30.3,Build Muscle,Advanced,Gym,4.6,6,5,0.5,61,Pull,3,62,453,1
U6273,18,Female,165,54.4,20,Lose Weight,Beginner,Gym,8.8,2,1,0.95,80,Cardio,1,46,419,1
U6274,27,Female,177,68.3,21.8,Gain Strength,Beginner,Home,8.6,4,6,0.43,100,Upper Body,1,45,335,1
U6275,20,Male,192,79.6,21.6,Improve Fitness,Advanced,Mixed,6.8,1,0,0.64,55,Cardio,3,46,497,1
U6276,35,Male,179,104.5,32.6,Build Muscle,Intermediate,Gym,8,10,3,0.94,53,Lower Body,2,43,483,1
U6277,28,Female,177,79.3,25.3,Lose Weight,Advanced,Gym,7.7,3,3,0.77,54,Cardio,3,44,408,1
U6278,40,Female,176,89.8,29,Lose Weight,Advanced,Home,7.2,7,1,0.55,44,Cardio,3,30,247,1
U6279,22,Male,156,65.7,27,Lose Weight,Beginner,Home,9.5,5,4,0.54,74,Lower Body,1,54,558,1
U6280,38,Male,167,81.4,29.2,Improve Fitness,Advanced,Mixed,5.7,10,5,0.63,59,Recovery,3,24,271,1
U6281,27,Male,161,74.1,28.6,Gain Strength,Advanced,Home,8.6,7,6,0.75,59,Push,3,50,356,1
U6282,18,Female,169,64.5,22.6,Lose Weight,Beginner,Gym,6.4,4,2,0.54,70,Cardio,1,38,361,1
U6283,22,Male,181,88.1,26.9,Build Muscle,Beginner,Home,7.6,3,2,0.72,72,Legs,1,67,515,1
U6284,44,Female,174,73.3,24.2,Improve Fitness,Beginner,Home,5.7,2,2,0.75,63,Upper Body,1,65,536,1
U6285,30,Female,173,56.3,18.8,Lose Weight,Intermediate,Home,7.5,10,5,0.61,75,Recovery,2,28,277,1
U6286,44,Female,155,67.5,28.1,Build Muscle,Beginner,Gym,6.1,9,5,0.74,44,Push,1,50,538,1
U6287,26,Female,193,115.1,30.9,Build Muscle,Beginner,Mixed,5.6,6,5,0.63,92,Upper Body,1,40,345,1
U6288,22,Female,170,67.9,23.5,Build Muscle,Advanced,Home,5.8,9,3,0.85,82,Push,3,54,568,1
U6289,42,Female,189,77.9,21.8,Build Muscle,Intermediate,Gym,6.5,4,1,0.64,68,Legs,2,59,522,1
U6290,43,Female,167,47.4,17,Lose Weight,Beginner,Gym,6.9,4,2,1,58,Full Body,1,45,307,1
U6291,35,Female,192,81.1,22,Improve Fitness,Intermediate,Mixed,5.8,8,0,0.83,90,Full Body,2,40,379,1
U6292,45,Female,177,92.4,29.5,Lose Weight,Beginner,Gym,5.7,4,4,0.81,93,Lower Body,1,64,724,1
U6293,19,Male,195,101.1,26.6,Build Muscle,Intermediate,Home,7.6,2,1,0.64,75,Pull,2,49,539,1
U6294,32,Female,179,95.2,29.7,Build Muscle,Beginner,Home,7.5,5,2,0.5,65,Push,1,54,483,1
U6295,36,Female,194,111.4,29.6,Gain Strength,Intermediate,Gym,7.5,3,0,0.74,63,Push,2,58,557,1
U6296,38,Female,194,111,29.5,Gain Strength,Advanced,Mixed,8.9,4,3,0.95,93,Legs,3,75,494,1
U6297,45,Female,180,74.5,23,Lose Weight,Intermediate,Home,6.5,5,5,0.69,72,Cardio,2,48,471,1
U6298,37,Female,152,70.5,30.5,Build Muscle,Intermediate,Mixed,8.4,6,5,0.82,50,Pull,2,62,564,1
U6299,29,Male,153,40.7,17.4,Lose Weight,Intermediate,Gym,7.4,0,2,0.88,70,Cardio,2,42,421,1
U6300,20,Female,195,123.6,32.5,Build Muscle,Advanced,Gym,5.9,6,1,0.5,62,Upper Body,3,57,380,1
U6301,18,Male,165,58.8,21.6,Improve Fitness,Beginner,Home,7.7,3,2,0.64,48,Upper Body,1,51,515,1
U6302,21,Male,192,104,28.2,Improve Fitness,Beginner,Gym,5.2,10,0,0.53,47,Full Body,1,43,389,0
U6303,34,Female,194,95.6,25.4,Build Muscle,Intermediate,Gym,7.3,2,5,1,85,Push,2,66,607,1
U6304,28,Female,160,78.3,30.6,Lose Weight,Intermediate,Gym,7.4,2,3,0.54,73,Cardio,2,33,310,1
U6305,30,Male,166,74.4,27,Build Muscle,Intermediate,Gym,7.9,3,6,0.63,79,Push,2,61,650,1
U6306,22,Female,166,56.8,20.6,Build Muscle,Beginner,Home,6,5,5,0.52,72,Lower Body,1,46,362,1
U6307,28,Female,174,59.3,19.6,Improve Fitness,Beginner,Gym,6.6,8,5,0.88,56,Cardio,1,49,460,1
U6308,20,Male,175,68.6,22.4,Gain Strength,Intermediate,Gym,7.2,10,2,0.76,64,Pull,2,58,581,1
U6309,20,Male,188,98.3,27.8,Improve Fitness,Intermediate,Home,7.7,7,3,0.93,70,Cardio,2,39,270,1
U6310,31,Male,177,69.9,22.3,Build Muscle,Beginner,Gym,6.3,8,6,0.78,66,Pull,1,53,606,1
U6311,24,Male,157,54.5,22.1,Improve Fitness,Beginner,Home,6.6,4,3,0.6,74,Full Body,1,41,334,1
U6312,26,Male,160,47.6,18.6,Lose Weight,Beginner,Mixed,7.4,2,2,0.84,63,Cardio,1,40,409,1
U6313,37,Male,191,118.9,32.6,Build Muscle,Beginner,Mixed,7.1,10,3,0.44,67,Push,1,59,647,0
U6314,29,Male,184,84,24.8,Build Muscle,Advanced,Home,7.6,5,6,0.67,56,Legs,3,52,531,1
U6315,41,Female,182,65.9,19.9,Build Muscle,Intermediate,Mixed,6.4,5,5,0.62,54,Push,2,68,498,1
U6316,21,Male,170,61.8,21.4,Improve Fitness,Advanced,Gym,7.8,0,6,1,83,Full Body,3,43,314,1
U6317,20,Female,186,103.8,30,Build Muscle,Advanced,Home,8.2,0,6,0.87,66,Legs,3,59,422,1
U6318,39,Male,158,62.7,25.1,Build Muscle,Beginner,Gym,6.6,5,4,0.68,73,Push,1,53,564,1
U6319,20,Male,173,82.3,27.5,Improve Fitness,Intermediate,Home,7.6,4,6,0.69,72,Full Body,2,55,410,1
U6320,43,Male,179,84.3,26.3,Build Muscle,Intermediate,Gym,7.8,3,6,0.45,55,Push,2,65,539,1
U6321,27,Male,179,93.6,29.2,Lose Weight,Advanced,Home,7,5,3,0.64,68,Cardio,3,33,258,1
U6322,38,Male,194,88.1,23.4,Build Muscle,Beginner,Gym,7.7,0,5,0.52,72,Pull,1,49,423,1
U6323,41,Male,180,82.6,25.5,Lose Weight,Intermediate,Gym,7.5,5,2,0.76,79,Cardio,2,32,282,1
U6324,33,Male,156,53.8,22.1,Improve Fitness,Intermediate,Home,6.1,10,3,1,67,Upper Body,2,44,371,1
U6325,18,Male,190,85.6,23.7,Build Muscle,Intermediate,Mixed,7.8,5,6,1,63,Pull,2,55,492,1
U6326,35,Male,159,51.3,20.3,Gain Strength,Intermediate,Gym,5.7,2,0,1,56,Pull,2,70,783,1
U6327,28,Male,152,56.4,24.4,Lose Weight,Beginner,Home,6,5,0,0.46,67,Full Body,1,45,422,0
U6328,35,Female,150,46.4,20.6,Improve Fitness,Intermediate,Gym,6.3,0,0,1,78,Full Body,2,47,437,1
U6329,18,Male,164,76.4,28.4,Lose Weight,Intermediate,Gym,8,1,1,0.7,65,Full Body,2,44,418,1
U6330,40,Female,168,72,25.5,Gain Strength,Beginner,Gym,7.3,0,5,0.62,73,Legs,1,69,648,1
U6331,44,Male,167,60,21.5,Build Muscle,Beginner,Gym,6.9,9,0,0.66,52,Lower Body,1,62,607,0
U6332,19,Male,181,55.7,17,Improve Fitness,Advanced,Home,6.1,0,6,1,67,Full Body,3,41,327,1
U6333,26,Male,150,62.6,27.8,Build Muscle,Advanced,Home,4.8,6,3,0.54,51,Push,3,66,509,1
U6334,28,Male,172,70.1,23.7,Gain Strength,Advanced,Home,9.5,2,5,0.8,97,Pull,3,56,390,1
U6335,38,Male,174,70.8,23.4,Gain Strength,Beginner,Gym,8.6,1,2,1,70,Upper Body,1,49,397,1
U6336,43,Female,166,61.2,22.2,Gain Strength,Advanced,Mixed,5.7,8,4,0.66,73,Pull,3,50,360,1
U6337,23,Female,158,82.4,33,Improve Fitness,Advanced,Gym,5.7,5,6,0.73,44,Lower Body,3,46,332,1
U6338,42,Male,181,74.4,22.7,Build Muscle,Beginner,Mixed,7.4,5,1,0.81,80,Full Body,1,55,367,1
U6339,21,Female,165,71.3,26.2,Gain Strength,Advanced,Gym,7.7,7,6,0.73,56,Upper Body,3,61,435,1
U6340,42,Female,150,38.2,17,Build Muscle,Advanced,Home,6.5,3,1,0.7,90,Pull,3,53,556,1
U6341,27,Male,188,85.2,24.1,Lose Weight,Intermediate,Gym,6.9,4,1,0.79,67,Full Body,2,43,297,1
U6342,23,Female,167,77.8,27.9,Build Muscle,Advanced,Home,9.3,0,5,1,73,Pull,3,64,464,1
U6343,20,Female,157,63.8,25.9,Gain Strength,Advanced,Gym,8.8,3,6,0.69,82,Pull,3,57,548,1
U6344,44,Male,153,46.1,19.7,Lose Weight,Intermediate,Mixed,6.8,2,0,0.93,61,Full Body,2,48,378,1
U6345,39,Male,192,88.5,24,Improve Fitness,Beginner,Gym,5.4,0,1,1,90,Cardio,1,33,373,1
U6346,32,Female,164,68,25.3,Build Muscle,Advanced,Gym,7.7,8,1,0.79,92,Legs,3,54,436,1
U6347,24,Male,180,72.3,22.3,Gain Strength,Beginner,Home,7.9,1,6,0.91,90,Legs,1,45,366,1
U6348,41,Female,167,47.4,17,Improve Fitness,Beginner,Home,6.4,1,5,0.54,74,Full Body,1,45,330,1
U6349,37,Female,183,56.9,17,Lose Weight,Advanced,Mixed,4.8,3,5,1,81,Cardio,3,38,382,1
U6350,31,Female,194,94.1,25,Lose Weight,Advanced,Gym,7.5,5,4,0.75,86,Recovery,3,32,303,1
U6351,33,Female,184,73.8,21.8,Lose Weight,Intermediate,Home,7.3,4,2,0.76,56,Cardio,2,33,274,1
U6352,32,Female,187,104.6,29.9,Build Muscle,Beginner,Gym,6.6,4,6,0.9,73,Legs,1,52,370,1
U6353,25,Female,192,115.8,31.4,Build Muscle,Intermediate,Home,6,6,1,0.52,58,Legs,2,63,539,0
U6354,43,Male,154,59.5,25.1,Build Muscle,Intermediate,Gym,8.8,8,4,1,37,Pull,2,54,596,1
U6355,36,Female,193,95,25.5,Lose Weight,Beginner,Gym,4.5,0,6,0.86,88,Cardio,1,43,357,1
U6356,23,Male,194,91.5,24.3,Improve Fitness,Intermediate,Mixed,7.2,2,6,0.73,60,Full Body,2,40,401,1
U6357,41,Male,189,93.9,26.3,Lose Weight,Intermediate,Mixed,6.8,0,3,0.89,70,Full Body,2,49,324,1
U6358,23,Male,157,51.5,20.9,Build Muscle,Beginner,Home,5.4,5,2,0.38,91,Lower Body,1,59,586,0
U6359,32,Male,168,63.8,22.6,Lose Weight,Intermediate,Gym,7.5,3,1,1,63,Full Body,2,52,376,1
U6360,34,Female,171,64,21.9,Improve Fitness,Beginner,Gym,7,8,6,0.73,100,Cardio,1,42,377,1
U6361,40,Female,171,90.9,31.1,Build Muscle,Beginner,Gym,7.8,7,0,0.98,69,Upper Body,1,62,579,1
U6362,23,Female,163,68.5,25.8,Improve Fitness,Intermediate,Home,6.8,4,5,0.49,90,Recovery,2,21,238,1
U6363,44,Female,186,92.4,26.7,Lose Weight,Beginner,Home,7.1,1,6,0.72,49,Cardio,1,33,302,1
U6364,32,Male,174,61.8,20.4,Lose Weight,Beginner,Mixed,7.5,4,3,0.62,68,Cardio,1,36,310,1
U6365,36,Female,193,89.8,24.1,Improve Fitness,Intermediate,Gym,6.3,8,1,0.55,47,Upper Body,2,47,331,0
U6366,23,Female,167,66.7,23.9,Lose Weight,Intermediate,Gym,7.8,1,2,0.42,71,Full Body,2,55,469,1
U6367,26,Male,176,79.6,25.7,Gain Strength,Advanced,Gym,6,1,4,0.98,66,Lower Body,3,50,415,1
U6368,39,Female,156,58.6,24.1,Build Muscle,Intermediate,Mixed,6.9,4,0,0.4,87,Lower Body,2,60,618,0
U6369,19,Female,169,58.6,20.5,Lose Weight,Intermediate,Gym,6.8,7,0,0.83,93,Cardio,2,48,480,1
U6370,18,Male,180,64.8,20,Gain Strength,Beginner,Gym,6.6,9,2,0.97,78,Lower Body,1,64,662,1
U6371,43,Female,192,100.6,27.3,Build Muscle,Beginner,Gym,5.9,0,6,0.65,69,Lower Body,1,45,340,1
U6372,45,Female,150,47,20.9,Lose Weight,Intermediate,Home,5.3,3,6,0.63,92,Cardio,2,48,535,1
U6373,45,Female,158,61.7,24.7,Lose Weight,Intermediate,Home,8.6,6,0,0.75,60,Full Body,2,41,417,1
U6374,21,Male,177,93.7,29.9,Build Muscle,Intermediate,Home,7.3,0,5,0.89,55,Legs,2,49,368,1
U6375,19,Male,169,82.5,28.9,Build Muscle,Intermediate,Gym,8.3,0,4,0.77,59,Upper Body,2,49,475,1
U6376,31,Female,176,75.3,24.3,Gain Strength,Intermediate,Home,7.8,5,2,0.76,81,Upper Body,2,64,695,1
U6377,39,Male,177,90.2,28.8,Lose Weight,Intermediate,Gym,6.4,1,1,0.51,71,Cardio,2,34,304,1
U6378,22,Female,169,66,23.1,Improve Fitness,Intermediate,Home,8,3,2,0.53,87,Recovery,2,22,199,1
U6379,22,Male,165,82.2,30.2,Improve Fitness,Beginner,Gym,7.1,6,5,0.73,60,Full Body,1,57,541,1
U6380,37,Female,150,49.9,22.2,Lose Weight,Intermediate,Gym,6.7,9,2,0.98,70,Cardio,2,38,285,1
U6381,39,Female,157,46.6,18.9,Improve Fitness,Beginner,Gym,7.4,6,4,0.87,71,Full Body,1,59,572,1
U6382,20,Male,159,77.6,30.7,Lose Weight,Beginner,Gym,8,8,4,0.53,63,Lower Body,1,46,444,1
U6383,38,Male,185,87.3,25.5,Improve Fitness,Beginner,Gym,5.3,7,2,0.78,45,Upper Body,1,61,475,0
U6384,40,Female,184,97.5,28.8,Build Muscle,Beginner,Home,8.1,1,1,0.81,61,Full Body,1,41,302,1
U6385,43,Female,194,94.8,25.2,Lose Weight,Beginner,Mixed,6.5,10,3,0.53,66,Lower Body,1,55,631,0
U6386,18,Female,155,65.8,27.4,Gain Strength,Beginner,Gym,7.1,6,4,0.98,83,Pull,1,47,330,1
U6387,22,Female,175,83.6,27.3,Build Muscle,Intermediate,Home,5.3,0,3,0.67,56,Full Body,2,41,384,1
U6388,25,Male,161,61.4,23.7,Build Muscle,Beginner,Home,6.3,0,1,0.65,87,Push,1,53,576,1
U6389,32,Male,186,91.7,26.5,Build Muscle,Advanced,Gym,8.2,7,0,0.43,72,Legs,3,54,619,1
U6390,40,Female,164,76.9,28.6,Build Muscle,Beginner,Gym,8.8,7,0,0.44,66,Lower Body,1,64,504,0
U6391,33,Female,192,106.2,28.8,Lose Weight,Advanced,Home,6.9,1,5,0.56,48,Cardio,3,33,245,1
U6392,41,Male,187,71.7,20.5,Build Muscle,Intermediate,Home,5.2,0,6,0.73,85,Lower Body,2,51,543,1
U6393,39,Female,163,51,19.2,Lose Weight,Intermediate,Gym,7.4,8,5,0.87,71,Cardio,2,31,321,1
U6394,26,Male,189,63.2,17.7,Build Muscle,Beginner,Gym,7.5,5,3,0.71,69,Push,1,51,506,1
U6395,41,Female,159,56.1,22.2,Build Muscle,Advanced,Gym,7.2,9,6,0.81,100,Push,3,66,750,1
U6396,44,Male,155,60.1,25,Improve Fitness,Intermediate,Gym,8.8,9,3,0.78,70,Upper Body,2,55,404,1
U6397,30,Male,188,88.7,25.1,Build Muscle,Intermediate,Gym,5.8,4,2,0.78,42,Pull,2,62,624,1
U6398,19,Male,195,79.5,20.9,Build Muscle,Beginner,Home,7.2,8,2,0.93,93,Legs,1,48,440,1
U6399,31,Female,169,67.1,23.5,Build Muscle,Beginner,Home,7.3,8,2,0.9,52,Upper Body,1,47,498,1
U6400,26,Female,162,68.8,26.2,Build Muscle,Beginner,Mixed,6.2,8,5,0.69,65,Pull,1,47,319,1
U6401,41,Female,172,77.8,26.3,Lose Weight,Intermediate,Home,7.7,4,1,0.88,77,Cardio,2,38,378,1
U6402,23,Male,174,76.3,25.2,Build Muscle,Intermediate,Gym,9.1,4,2,0.45,97,Upper Body,2,43,385,1
U6403,36,Female,166,64.2,23.3,Build Muscle,Advanced,Home,7.7,10,5,0.66,61,Upper Body,3,59,555,1
U6404,23,Male,153,62,26.5,Build Muscle,Beginner,Gym,8.2,6,3,0.81,63,Push,1,58,515,1
U6405,36,Male,159,91,36,Improve Fitness,Intermediate,Gym,8.4,7,0,0.89,66,Recovery,2,35,313,1
U6406,24,Male,160,56.1,21.9,Lose Weight,Intermediate,Home,6.8,1,1,0.91,57,Lower Body,2,55,610,1
U6407,24,Female,165,54.4,20,Lose Weight,Intermediate,Gym,7.7,4,1,0.78,60,Cardio,2,31,307,1
U6408,44,Male,175,60.9,19.9,Lose Weight,Advanced,Mixed,8.7,7,4,0.78,51,Recovery,3,25,172,1
U6409,38,Female,184,64.7,19.1,Gain Strength,Intermediate,Gym,6.7,4,0,0.85,80,Pull,2,59,536,1
U6410,41,Male,174,88.7,29.3,Build Muscle,Advanced,Gym,5.5,7,1,0.76,93,Legs,3,48,362,1
U6411,27,Female,189,107.5,30.1,Lose Weight,Beginner,Mixed,7.5,7,1,1,81,Cardio,1,43,347,1
U6412,18,Female,187,101.1,28.9,Gain Strength,Beginner,Gym,7.1,9,5,0.58,58,Push,1,48,411,1
U6413,25,Male,195,96.2,25.3,Gain Strength,Beginner,Gym,6.9,8,2,0.4,56,Push,1,55,369,0
U6414,30,Female,155,55.7,23.2,Lose Weight,Beginner,Mixed,7.9,8,5,0.72,70,Cardio,1,45,307,1
U6415,41,Male,189,72.9,20.4,Lose Weight,Beginner,Mixed,7.1,1,6,0.96,74,Full Body,1,54,450,1
U6416,34,Male,181,59.6,18.2,Build Muscle,Intermediate,Home,5.7,8,3,0.83,68,Pull,2,61,628,1
U6417,28,Female,150,54.4,24.2,Improve Fitness,Intermediate,Gym,6.4,3,6,0.81,67,Full Body,2,51,447,1
U6418,38,Female,154,56.2,23.7,Build Muscle,Advanced,Home,6.2,5,6,0.89,68,Push,3,61,564,1
U6419,39,Female,155,65.1,27.1,Gain Strength,Intermediate,Mixed,5.8,0,5,1,91,Legs,2,52,363,1
U6420,41,Male,190,61.4,17,Gain Strength,Beginner,Home,6.2,6,5,0.81,52,Pull,1,70,687,1
U6421,33,Female,160,61.2,23.9,Improve Fitness,Beginner,Home,7.6,1,6,0.69,80,Upper Body,1,58,455,1
U6422,31,Male,179,69.2,21.6,Build Muscle,Advanced,Gym,4.6,6,6,0.9,86,Upper Body,3,45,353,1
U6423,31,Male,183,117.2,35,Build Muscle,Intermediate,Home,4.7,1,3,0.86,42,Upper Body,2,42,318,1
U6424,34,Male,173,95.5,31.9,Gain Strength,Beginner,Gym,7.6,0,0,0.55,83,Push,1,63,443,1
U6425,43,Female,166,61.2,22.2,Gain Strength,Beginner,Home,7.4,2,2,0.76,98,Legs,1,48,519,1
U6426,44,Female,174,97.2,32.1,Build Muscle,Beginner,Gym,6.4,8,3,0.91,77,Pull,1,47,345,1
U6427,37,Female,191,67.9,18.6,Lose Weight,Intermediate,Gym,6.3,0,0,1,77,Cardio,2,39,259,1
U6428,34,Female,162,75.3,28.7,Build Muscle,Beginner,Gym,6.9,4,4,0.62,72,Legs,1,59,579,1
U6429,35,Male,160,59.9,23.4,Build Muscle,Intermediate,Gym,5.5,6,3,0.54,82,Lower Body,2,61,557,1
U6430,32,Male,153,53.6,22.9,Build Muscle,Beginner,Mixed,7.1,5,2,0.76,76,Lower Body,1,63,455,1
U6431,25,Male,194,110.3,29.3,Gain Strength,Advanced,Gym,5.9,2,0,0.82,83,Pull,3,64,690,1
U6432,22,Male,194,107.6,28.6,Gain Strength,Beginner,Gym,5.5,8,1,0.77,97,Push,1,64,471,1
U6433,22,Male,151,55,24.1,Build Muscle,Beginner,Home,7.6,0,6,0.86,56,Full Body,1,44,480,1
U6434,26,Male,171,94.2,32.2,Build Muscle,Intermediate,Gym,7.6,4,5,0.81,47,Legs,2,70,470,1
U6435,32,Male,171,81.3,27.8,Gain Strength,Intermediate,Home,7.7,4,2,1,67,Legs,2,50,374,1
U6436,43,Male,155,49,20.4,Build Muscle,Advanced,Gym,6.3,2,6,0.63,55,Lower Body,3,43,490,1
U6437,42,Female,160,76.5,29.9,Lose Weight,Beginner,Mixed,8.6,0,4,0.68,66,Full Body,1,54,528,1
U6438,42,Female,181,55.7,17,Lose Weight,Beginner,Gym,7.9,2,3,1,62,Cardio,1,30,219,1
U6439,45,Female,173,71.8,24,Build Muscle,Intermediate,Gym,7.6,7,5,1,74,Full Body,2,47,409,1
U6440,38,Female,150,56.9,25.3,Gain Strength,Beginner,Mixed,7.3,0,3,0.46,50,Push,1,65,455,1
U6441,32,Female,152,48.7,21.1,Improve Fitness,Beginner,Gym,8.2,5,1,0.66,64,Lower Body,1,45,315,1
U6442,21,Female,169,63.4,22.2,Gain Strength,Intermediate,Gym,6.9,3,2,1,69,Push,2,48,494,1
U6443,30,Male,174,64.2,21.2,Build Muscle,Intermediate,Mixed,7.1,1,6,1,64,Push,2,61,548,1
U6444,33,Female,154,46.2,19.5,Build Muscle,Advanced,Mixed,6.5,10,4,0.74,82,Pull,3,59,490,1
U6445,33,Male,155,69,28.7,Lose Weight,Beginner,Mixed,5.9,2,4,0.55,67,Cardio,1,42,438,1
U6446,37,Male,151,62.5,27.4,Improve Fitness,Beginner,Mixed,5.7,6,3,0.61,63,Upper Body,1,47,412,0
U6447,37,Female,193,106.2,28.5,Improve Fitness,Advanced,Home,7.7,3,0,0.88,92,Upper Body,3,56,507,1
U6448,34,Female,184,78.5,23.2,Improve Fitness,Intermediate,Home,5.8,5,3,0.51,44,Full Body,2,47,531,0
U6449,24,Female,156,55,22.6,Gain Strength,Beginner,Gym,6.7,9,4,0.86,72,Upper Body,1,64,725,1
U6450,31,Male,157,55.2,22.4,Build Muscle,Advanced,Gym,7,9,3,0.53,87,Pull,3,60,440,1
U6451,35,Female,159,53.6,21.2,Lose Weight,Beginner,Gym,5.8,10,4,0.87,80,Full Body,1,40,441,1
U6452,18,Male,161,44.8,17.3,Build Muscle,Intermediate,Gym,8,4,5,0.59,66,Full Body,2,46,489,1
U6453,43,Female,187,88.5,25.3,Lose Weight,Intermediate,Home,7.7,4,0,0.8,71,Recovery,2,27,203,1
U6454,37,Male,176,70.3,22.7,Gain Strength,Intermediate,Gym,7.6,0,0,0.7,99,Upper Body,2,51,539,1
U6455,18,Male,188,95.4,27,Lose Weight,Intermediate,Gym,6.1,0,5,0.63,72,Recovery,2,26,191,1
U6456,36,Female,194,112.9,30,Improve Fitness,Intermediate,Home,8.7,4,1,0.65,57,Full Body,2,40,318,1
U6457,40,Female,173,59.9,20,Lose Weight,Intermediate,Home,7.4,3,1,1,80,Cardio,2,38,305,1
U6458,27,Female,187,62.2,17.8,Lose Weight,Beginner,Home,6.3,2,3,0.61,59,Cardio,1,48,353,1
U6459,38,Female,157,56.4,22.9,Gain Strength,Beginner,Mixed,7.5,7,5,0.84,88,Push,1,58,458,1
U6460,24,Female,158,66.7,26.7,Build Muscle,Beginner,Mixed,5,4,4,0.53,69,Push,1,60,670,1
U6461,39,Male,192,92.5,25.1,Lose Weight,Beginner,Home,8,7,2,0.73,72,Recovery,1,34,304,1
U6462,27,Male,173,76.3,25.5,Build Muscle,Intermediate,Gym,6.8,5,5,0.74,88,Legs,2,63,491,1
U6463,33,Female,171,70.5,24.1,Gain Strength,Advanced,Gym,7.1,10,6,0.71,91,Legs,3,72,682,1
U6464,29,Female,155,47.6,19.8,Build Muscle,Beginner,Gym,9.1,2,4,0.51,62,Upper Body,1,65,729,1
U6465,43,Female,185,94.5,27.6,Gain Strength,Beginner,Home,8.2,9,2,0.47,55,Legs,1,72,758,0
U6466,33,Female,170,74.3,25.7,Gain Strength,Beginner,Gym,9.5,9,5,0.94,68,Lower Body,1,60,516,1
U6467,30,Male,195,64.6,17,Lose Weight,Advanced,Gym,7.2,3,0,0.79,66,Full Body,3,60,616,1
U6468,26,Male,180,67.7,20.9,Build Muscle,Intermediate,Mixed,7.3,9,0,0.55,100,Upper Body,2,56,633,1
U6469,41,Female,187,108.1,30.9,Build Muscle,Intermediate,Gym,7.8,5,3,0.74,62,Upper Body,2,40,411,1
U6470,40,Male,171,71.3,24.4,Gain Strength,Advanced,Gym,8.9,8,3,0.88,75,Push,3,70,473,1
U6471,24,Female,179,91,28.4,Lose Weight,Beginner,Gym,7.7,0,5,0.79,86,Full Body,1,43,290,1
U6472,20,Female,170,77.2,26.7,Build Muscle,Intermediate,Gym,8,4,2,0.75,68,Lower Body,2,44,479,1
U6473,27,Female,160,56.8,22.2,Build Muscle,Intermediate,Gym,6.4,5,3,0.43,58,Lower Body,2,44,464,0
U6474,19,Male,175,62.8,20.5,Lose Weight,Intermediate,Home,6.5,4,3,1,69,Cardio,2,40,338,1
U6475,45,Male,178,80.8,25.5,Gain Strength,Advanced,Gym,7.4,0,0,1,63,Upper Body,3,48,455,1
U6476,27,Male,172,69.8,23.6,Build Muscle,Beginner,Gym,7,8,4,0.92,92,Push,1,50,487,1
U6477,38,Male,179,84.9,26.5,Build Muscle,Intermediate,Gym,8.5,1,5,0.75,69,Push,2,63,519,1
U6478,32,Male,156,71.8,29.5,Build Muscle,Intermediate,Gym,7.6,5,1,0.59,86,Legs,2,58,410,1
U6479,37,Male,161,61.2,23.6,Build Muscle,Beginner,Mixed,6.7,6,4,0.88,70,Push,1,62,545,1
U6480,33,Female,181,85.5,26.1,Build Muscle,Beginner,Mixed,7.8,2,4,0.58,77,Push,1,65,691,1
U6481,22,Female,179,96.8,30.2,Gain Strength,Intermediate,Mixed,6,8,2,0.8,59,Upper Body,2,41,401,1
U6482,44,Female,192,106.2,28.8,Build Muscle,Beginner,Gym,8.2,8,4,0.66,100,Legs,1,61,496,1
U6483,26,Male,164,78.3,29.1,Build Muscle,Intermediate,Mixed,7.9,4,1,0.84,86,Upper Body,2,52,532,1
U6484,42,Male,193,75.6,20.3,Gain Strength,Intermediate,Gym,7.3,9,4,0.79,65,Pull,2,62,490,1
U6485,28,Female,195,100.8,26.5,Gain Strength,Intermediate,Home,8.5,2,6,0.64,71,Pull,2,60,509,1
U6486,30,Male,191,77,21.1,Lose Weight,Beginner,Mixed,5.1,3,6,0.86,71,Recovery,1,22,195,1
U6487,31,Female,158,61.7,24.7,Build Muscle,Beginner,Gym,6,10,0,0.69,88,Push,1,57,455,1
U6488,45,Female,176,75.9,24.5,Lose Weight,Beginner,Gym,7.1,1,1,0.76,53,Full Body,1,57,626,1
U6489,27,Male,194,102,27.1,Lose Weight,Intermediate,Mixed,5.7,2,6,0.55,56,Cardio,2,39,281,1
U6490,31,Male,191,86.8,23.8,Lose Weight,Intermediate,Gym,6.7,9,2,0.72,58,Full Body,2,48,538,1
U6491,45,Female,153,67.2,28.7,Build Muscle,Intermediate,Gym,8,9,2,0.69,64,Legs,2,46,314,1
U6492,21,Female,193,82.3,22.1,Improve Fitness,Advanced,Mixed,6.8,2,6,0.47,57,Upper Body,3,59,555,1
U6493,18,Male,187,98.3,28.1,Improve Fitness,Intermediate,Home,7.4,7,0,1,67,Upper Body,2,43,462,1
U6494,43,Female,176,71.2,23,Build Muscle,Beginner,Home,6.7,10,4,0.66,62,Legs,1,66,605,1
U6495,24,Female,189,91.4,25.6,Improve Fitness,Intermediate,Mixed,7.1,4,3,0.63,90,Full Body,2,44,407,1
U6496,31,Female,194,122.3,32.5,Improve Fitness,Beginner,Home,8.4,7,0,0.82,83,Full Body,1,40,349,1
U6497,30,Male,167,90.1,32.3,Build Muscle,Beginner,Mixed,7.9,6,6,0.61,77,Push,1,51,575,1
U6498,33,Male,179,86.8,27.1,Build Muscle,Advanced,Gym,6,0,1,0.67,88,Full Body,3,44,455,1
U6499,35,Female,187,59.4,17,Improve Fitness,Beginner,Gym,5.7,9,0,0.69,77,Full Body,1,59,647,0
U6500,35,Male,159,47.5,18.8,Improve Fitness,Intermediate,Home,7,2,6,0.93,73,Full Body,2,41,276,1
U6501,32,Female,168,80.2,28.4,Build Muscle,Beginner,Home,6.4,1,3,0.57,84,Push,1,58,452,1
U6502,25,Female,169,74.5,26.1,Gain Strength,Advanced,Gym,5.8,8,4,0.58,95,Upper Body,3,48,322,1
U6503,22,Female,177,64.5,20.6,Build Muscle,Beginner,Home,8.1,7,4,0.63,71,Legs,1,55,366,1
U6504,33,Male,182,85.1,25.7,Build Muscle,Beginner,Gym,4.8,5,1,0.46,73,Push,1,64,731,0
U6505,31,Male,191,78.4,21.5,Gain Strength,Intermediate,Gym,8.2,0,1,0.43,80,Legs,2,50,371,1
U6506,42,Male,162,49.1,18.7,Build Muscle,Intermediate,Home,6.7,7,4,0.53,100,Upper Body,2,51,420,1
U6507,24,Male,172,55.9,18.9,Build Muscle,Advanced,Gym,7,6,5,0.41,95,Pull,3,58,551,1
U6508,32,Male,169,74.8,26.2,Improve Fitness,Beginner,Home,7.3,9,2,0.99,74,Full Body,1,60,484,1
U6509,36,Female,179,81.4,25.4,Lose Weight,Intermediate,Mixed,7.2,3,1,0.82,64,Recovery,2,26,224,1
U6510,27,Female,181,77.3,23.6,Build Muscle,Advanced,Gym,8,9,2,0.77,70,Upper Body,3,42,275,1
U6511,45,Female,160,47.6,18.6,Lose Weight,Intermediate,Gym,8.7,5,6,0.6,86,Cardio,2,34,289,1
U6512,29,Female,153,59,25.2,Gain Strength,Beginner,Home,5.7,1,5,0.95,75,Upper Body,1,47,453,1
U6513,41,Female,194,113.3,30.1,Improve Fitness,Beginner,Gym,6.9,9,3,0.85,45,Upper Body,1,41,349,1
U6514,30,Male,180,72.6,22.4,Build Muscle,Beginner,Mixed,5.7,4,6,0.65,79,Full Body,1,42,276,1
U6515,36,Male,176,68.1,22,Gain Strength,Advanced,Gym,8.1,1,1,0.57,85,Push,3,62,532,1
U6516,30,Male,170,86.7,30,Build Muscle,Beginner,Gym,8.2,3,2,0.66,40,Lower Body,1,46,435,1
U6517,24,Male,187,94.1,26.9,Build Muscle,Beginner,Home,7,8,5,0.54,63,Push,1,63,504,1
U6518,34,Male,185,104.4,30.5,Lose Weight,Intermediate,Gym,5.8,10,5,0.8,75,Full Body,2,57,578,1
U6519,36,Male,194,86.6,23,Lose Weight,Intermediate,Mixed,7.8,2,0,1,67,Cardio,2,36,316,1
U6520,41,Female,162,61.7,23.5,Gain Strength,Beginner,Gym,7.8,10,2,0.89,70,Legs,1,63,670,1
U6521,22,Male,178,73.5,23.2,Gain Strength,Beginner,Mixed,4.7,4,2,0.58,54,Legs,1,67,483,0
U6522,37,Female,184,92.8,27.4,Build Muscle,Advanced,Gym,6.8,5,4,0.67,71,Lower Body,3,56,599,1
U6523,30,Male,172,61.5,20.8,Build Muscle,Intermediate,Gym,8.8,10,2,0.95,96,Upper Body,2,56,403,1
U6524,26,Male,150,61.6,27.4,Lose Weight,Beginner,Gym,7.1,4,1,1,61,Cardio,1,36,283,1
U6525,34,Female,168,58.7,20.8,Gain Strength,Intermediate,Gym,6.4,10,6,0.81,60,Legs,2,63,455,1
U6526,38,Female,181,78,23.8,Build Muscle,Intermediate,Home,5.3,10,1,0.81,49,Legs,2,54,514,0
U6527,25,Male,172,60.9,20.6,Build Muscle,Beginner,Home,8.4,8,3,0.93,77,Pull,1,67,683,1
U6528,43,Male,188,90.8,25.7,Gain Strength,Intermediate,Mixed,6.5,5,4,0.58,66,Legs,2,55,499,1
U6529,29,Male,152,41.8,18.1,Build Muscle,Beginner,Mixed,7.4,7,1,0.73,57,Push,1,64,679,1
U6530,31,Female,162,81.6,31.1,Lose Weight,Intermediate,Gym,7.8,8,6,0.84,64,Lower Body,2,48,377,1
U6531,27,Male,173,73.3,24.5,Build Muscle,Beginner,Gym,7.8,2,4,0.75,96,Lower Body,1,57,651,1
U6532,24,Female,187,82.5,23.6,Improve Fitness,Intermediate,Gym,6.5,3,2,0.83,53,Full Body,2,51,371,1
U6533,19,Female,176,88,28.4,Build Muscle,Intermediate,Gym,5.7,9,5,0.83,62,Pull,2,61,697,1
U6534,33,Female,187,92.7,26.5,Gain Strength,Beginner,Mixed,8.1,6,5,0.75,54,Legs,1,51,522,1
U6535,41,Female,186,71.6,20.7,Build Muscle,Intermediate,Mixed,6.3,7,3,0.38,88,Upper Body,2,65,666,1
U6536,43,Male,160,64,25,Lose Weight,Intermediate,Mixed,5.9,3,3,0.98,61,Cardio,2,40,353,1
U6537,36,Male,173,76.6,25.6,Improve Fitness,Beginner,Mixed,6.2,0,1,0.36,51,Lower Body,1,46,502,0
U6538,31,Female,179,72.4,22.6,Gain Strength,Beginner,Mixed,8.1,10,3,0.78,74,Pull,1,51,375,1
U6539,45,Male,174,51.5,17,Lose Weight,Intermediate,Mixed,8.5,2,0,0.76,70,Full Body,2,55,365,1
U6540,30,Female,186,101.4,29.3,Gain Strength,Beginner,Home,8.5,8,5,0.93,68,Upper Body,1,54,378,1
U6541,33,Female,193,75.6,20.3,Build Muscle,Intermediate,Gym,8.2,9,0,0.47,100,Upper Body,2,45,483,1
U6542,32,Male,176,76.2,24.6,Gain Strength,Intermediate,Gym,5.9,3,3,0.5,52,Lower Body,2,62,540,0
U6543,45,Female,172,74.3,25.1,Improve Fitness,Intermediate,Gym,7.1,5,5,0.5,66,Full Body,2,40,360,1
U6544,35,Male,169,53.7,18.8,Gain Strength,Intermediate,Gym,7.7,10,3,0.71,66,Legs,2,60,594,1
U6545,39,Male,182,63.3,19.1,Lose Weight,Beginner,Gym,6.8,5,5,0.65,76,Full Body,1,45,511,1
U6546,45,Male,194,94.8,25.2,Lose Weight,Intermediate,Mixed,8,7,0,0.63,44,Cardio,2,31,345,1
U6547,35,Female,178,90.9,28.7,Build Muscle,Beginner,Home,6.1,3,4,0.52,71,Legs,1,69,504,1
U6548,30,Female,155,62,25.8,Lose Weight,Intermediate,Home,6.5,1,6,0.62,66,Recovery,2,22,179,1
U6549,44,Male,184,102.9,30.4,Build Muscle,Intermediate,Gym,7.1,3,3,0.55,57,Upper Body,2,43,362,1
U6550,37,Female,171,68.4,23.4,Build Muscle,Beginner,Gym,7.4,8,4,0.81,73,Full Body,1,56,503,1
U6551,44,Male,157,51.8,21,Gain Strength,Intermediate,Home,6.6,8,3,0.85,54,Push,2,54,520,1
U6552,33,Female,154,53.4,22.5,Lose Weight,Intermediate,Gym,7.8,9,4,0.88,69,Full Body,2,59,540,1
U6553,33,Female,161,59.1,22.8,Gain Strength,Beginner,Gym,5.6,4,5,0.81,91,Legs,1,51,425,1
U6554,43,Female,165,96.1,35.3,Improve Fitness,Beginner,Home,7.5,8,5,0.71,58,Cardio,1,36,268,1
U6555,39,Male,184,57.6,17,Build Muscle,Beginner,Gym,7.3,5,6,1,91,Pull,1,69,609,1
U6556,30,Male,168,82.4,29.2,Build Muscle,Intermediate,Home,7.4,7,6,0.78,35,Full Body,2,47,416,1
U6557,21,Male,173,82.9,27.7,Build Muscle,Intermediate,Gym,6.5,10,2,0.59,67,Pull,2,52,571,0
U6558,22,Female,181,75.4,23,Improve Fitness,Advanced,Mixed,6.3,1,0,0.72,63,Recovery,3,27,306,1
U6559,37,Female,191,90.8,24.9,Build Muscle,Beginner,Gym,5.5,10,3,0.68,55,Upper Body,1,56,420,0
U6560,31,Female,164,58.6,21.8,Lose Weight,Intermediate,Gym,7.3,3,0,0.43,59,Lower Body,2,62,554,0
U6561,31,Female,164,72.4,26.9,Build Muscle,Beginner,Home,5.5,4,6,1,90,Upper Body,1,59,459,1
U6562,44,Male,176,69.4,22.4,Lose Weight,Beginner,Gym,6.2,7,6,0.76,50,Full Body,1,45,325,1
U6563,22,Female,191,62,17,Improve Fitness,Intermediate,Home,6.6,7,1,0.7,73,Full Body,2,52,425,1
U6564,29,Female,191,79.9,21.9,Improve Fitness,Beginner,Gym,8.5,2,5,0.45,54,Full Body,1,56,588,1
U6565,26,Male,188,93.7,26.5,Lose Weight,Beginner,Gym,5.8,1,5,0.5,73,Lower Body,1,60,625,1
U6566,34,Male,176,62.3,20.1,Improve Fitness,Intermediate,Gym,7,10,5,0.59,59,Upper Body,2,54,478,0
U6567,44,Female,163,45.2,17,Improve Fitness,Intermediate,Mixed,7.3,8,5,0.5,69,Upper Body,2,43,408,1
U6568,35,Female,168,62.9,22.3,Gain Strength,Beginner,Mixed,6.9,1,0,0.69,74,Push,1,46,521,1
U6569,18,Female,186,74,21.4,Lose Weight,Advanced,Mixed,8.5,6,4,0.39,68,Cardio,3,30,289,1
U6570,23,Male,156,68.1,28,Build Muscle,Beginner,Home,7.6,5,1,0.54,59,Upper Body,1,46,522,1
U6571,35,Male,165,55.3,20.3,Lose Weight,Beginner,Home,7.8,5,5,0.59,75,Full Body,1,53,537,1
U6572,23,Male,172,75.7,25.6,Lose Weight,Advanced,Home,9.5,6,0,0.78,59,Cardio,3,30,248,1
U6573,22,Female,156,44.8,18.4,Lose Weight,Beginner,Gym,6.8,2,5,0.7,38,Recovery,1,26,182,1
U6574,28,Male,186,74.4,21.5,Build Muscle,Intermediate,Home,7.4,6,6,0.62,86,Upper Body,2,60,598,1
U6575,26,Male,157,44.4,18,Build Muscle,Intermediate,Home,7.8,10,6,0.88,86,Legs,2,67,536,1
U6576,33,Female,181,58.6,17.9,Build Muscle,Beginner,Mixed,7.4,4,3,0.6,50,Legs,1,52,428,1
U6577,34,Male,181,74.7,22.8,Lose Weight,Intermediate,Home,6.1,2,6,0.89,79,Full Body,2,47,339,1
U6578,40,Male,157,48.6,19.7,Gain Strength,Beginner,Gym,6.3,9,1,0.65,70,Legs,1,50,453,0
U6579,41,Female,182,95.1,28.7,Lose Weight,Intermediate,Home,7.9,1,5,0.73,68,Cardio,2,30,336,1
U6580,41,Male,165,46.6,17.1,Gain Strength,Intermediate,Home,8.5,1,0,0.64,95,Pull,2,53,590,1
U6581,23,Female,186,87.5,25.3,Gain Strength,Beginner,Gym,9.3,3,5,0.83,50,Lower Body,1,55,366,1
U6582,45,Male,181,71.7,21.9,Improve Fitness,Intermediate,Gym,6.9,9,3,0.56,66,Full Body,2,60,645,0
U6583,38,Male,179,60.2,18.8,Lose Weight,Beginner,Gym,7.1,8,2,0.76,56,Cardio,1,33,227,1
U6584,33,Female,164,87.7,32.6,Improve Fitness,Beginner,Gym,7.2,2,0,0.57,47,Lower Body,1,58,484,0
U6585,34,Female,182,82.1,24.8,Build Muscle,Beginner,Home,6.8,4,5,0.86,69,Full Body,1,44,415,1
U6586,34,Male,160,49.9,19.5,Lose Weight,Beginner,Gym,8.9,7,3,0.8,68,Lower Body,1,62,650,1
U6587,30,Male,180,81.6,25.2,Lose Weight,Beginner,Home,7.6,5,3,0.46,74,Recovery,1,30,270,1
U6588,30,Female,153,52.9,22.6,Lose Weight,Beginner,Mixed,7.7,5,6,0.59,62,Cardio,1,42,320,1
U6589,35,Female,154,74.7,31.5,Gain Strength,Advanced,Home,8.5,1,3,0.2,89,Legs,3,64,629,1
U6590,19,Male,170,69.9,24.2,Lose Weight,Beginner,Gym,6.3,8,0,0.54,57,Cardio,1,41,449,0
U6591,24,Male,192,79.6,21.6,Lose Weight,Beginner,Gym,5.9,6,3,0.48,56,Cardio,1,50,555,1
U6592,37,Male,166,71.4,25.9,Build Muscle,Beginner,Home,7.2,6,1,0.82,71,Upper Body,1,48,422,1
U6593,34,Female,185,65,19,Build Muscle,Beginner,Home,7.6,8,1,0.54,81,Lower Body,1,57,606,0
U6594,27,Female,152,45.3,19.6,Improve Fitness,Beginner,Home,6.3,9,4,0.65,82,Cardio,1,38,353,1
U6595,27,Female,192,92.9,25.2,Lose Weight,Intermediate,Home,7.1,2,4,1,44,Lower Body,2,42,366,1
U6596,36,Male,193,74.9,20.1,Build Muscle,Intermediate,Mixed,5.9,3,5,0.4,61,Upper Body,2,47,418,1
U6597,39,Female,180,88.8,27.4,Build Muscle,Beginner,Mixed,6.4,3,3,0.66,46,Push,1,57,492,1
U6598,39,Female,195,80.6,21.2,Lose Weight,Beginner,Mixed,6.6,3,2,0.84,46,Lower Body,1,41,288,1
U6599,39,Female,186,78.2,22.6,Lose Weight,Beginner,Gym,8.3,5,6,0.64,40,Full Body,1,42,477,1
U6600,18,Male,183,100.1,29.9,Lose Weight,Beginner,Home,7.9,7,0,0.88,45,Full Body,1,44,489,1
U6601,19,Male,186,106.9,30.9,Build Muscle,Advanced,Home,6.2,6,4,0.63,61,Upper Body,3,49,370,1
U6602,37,Female,156,69.4,28.5,Gain Strength,Beginner,Gym,6.9,3,0,0.81,73,Legs,1,74,582,1
U6603,30,Female,173,72.1,24.1,Build Muscle,Intermediate,Gym,6.1,3,2,1,50,Push,2,51,435,1
U6604,35,Female,177,82.1,26.2,Lose Weight,Advanced,Home,7.5,3,3,0.93,92,Full Body,3,55,608,1
U6605,26,Male,180,77.4,23.9,Improve Fitness,Intermediate,Home,7.7,1,6,1,71,Cardio,2,46,454,1
U6606,38,Female,181,65.5,20,Lose Weight,Beginner,Gym,6.7,3,4,0.49,77,Full Body,1,57,412,1
U6607,21,Female,186,100.3,29,Improve Fitness,Beginner,Gym,7,10,5,0.43,87,Lower Body,1,59,603,0
U6608,29,Male,180,55.1,17,Improve Fitness,Intermediate,Mixed,5.4,10,1,0.69,75,Full Body,2,48,451,0
U6609,41,Female,179,84.3,26.3,Build Muscle,Beginner,Home,7,9,4,1,72,Upper Body,1,59,662,1
U6610,23,Male,155,69.2,28.8,Lose Weight,Intermediate,Home,8,5,4,0.49,69,Full Body,2,46,331,1
U6611,36,Female,154,79.2,33.4,Lose Weight,Beginner,Mixed,6.5,0,0,0.6,74,Cardio,1,49,554,1
U6612,37,Male,187,78.7,22.5,Gain Strength,Beginner,Home,6.2,5,0,0.63,93,Lower Body,1,61,434,1
U6613,33,Male,167,66.7,23.9,Build Muscle,Beginner,Gym,5.6,9,5,0.45,100,Upper Body,1,53,597,1
U6614,30,Male,156,57.4,23.6,Lose Weight,Intermediate,Mixed,7.6,9,3,0.58,76,Full Body,2,40,379,1
U6615,35,Male,194,115.2,30.6,Lose Weight,Advanced,Mixed,6.4,3,4,0.8,50,Cardio,3,36,362,1
U6616,42,Female,150,74.2,33,Improve Fitness,Intermediate,Home,7.4,2,6,0.65,67,Lower Body,2,58,377,1
U6617,41,Male,181,73.4,22.4,Build Muscle,Intermediate,Gym,6.6,5,6,0.28,70,Lower Body,2,50,520,0
U6618,26,Female,187,83.6,23.9,Gain Strength,Beginner,Mixed,7.6,0,3,0.63,60,Lower Body,1,41,359,1
U6619,28,Female,191,89.4,24.5,Gain Strength,Intermediate,Gym,5.3,7,5,0.75,44,Legs,2,59,430,1
U6620,37,Male,194,109.9,29.2,Build Muscle,Intermediate,Gym,7.9,1,5,0.55,81,Lower Body,2,53,601,1
U6621,28,Male,182,82.8,25,Lose Weight,Intermediate,Gym,6,8,4,0.36,76,Lower Body,2,57,404,0
U6622,35,Female,174,64.2,21.2,Lose Weight,Intermediate,Mixed,8.3,1,4,0.72,61,Recovery,2,30,333,1
U6623,42,Male,185,109.9,32.1,Gain Strength,Beginner,Gym,7.7,1,3,0.2,64,Pull,1,50,343,0
U6624,30,Male,167,52.2,18.7,Gain Strength,Intermediate,Home,6.2,1,0,0.69,77,Upper Body,2,41,443,1
U6625,30,Female,175,78.4,25.6,Gain Strength,Intermediate,Home,8.3,5,0,0.83,80,Legs,2,65,622,1
U6626,18,Female,175,77.5,25.3,Improve Fitness,Beginner,Home,8.5,2,1,0.66,67,Full Body,1,40,432,1
U6627,40,Female,187,59.4,17,Lose Weight,Beginner,Mixed,8.3,5,6,0.71,100,Cardio,1,35,327,1
U6628,39,Female,179,73.1,22.8,Improve Fitness,Intermediate,Gym,7.2,0,2,0.82,55,Upper Body,2,64,527,1
U6629,42,Male,164,69.9,26,Build Muscle,Intermediate,Gym,7.1,7,1,0.67,89,Push,2,70,727,1
U6630,39,Male,177,64.9,20.7,Gain Strength,Beginner,Gym,7.4,6,5,0.98,61,Upper Body,1,52,566,1
U6631,31,Female,168,65.8,23.3,Build Muscle,Intermediate,Home,9.5,3,6,0.81,64,Upper Body,2,43,493,1
U6632,25,Male,178,88.4,27.9,Gain Strength,Intermediate,Mixed,6.5,5,3,0.44,92,Lower Body,2,63,430,1
U6633,41,Female,183,66.6,19.9,Build Muscle,Beginner,Mixed,9.5,5,2,0.63,100,Push,1,50,525,1
U6634,24,Female,156,45.8,18.8,Improve Fitness,Intermediate,Mixed,8.2,0,1,0.81,84,Upper Body,2,43,298,1
U6635,21,Female,166,78.8,28.6,Gain Strength,Beginner,Gym,6.6,10,4,0.48,71,Push,1,59,578,0
U6636,32,Female,173,76,25.4,Build Muscle,Beginner,Home,6.6,2,3,0.77,76,Legs,1,75,558,1
U6637,18,Female,184,70.1,20.7,Gain Strength,Intermediate,Home,7.5,1,0,0.67,61,Legs,2,58,457,1
U6638,23,Male,159,70.3,27.8,Lose Weight,Intermediate,Gym,6.2,3,1,0.64,73,Cardio,2,39,425,1
U6639,31,Male,155,72.8,30.3,Lose Weight,Intermediate,Mixed,7.3,5,3,0.82,67,Full Body,2,44,471,1
U6640,45,Female,157,59.7,24.2,Lose Weight,Advanced,Gym,7,4,6,0.77,67,Lower Body,3,57,424,1
U6641,28,Male,165,81.9,30.1,Build Muscle,Intermediate,Mixed,6.7,3,5,0.41,100,Upper Body,2,43,420,1
U6642,21,Male,161,59.9,23.1,Improve Fitness,Beginner,Gym,8.5,3,6,0.97,86,Lower Body,1,45,462,1
U6643,32,Female,190,85.6,23.7,Build Muscle,Advanced,Home,7.4,6,4,0.49,100,Push,3,54,353,1
U6644,45,Male,189,74.7,20.9,Build Muscle,Beginner,Gym,6.8,10,4,0.74,70,Push,1,59,452,1
U6645,34,Male,176,67.2,21.7,Lose Weight,Beginner,Gym,8.6,7,0,0.89,76,Cardio,1,36,295,1
U6646,22,Female,180,73.9,22.8,Build Muscle,Beginner,Gym,8.3,5,2,0.64,95,Legs,1,64,442,1
U6647,19,Male,180,81,25,Lose Weight,Intermediate,Mixed,8.5,10,6,0.7,73,Full Body,2,56,517,1
U6648,29,Female,169,84.5,29.6,Improve Fitness,Advanced,Gym,9.5,0,0,1,85,Upper Body,3,46,501,1
U6649,21,Female,195,102.7,27,Gain Strength,Intermediate,Gym,6.5,6,0,0.77,58,Upper Body,2,42,462,1
U6650,36,Female,186,90.3,26.1,Build Muscle,Intermediate,Gym,7.6,3,5,0.37,72,Full Body,2,47,535,1
U6651,19,Female,161,67.9,26.2,Lose Weight,Beginner,Home,7,3,2,0.78,51,Lower Body,1,62,666,1
U6652,39,Female,190,76.5,21.2,Build Muscle,Advanced,Gym,8.2,2,6,0.72,77,Pull,3,54,479,1
U6653,40,Male,181,72.7,22.2,Lose Weight,Intermediate,Gym,7.1,2,1,0.31,84,Lower Body,2,55,414,0
U6654,27,Female,179,102.9,32.1,Lose Weight,Beginner,Gym,5.9,9,3,0.55,78,Full Body,1,52,570,1
U6655,21,Male,154,72.8,30.7,Improve Fitness,Beginner,Gym,7.1,8,0,0.5,68,Cardio,1,34,272,0
U6656,43,Male,157,49.8,20.2,Lose Weight,Intermediate,Gym,6.4,6,6,0.67,58,Full Body,2,53,536,1
U6657,35,Female,152,49,21.2,Build Muscle,Advanced,Home,7.2,5,1,0.76,50,Legs,3,60,436,1
U6658,22,Male,154,62.1,26.2,Lose Weight,Beginner,Gym,6.7,5,5,0.85,83,Full Body,1,42,471,1
U6659,38,Male,172,65.7,22.2,Build Muscle,Beginner,Mixed,7.8,8,0,0.57,91,Push,1,58,650,1
U6660,29,Female,189,75.4,21.1,Build Muscle,Beginner,Home,7.5,5,2,0.69,56,Lower Body,1,57,573,1
U6661,28,Female,168,79.9,28.3,Gain Strength,Intermediate,Gym,6.4,8,3,0.41,30,Push,2,55,364,0
U6662,35,Male,153,48.7,20.8,Improve Fitness,Intermediate,Gym,8.6,5,1,0.95,61,Lower Body,2,62,659,1
U6663,18,Male,166,63.1,22.9,Improve Fitness,Beginner,Gym,6.6,3,2,0.48,57,Full Body,1,48,373,0
U6664,21,Female,184,96.8,28.6,Lose Weight,Intermediate,Gym,7.7,8,1,0.77,51,Cardio,2,48,423,1
U6665,33,Male,170,72,24.9,Gain Strength,Beginner,Gym,4.6,6,1,0.87,75,Legs,1,63,427,1
U6666,25,Female,160,48.4,18.9,Gain Strength,Intermediate,Mixed,8.9,7,3,0.4,79,Push,2,69,644,1
U6667,33,Male,167,74.7,26.8,Lose Weight,Intermediate,Home,5.7,4,2,0.71,47,Recovery,2,31,347,1
U6668,37,Male,193,63.3,17,Gain Strength,Intermediate,Gym,5.9,10,5,0.61,81,Legs,2,60,642,1
U6669,20,Male,171,72.5,24.8,Lose Weight,Intermediate,Home,7.2,2,1,0.54,64,Recovery,2,26,223,1
U6670,27,Male,166,56.8,20.6,Lose Weight,Advanced,Gym,5.8,0,4,0.61,73,Lower Body,3,43,423,1
U6671,42,Male,182,73.2,22.1,Build Muscle,Beginner,Home,6.7,0,6,0.85,64,Push,1,49,439,1
U6672,39,Female,165,51.5,18.9,Build Muscle,Beginner,Mixed,7.7,8,4,0.77,76,Push,1,50,445,1
U6673,45,Male,180,87.8,27.1,Lose Weight,Beginner,Home,7.6,1,3,0.73,100,Cardio,1,44,441,1
U6674,22,Female,150,43,19.1,Gain Strength,Beginner,Gym,6.5,5,4,0.89,74,Push,1,49,467,1
U6675,43,Female,187,96.9,27.7,Improve Fitness,Intermediate,Gym,7.3,6,4,0.97,56,Recovery,2,35,279,1
U6676,43,Female,175,92.2,30.1,Build Muscle,Beginner,Gym,8.4,4,4,0.5,81,Legs,1,47,305,1
U6677,40,Female,177,76.1,24.3,Improve Fitness,Advanced,Gym,6.4,0,4,0.38,56,Lower Body,3,49,406,1
U6678,24,Male,187,96.2,27.5,Build Muscle,Beginner,Gym,8,7,2,0.68,84,Lower Body,1,65,520,1
U6679,19,Female,174,86.3,28.5,Lose Weight,Beginner,Mixed,7.3,0,3,0.59,78,Cardio,1,33,226,1
U6680,23,Male,187,92.7,26.5,Gain Strength,Advanced,Home,7.8,6,3,0.88,51,Pull,3,47,352,1
U6681,28,Male,168,63.2,22.4,Build Muscle,Intermediate,Home,5,8,4,0.85,68,Upper Body,2,64,544,1
U6682,40,Female,178,83.3,26.3,Improve Fitness,Beginner,Gym,5.5,7,6,0.97,54,Upper Body,1,62,613,1
U6683,44,Female,178,88.1,27.8,Lose Weight,Intermediate,Gym,7.2,9,1,0.69,67,Full Body,2,57,596,1
U6684,23,Female,154,51.7,21.8,Lose Weight,Beginner,Gym,8.5,5,2,0.72,52,Recovery,1,25,230,1
U6685,39,Male,156,55.7,22.9,Improve Fitness,Beginner,Gym,7.2,6,0,0.88,62,Full Body,1,47,485,1
U6686,22,Female,165,60.4,22.2,Gain Strength,Intermediate,Gym,7.1,6,5,0.88,51,Pull,2,53,545,1
U6687,24,Male,195,101.1,26.6,Gain Strength,Intermediate,Home,6.6,7,3,0.66,100,Push,2,65,527,1
U6688,30,Male,189,84.7,23.7,Lose Weight,Beginner,Gym,7.9,4,2,0.85,54,Full Body,1,46,373,1
U6689,29,Male,159,43,17,Lose Weight,Beginner,Mixed,8,8,2,0.52,47,Cardio,1,42,334,1
U6690,18,Female,185,98.6,28.8,Improve Fitness,Beginner,Gym,6,6,6,0.58,100,Full Body,1,53,490,1
U6691,25,Female,195,66.5,17.5,Improve Fitness,Intermediate,Mixed,5.7,2,5,0.64,68,Full Body,2,56,485,1
U6692,31,Male,156,50.4,20.7,Lose Weight,Advanced,Mixed,5.8,3,4,0.99,75,Recovery,3,32,256,1
U6693,24,Male,155,64.9,27,Gain Strength,Beginner,Gym,6.9,5,3,0.77,85,Push,1,64,470,1
U6694,27,Male,169,58,20.3,Improve Fitness,Beginner,Gym,7.4,1,5,0.85,95,Full Body,1,40,297,1
U6695,24,Male,170,94.5,32.7,Build Muscle,Intermediate,Gym,7.2,0,3,0.92,31,Legs,2,74,519,1
U6696,31,Female,181,101.6,31,Lose Weight,Beginner,Home,6.3,3,4,0.68,78,Cardio,1,46,472,1
U6697,24,Male,159,60.4,23.9,Lose Weight,Beginner,Mixed,7.3,7,6,1,66,Full Body,1,44,375,1
U6698,18,Male,173,59.6,19.9,Lose Weight,Beginner,Gym,9.1,6,3,0.81,100,Cardio,1,32,319,1
U6699,21,Male,151,64.1,28.1,Gain Strength,Advanced,Gym,5.6,8,1,0.84,57,Lower Body,3,61,530,1
U6700,20,Female,177,76.8,24.5,Improve Fitness,Intermediate,Home,7,0,1,0.43,59,Upper Body,2,42,325,0
U6701,22,Male,167,94.3,33.8,Improve Fitness,Intermediate,Mixed,7.4,5,1,0.69,99,Upper Body,2,45,496,1
U6702,20,Female,153,53.4,22.8,Gain Strength,Advanced,Gym,7,5,3,0.9,65,Upper Body,3,58,395,1
U6703,42,Female,167,59.7,21.4,Build Muscle,Advanced,Gym,4.6,7,0,0.55,57,Pull,3,61,538,0
U6704,19,Male,176,78.1,25.2,Lose Weight,Intermediate,Home,6.4,8,0,1,56,Full Body,2,44,481,1
U6705,32,Male,156,74,30.4,Gain Strength,Intermediate,Gym,7.3,6,2,0.87,83,Push,2,59,478,1
U6706,27,Female,180,55.1,17,Gain Strength,Beginner,Gym,7.1,10,1,0.67,55,Lower Body,1,57,587,0
U6707,38,Female,154,62.6,26.4,Lose Weight,Intermediate,Mixed,9,0,0,0.24,63,Cardio,2,47,468,1
U6708,25,Female,175,59.1,19.3,Lose Weight,Beginner,Gym,7.2,6,2,0.66,62,Lower Body,1,62,458,1
U6709,24,Female,157,67.5,27.4,Improve Fitness,Intermediate,Mixed,8.9,3,0,1,60,Full Body,2,59,671,1
U6710,34,Male,185,58.2,17,Build Muscle,Intermediate,Gym,7.7,8,4,1,84,Upper Body,2,63,627,1
U6711,26,Male,194,117.4,31.2,Gain Strength,Intermediate,Gym,6.9,3,1,0.61,73,Pull,2,47,430,1
U6712,41,Male,191,84.3,23.1,Lose Weight,Beginner,Gym,7.8,9,3,0.89,87,Full Body,1,60,444,1
U6713,22,Female,170,76.9,26.6,Build Muscle,Intermediate,Gym,7.4,0,0,0.86,42,Push,2,69,518,1
U6714,19,Female,182,84.1,25.4,Build Muscle,Advanced,Gym,7.2,6,1,0.76,70,Push,3,51,424,1
U6715,25,Female,192,97,26.3,Build Muscle,Intermediate,Gym,6.5,7,5,0.92,79,Upper Body,2,53,572,1
U6716,23,Female,192,92.5,25.1,Improve Fitness,Intermediate,Mixed,6.3,4,2,0.87,75,Full Body,2,46,525,1
U6717,45,Female,179,68.2,21.3,Lose Weight,Beginner,Mixed,7,1,6,0.83,80,Cardio,1,37,389,1
U6718,36,Male,159,67,26.5,Build Muscle,Advanced,Gym,7.2,10,6,0.9,90,Push,3,50,551,1
U6719,26,Female,170,79.8,27.6,Gain Strength,Advanced,Home,6.5,8,5,0.53,63,Upper Body,3,47,430,1
U6720,28,Female,170,94.5,32.7,Build Muscle,Beginner,Gym,7.4,6,3,1,70,Lower Body,1,58,501,1
U6721,41,Female,186,81,23.4,Lose Weight,Intermediate,Gym,7,8,3,0.7,60,Cardio,2,47,451,1
U6722,44,Male,151,44.9,19.7,Lose Weight,Beginner,Gym,7.7,10,3,0.91,100,Full Body,1,41,318,1
U6723,45,Female,177,71.1,22.7,Gain Strength,Beginner,Mixed,6.7,6,2,0.58,88,Push,1,50,502,1
U6724,31,Male,183,93.4,27.9,Build Muscle,Beginner,Gym,6.1,7,2,0.56,86,Legs,1,57,559,1
U6725,35,Male,157,64.3,26.1,Build Muscle,Intermediate,Gym,7.9,9,3,0.56,43,Legs,2,61,594,1
U6726,36,Female,157,51.3,20.8,Improve Fitness,Beginner,Gym,7.9,5,2,1,65,Full Body,1,50,531,1
U6727,39,Male,170,98.5,34.1,Improve Fitness,Advanced,Home,8,0,6,0.47,75,Lower Body,3,61,442,1
U6728,35,Female,164,75.6,28.1,Lose Weight,Beginner,Home,4.5,0,5,0.84,89,Cardio,1,41,332,1
U6729,19,Male,151,59.7,26.2,Improve Fitness,Advanced,Gym,7,1,4,0.69,68,Full Body,3,57,578,1
U6730,30,Female,172,58,19.6,Lose Weight,Advanced,Gym,6.3,5,0,0.65,73,Cardio,3,46,376,1
U6731,42,Female,162,58.3,22.2,Build Muscle,Intermediate,Mixed,6.1,10,2,0.86,77,Lower Body,2,49,431,1
U6732,29,Female,194,83.6,22.2,Build Muscle,Beginner,Mixed,7.7,2,4,0.64,72,Lower Body,1,63,438,1
U6733,37,Female,190,103.2,28.6,Improve Fitness,Intermediate,Gym,6.4,1,1,0.51,69,Cardio,2,32,294,1
U6734,36,Female,189,67.2,18.8,Lose Weight,Beginner,Home,6.8,10,0,0.67,35,Cardio,1,38,301,0
U6735,21,Male,177,83.6,26.7,Gain Strength,Beginner,Gym,6.9,7,1,0.93,75,Push,1,46,518,1
U6736,43,Male,164,74.2,27.6,Lose Weight,Beginner,Gym,8.4,4,6,0.7,71,Recovery,1,32,240,1
U6737,19,Male,175,54.8,17.9,Build Muscle,Beginner,Mixed,8.5,1,2,0.69,56,Legs,1,58,490,1
U6738,20,Female,171,80.7,27.6,Gain Strength,Intermediate,Home,4.7,6,1,0.64,85,Lower Body,2,48,365,0
U6739,27,Female,157,56,22.7,Improve Fitness,Beginner,Gym,6.3,10,6,0.65,41,Cardio,1,37,290,0
U6740,36,Female,160,70.4,27.5,Gain Strength,Beginner,Mixed,7,10,5,0.67,67,Lower Body,1,54,540,1
U6741,26,Male,181,80.6,24.6,Lose Weight,Beginner,Home,7.8,0,6,0.71,51,Lower Body,1,60,561,1
U6742,38,Female,167,75,26.9,Build Muscle,Beginner,Mixed,7.6,7,3,0.76,88,Pull,1,60,549,1
U6743,35,Female,176,76.2,24.6,Build Muscle,Advanced,Home,8.3,5,4,0.97,80,Pull,3,58,510,1
U6744,21,Male,155,51.4,21.4,Gain Strength,Intermediate,Mixed,7,8,2,0.94,49,Legs,2,46,450,1
U6745,30,Female,174,69.3,22.9,Improve Fitness,Advanced,Mixed,6.7,8,4,0.56,85,Upper Body,3,53,536,1
U6746,29,Male,166,71.9,26.1,Build Muscle,Beginner,Home,6.3,8,4,0.83,69,Upper Body,1,55,583,1
U6747,27,Female,176,64.4,20.8,Improve Fitness,Intermediate,Gym,6.3,0,3,0.8,86,Cardio,2,44,439,1
U6748,41,Male,186,77.8,22.5,Lose Weight,Intermediate,Home,7.7,8,5,1,53,Full Body,2,55,529,1
U6749,18,Female,195,98.9,26,Build Muscle,Beginner,Home,8,8,5,0.7,90,Push,1,58,417,1
U6750,20,Female,191,122.9,33.7,Lose Weight,Beginner,Home,7.5,5,0,0.68,86,Full Body,1,58,383,1
U6751,41,Male,184,94.8,28,Build Muscle,Intermediate,Home,4.5,8,5,0.72,66,Push,2,69,645,1
U6752,19,Female,189,93.6,26.2,Lose Weight,Beginner,Home,6.9,7,5,0.7,59,Full Body,1,57,476,1
U6753,28,Female,156,67.2,27.6,Build Muscle,Beginner,Gym,8.9,9,4,0.57,51,Full Body,1,46,391,1
U6754,20,Female,158,61.4,24.6,Lose Weight,Beginner,Home,7.1,2,5,0.93,53,Full Body,1,53,425,1
U6755,29,Male,169,63.4,22.2,Lose Weight,Advanced,Home,4.7,10,6,0.97,75,Cardio,3,36,397,1
U6756,29,Male,165,61.5,22.6,Gain Strength,Beginner,Home,5.6,1,4,0.5,78,Pull,1,70,776,1
U6757,35,Female,152,45.7,19.8,Lose Weight,Beginner,Mixed,7.2,7,2,1,66,Cardio,1,42,414,1
U6758,25,Male,151,46.7,20.5,Lose Weight,Beginner,Home,7.5,1,0,0.5,97,Cardio,1,30,292,1
U6759,34,Female,191,110.9,30.4,Build Muscle,Beginner,Gym,6.9,3,2,0.56,65,Pull,1,53,436,1
U6760,43,Female,168,65.8,23.3,Lose Weight,Beginner,Home,7.5,7,4,0.91,56,Full Body,1,52,546,1
U6761,44,Male,169,82,28.7,Improve Fitness,Beginner,Gym,7.8,8,3,0.63,55,Full Body,1,58,395,1
U6762,38,Female,170,72.2,25,Build Muscle,Intermediate,Mixed,5.9,4,6,0.9,55,Full Body,2,46,393,1
U6763,22,Female,155,64.4,26.8,Lose Weight,Beginner,Mixed,7,2,5,0.62,70,Full Body,1,59,492,1
U6764,26,Female,171,84.8,29,Lose Weight,Beginner,Home,5.8,7,2,0.65,60,Full Body,1,43,300,1
U6765,44,Male,193,90.5,24.3,Improve Fitness,Intermediate,Home,6.3,3,0,0.4,56,Lower Body,2,42,357,0
U6766,26,Female,184,106.3,31.4,Build Muscle,Advanced,Home,7.4,4,1,0.76,67,Upper Body,3,40,373,1
U6767,40,Female,166,67,24.3,Lose Weight,Intermediate,Mixed,6.6,4,1,0.81,73,Cardio,2,47,482,1
U6768,28,Male,188,69.3,19.6,Build Muscle,Intermediate,Gym,7.4,6,5,0.28,78,Legs,2,57,421,1
U6769,37,Male,167,51.9,18.6,Build Muscle,Beginner,Gym,7,4,5,0.5,72,Push,1,66,639,1
U6770,31,Female,154,63.8,26.9,Build Muscle,Advanced,Mixed,8.8,4,0,0.44,86,Legs,3,67,620,1
U6771,40,Female,162,65.9,25.1,Improve Fitness,Intermediate,Home,6.6,6,2,0.86,68,Full Body,2,60,433,1
U6772,32,Female,193,102.4,27.5,Lose Weight,Advanced,Gym,6,6,2,0.61,86,Full Body,3,60,498,1
U6773,32,Female,161,79.6,30.7,Lose Weight,Beginner,Gym,7.1,8,6,0.22,69,Lower Body,1,56,411,0
U6774,31,Male,173,73.6,24.6,Build Muscle,Intermediate,Gym,6.8,5,4,0.78,64,Legs,2,49,513,1
U6775,43,Female,169,80,28,Build Muscle,Beginner,Gym,5.8,6,3,0.94,95,Upper Body,1,64,425,1
U6776,26,Male,163,55,20.7,Lose Weight,Intermediate,Home,6.1,10,2,0.79,54,Cardio,2,34,264,1
U6777,30,Male,187,78.3,22.4,Lose Weight,Beginner,Mixed,8.3,10,3,0.85,100,Cardio,1,49,349,1
U6778,31,Female,159,63.7,25.2,Gain Strength,Intermediate,Gym,6.4,4,0,0.73,69,Lower Body,2,61,604,1
U6779,35,Male,170,69.1,23.9,Lose Weight,Beginner,Gym,7.1,1,3,0.55,76,Full Body,1,45,467,1
U6780,25,Male,154,44.1,18.6,Build Muscle,Advanced,Home,6.3,6,6,0.7,38,Legs,3,62,647,1
U6781,39,Female,195,105.3,27.7,Lose Weight,Intermediate,Gym,4.8,5,0,0.84,52,Cardio,2,49,482,1
U6782,23,Female,186,78.9,22.8,Lose Weight,Beginner,Home,7.7,9,4,1,73,Cardio,1,40,428,1
U6783,39,Male,172,50.3,17,Build Muscle,Beginner,Gym,8.1,5,6,0.68,73,Upper Body,1,47,374,1
U6784,44,Female,194,100.9,26.8,Lose Weight,Beginner,Gym,4.7,6,6,0.72,65,Recovery,1,27,231,1
U6785,35,Male,185,101.3,29.6,Lose Weight,Beginner,Gym,7.9,2,5,0.43,90,Full Body,1,53,558,1
U6786,42,Male,162,69.3,26.4,Build Muscle,Intermediate,Gym,5.4,4,2,0.73,87,Lower Body,2,41,318,1
U6787,45,Female,189,69.3,19.4,Lose Weight,Beginner,Gym,8.6,7,4,0.45,60,Recovery,1,35,327,1
U6788,35,Male,186,70.9,20.5,Improve Fitness,Beginner,Gym,8.6,8,3,0.63,54,Lower Body,1,51,432,1
U6789,44,Female,182,87.4,26.4,Lose Weight,Intermediate,Gym,7.8,6,1,0.84,67,Cardio,2,38,293,1
U6790,39,Female,178,81.1,25.6,Lose Weight,Advanced,Gym,6.4,1,4,1,89,Cardio,3,47,476,1
U6791,35,Female,153,67.9,29,Build Muscle,Beginner,Mixed,8,5,4,0.81,53,Full Body,1,58,469,1
U6792,23,Female,194,102.4,27.2,Lose Weight,Beginner,Home,7.2,5,6,0.95,84,Recovery,1,31,297,1
U6793,44,Female,188,94.7,26.8,Lose Weight,Beginner,Home,5.2,7,2,0.7,63,Recovery,1,26,172,0
U6794,40,Male,150,57.6,25.6,Lose Weight,Beginner,Gym,6.6,10,4,0.67,78,Cardio,1,40,453,1
U6795,44,Female,155,54.5,22.7,Build Muscle,Intermediate,Gym,7.2,1,6,0.45,59,Lower Body,2,53,539,1
U6796,24,Female,161,70.8,27.3,Improve Fitness,Intermediate,Mixed,5.7,6,2,0.94,86,Full Body,2,54,452,1
U6797,20,Female,159,59.2,23.4,Build Muscle,Beginner,Gym,9.5,8,0,0.94,57,Legs,1,62,414,1
U6798,30,Female,186,95.5,27.6,Gain Strength,Beginner,Gym,7.2,0,0,0.58,55,Upper Body,1,62,654,1
U6799,32,Female,160,73.5,28.7,Build Muscle,Advanced,Home,6.4,8,0,0.7,58,Lower Body,3,63,538,1
U6800,35,Female,185,73.2,21.4,Gain Strength,Beginner,Mixed,7,4,0,0.79,33,Upper Body,1,57,398,1
U6801,34,Female,161,63.8,24.6,Build Muscle,Beginner,Home,6.3,8,4,0.97,100,Lower Body,1,57,568,1
U6802,23,Female,170,66.5,23,Build Muscle,Advanced,Gym,5.2,10,5,0.74,68,Legs,3,51,399,1
U6803,40,Male,190,118.4,32.8,Improve Fitness,Beginner,Gym,8.9,4,0,0.88,63,Full Body,1,54,443,1
U6804,24,Female,175,83.6,27.3,Build Muscle,Beginner,Gym,7.4,0,6,0.76,48,Legs,1,75,695,1
U6805,28,Male,176,89.8,29,Improve Fitness,Advanced,Gym,7.2,1,6,0.7,62,Full Body,3,59,404,1
U6806,18,Male,154,50.3,21.2,Build Muscle,Beginner,Gym,7.4,9,1,0.41,83,Push,1,47,419,0
U6807,18,Male,171,58.8,20.1,Improve Fitness,Intermediate,Home,4.8,9,5,1,59,Cardio,2,49,399,1
U6808,19,Female,167,60,21.5,Gain Strength,Intermediate,Gym,8.3,7,3,1,49,Legs,2,49,546,1
U6809,34,Female,185,70.2,20.5,Build Muscle,Beginner,Gym,6.1,0,0,0.89,96,Upper Body,1,42,379,1
U6810,24,Male,152,46.2,20,Improve Fitness,Intermediate,Home,8.7,3,3,0.59,77,Upper Body,2,45,452,1
U6811,24,Female,194,72.3,19.2,Lose Weight,Intermediate,Mixed,7,7,5,0.7,67,Lower Body,2,52,372,1
U6812,21,Female,182,86.5,26.1,Lose Weight,Beginner,Mixed,6,10,5,0.56,78,Cardio,1,39,314,1
U6813,30,Male,159,76.1,30.1,Build Muscle,Intermediate,Gym,7.1,4,2,0.81,83,Upper Body,2,64,456,1
U6814,19,Male,187,97.9,28,Gain Strength,Beginner,Home,6.1,0,1,0.58,61,Pull,1,54,470,1
U6815,42,Male,159,82.4,32.6,Build Muscle,Intermediate,Gym,7.7,8,3,0.8,77,Upper Body,2,51,541,1
U6816,29,Male,183,63.6,19,Build Muscle,Advanced,Gym,9.2,4,1,0.81,82,Upper Body,3,51,371,1
U6817,25,Female,185,58.5,17.1,Build Muscle,Beginner,Mixed,8,3,0,0.66,52,Upper Body,1,45,388,1
U6818,23,Female,191,74.8,20.5,Lose Weight,Intermediate,Gym,5.7,10,1,0.49,72,Full Body,2,42,414,0
U6819,37,Female,180,74.2,22.9,Improve Fitness,Intermediate,Gym,7.5,2,6,1,70,Recovery,2,29,216,1
U6820,42,Male,170,49.1,17,Gain Strength,Beginner,Gym,6.8,3,3,0.93,70,Push,1,61,419,1
U6821,29,Male,173,92.5,30.9,Lose Weight,Intermediate,Gym,7.6,6,5,0.39,73,Recovery,2,35,293,1
U6822,42,Female,171,75.1,25.7,Build Muscle,Beginner,Gym,8.3,9,1,1,85,Pull,1,45,397,1
U6823,33,Female,192,97.3,26.4,Build Muscle,Beginner,Gym,7.8,3,4,0.69,50,Full Body,1,58,462,1
U6824,40,Male,193,92,24.7,Build Muscle,Advanced,Mixed,7.5,3,4,0.5,91,Pull,3,51,540,1
U6825,33,Female,161,74.4,28.7,Gain Strength,Intermediate,Gym,5.6,1,2,0.97,67,Pull,2,64,501,1
U6826,39,Female,171,62,21.2,Lose Weight,Intermediate,Gym,8.3,0,1,0.71,100,Full Body,2,60,628,1
U6827,23,Female,171,61.1,20.9,Build Muscle,Intermediate,Gym,5.2,10,2,0.67,83,Push,2,56,558,1
U6828,23,Female,175,63.1,20.6,Lose Weight,Beginner,Gym,5.6,9,6,0.76,50,Full Body,1,42,438,1
U6829,35,Male,188,91.2,25.8,Improve Fitness,Beginner,Home,6.7,9,0,0.81,51,Cardio,1,34,388,0
U6830,32,Male,163,79.7,30,Gain Strength,Intermediate,Gym,6.9,3,4,0.86,86,Push,2,48,333,1
U6831,19,Male,176,60.7,19.6,Gain Strength,Intermediate,Gym,8.1,4,3,0.46,51,Legs,2,49,484,0
U6832,42,Male,180,105.9,32.7,Gain Strength,Beginner,Gym,8.3,0,3,1,66,Lower Body,1,63,574,1
U6833,29,Male,161,64.5,24.9,Build Muscle,Beginner,Home,7.7,10,1,0.72,60,Upper Body,1,40,290,1
U6834,20,Male,182,68.6,20.7,Gain Strength,Intermediate,Gym,7.3,9,2,0.53,55,Push,2,55,550,0
U6835,34,Male,189,93.6,26.2,Build Muscle,Beginner,Gym,7,6,0,0.89,65,Lower Body,1,53,435,1
U6836,41,Male,185,75.6,22.1,Lose Weight,Advanced,Gym,7.6,5,2,0.57,62,Cardio,3,31,257,1
U6837,28,Female,156,53.3,21.9,Improve Fitness,Advanced,Mixed,6.9,9,3,1,51,Lower Body,3,49,374,1
U6838,22,Male,168,84.4,29.9,Build Muscle,Intermediate,Home,7.9,2,3,1,100,Pull,2,48,426,1
U6839,28,Female,171,89.2,30.5,Gain Strength,Intermediate,Gym,8.1,8,3,0.48,54,Legs,2,45,380,0
U6840,19,Male,156,63.3,26,Lose Weight,Advanced,Gym,5.2,8,6,0.83,39,Lower Body,3,65,690,1
U6841,36,Female,164,78.8,29.3,Build Muscle,Intermediate,Gym,6.7,10,0,0.74,60,Upper Body,2,46,324,1
U6842,31,Male,186,58.8,17,Lose Weight,Beginner,Gym,8.5,10,0,0.96,66,Cardio,1,46,455,1
U6843,22,Male,173,81.7,27.3,Build Muscle,Intermediate,Gym,6.7,0,4,0.77,83,Push,2,53,484,1
U6844,21,Male,166,73.9,26.8,Build Muscle,Intermediate,Mixed,8.6,0,4,0.81,72,Legs,2,74,688,1
U6845,43,Male,195,81,21.3,Build Muscle,Intermediate,Home,6.6,3,6,0.87,49,Legs,2,45,413,1
U6846,23,Male,184,98.5,29.1,Lose Weight,Beginner,Home,6.8,5,3,0.57,55,Full Body,1,53,605,1
U6847,30,Male,174,82.7,27.3,Gain Strength,Beginner,Gym,7.1,0,5,1,53,Lower Body,1,49,333,1
U6848,31,Female,191,80.6,22.1,Improve Fitness,Beginner,Mixed,7,10,1,0.58,72,Cardio,1,33,222,0
U6849,39,Female,182,85.5,25.8,Lose Weight,Intermediate,Gym,7.6,0,2,0.99,52,Lower Body,2,58,392,1
U6850,18,Female,188,91.5,25.9,Improve Fitness,Beginner,Gym,6.4,5,4,0.8,78,Cardio,1,39,324,1
U6851,44,Female,182,67.6,20.4,Build Muscle,Beginner,Gym,6.1,5,4,0.81,72,Push,1,54,426,1
U6852,24,Male,182,78.2,23.6,Improve Fitness,Beginner,Gym,7.8,8,5,0.85,64,Cardio,1,40,348,1
U6853,42,Female,154,49.6,20.9,Lose Weight,Beginner,Gym,5.7,5,4,0.73,50,Cardio,1,47,490,1
U6854,31,Female,178,78.9,24.9,Lose Weight,Beginner,Gym,8.4,5,1,0.66,63,Full Body,1,49,451,1
U6855,41,Male,189,117.5,32.9,Build Muscle,Beginner,Gym,8.8,3,5,0.58,74,Pull,1,62,647,1
U6856,18,Female,175,79.3,25.9,Build Muscle,Intermediate,Gym,7.3,3,1,1,73,Upper Body,2,47,332,1
U6857,21,Female,150,57.4,25.5,Improve Fitness,Beginner,Gym,7.9,6,4,0.93,86,Upper Body,1,47,322,1
U6858,21,Female,187,93.7,26.8,Build Muscle,Advanced,Gym,5.4,3,6,0.63,84,Push,3,62,477,1
U6859,20,Female,185,87.6,25.6,Improve Fitness,Beginner,Gym,8,8,2,1,54,Upper Body,1,41,332,1
U6860,29,Male,191,106.9,29.3,Build Muscle,Beginner,Gym,6.7,7,2,0.89,71,Upper Body,1,52,453,1
U6861,19,Female,161,86.6,33.4,Build Muscle,Beginner,Gym,7.2,5,5,0.6,78,Legs,1,69,759,1
U6862,26,Male,159,65.5,25.9,Improve Fitness,Advanced,Mixed,8.4,8,3,0.8,100,Cardio,3,46,466,1
U6863,39,Female,185,82.1,24,Improve Fitness,Intermediate,Home,7,4,4,0.61,73,Full Body,2,52,432,1
U6864,38,Female,156,62.1,25.5,Build Muscle,Beginner,Gym,7.4,4,5,0.73,62,Push,1,45,430,1
U6865,34,Male,154,49.3,20.8,Lose Weight,Intermediate,Gym,6.7,5,1,0.93,92,Recovery,2,29,298,1
U6866,21,Female,180,78.4,24.2,Lose Weight,Advanced,Gym,6.1,0,0,0.71,100,Full Body,3,45,467,1
U6867,35,Female,178,90.9,28.7,Improve Fitness,Beginner,Gym,7.7,8,2,0.89,95,Upper Body,1,56,468,1
U6868,38,Female,183,66,19.7,Lose Weight,Beginner,Home,6.7,8,3,0.62,80,Lower Body,1,43,362,1
U6869,36,Male,154,59.8,25.2,Lose Weight,Advanced,Gym,7.9,9,3,0.63,92,Full Body,3,59,496,1
U6870,38,Female,181,79.3,24.2,Lose Weight,Intermediate,Gym,7.9,4,2,0.94,88,Lower Body,2,46,388,1
U6871,40,Female,164,69.9,26,Improve Fitness,Beginner,Home,8,1,2,1,79,Cardio,1,36,284,1
U6872,35,Female,168,60.4,21.4,Build Muscle,Beginner,Gym,7.7,9,4,0.71,36,Lower Body,1,58,528,1
U6873,26,Male,157,65.1,26.4,Build Muscle,Advanced,Home,7.2,0,3,0.93,60,Pull,3,59,669,1
U6874,38,Female,161,47.2,18.2,Improve Fitness,Intermediate,Mixed,7.3,5,0,0.79,73,Cardio,2,34,251,1
U6875,44,Male,166,67.8,24.6,Build Muscle,Advanced,Home,5.9,4,5,0.69,66,Push,3,58,585,1
U6876,34,Female,178,91.9,29,Build Muscle,Beginner,Gym,7.5,5,6,0.67,97,Full Body,1,40,389,1
U6877,18,Female,151,53.4,23.4,Build Muscle,Advanced,Gym,7.7,8,6,0.69,96,Full Body,3,57,416,1
U6878,18,Female,189,88.9,24.9,Improve Fitness,Intermediate,Gym,7.2,7,3,0.69,74,Full Body,2,46,401,1
U6879,34,Male,168,83.3,29.5,Lose Weight,Intermediate,Gym,8,1,0,0.73,97,Cardio,2,40,394,1
U6880,35,Female,164,75.8,28.2,Improve Fitness,Intermediate,Mixed,6.6,1,6,0.47,65,Cardio,2,30,261,1
U6881,26,Female,175,80.2,26.2,Gain Strength,Advanced,Gym,7.8,7,0,0.96,55,Pull,3,52,441,1
U6882,25,Female,165,61.8,22.7,Improve Fitness,Beginner,Home,5.8,7,4,0.48,62,Full Body,1,51,536,0
U6883,44,Female,189,92.9,26,Lose Weight,Beginner,Gym,7.9,7,5,0.55,59,Cardio,1,49,371,1
U6884,31,Female,194,64,17,Lose Weight,Beginner,Gym,7.3,2,3,0.59,96,Full Body,1,59,654,1
U6885,26,Male,163,69.6,26.2,Lose Weight,Beginner,Home,6.9,5,2,0.6,49,Cardio,1,37,310,1
U6886,45,Male,162,49.3,18.8,Lose Weight,Intermediate,Home,6.4,10,4,0.59,57,Full Body,2,54,521,1
U6887,32,Female,192,96.2,26.1,Gain Strength,Intermediate,Gym,7.7,9,0,0.64,100,Upper Body,2,58,622,1
U6888,29,Male,184,58.2,17.2,Build Muscle,Intermediate,Home,7.2,0,4,0.68,63,Push,2,47,536,1
U6889,33,Male,185,73.9,21.6,Improve Fitness,Beginner,Gym,7.1,4,3,0.68,66,Cardio,1,44,412,1
U6890,42,Male,176,58.9,19,Build Muscle,Intermediate,Mixed,5.3,1,3,0.67,65,Push,2,69,725,1
U6891,33,Male,194,89.2,23.7,Lose Weight,Advanced,Mixed,7,5,5,0.63,68,Cardio,3,47,341,1
U6892,24,Male,153,48.9,20.9,Lose Weight,Beginner,Mixed,8.8,3,2,0.58,66,Full Body,1,48,479,1
U6893,44,Female,167,60,21.5,Gain Strength,Beginner,Gym,6.3,4,3,0.72,70,Pull,1,60,517,1
U6894,41,Male,193,84.2,22.6,Improve Fitness,Advanced,Home,6.8,5,6,0.59,78,Cardio,3,34,271,1
U6895,44,Female,194,124.6,33.1,Build Muscle,Beginner,Gym,6.1,7,4,0.79,72,Upper Body,1,43,372,1
U6896,37,Male,158,68.2,27.3,Improve Fitness,Beginner,Mixed,7.9,3,5,0.76,71,Cardio,1,42,464,1
U6897,30,Male,153,53.1,22.7,Lose Weight,Intermediate,Gym,6.3,7,6,0.7,52,Lower Body,2,45,444,1
U6898,37,Male,162,57.7,22,Build Muscle,Beginner,Home,8.3,0,3,0.74,85,Legs,1,50,406,1
U6899,27,Female,191,112,30.7,Gain Strength,Intermediate,Mixed,6.9,3,6,0.76,67,Lower Body,2,52,564,1
U6900,30,Male,162,55.4,21.1,Build Muscle,Intermediate,Mixed,6.1,5,6,0.87,75,Upper Body,2,58,531,1
U6901,44,Female,178,102.3,32.3,Build Muscle,Intermediate,Gym,8.2,5,5,0.59,84,Pull,2,58,449,1
U6902,41,Male,188,82,23.2,Gain Strength,Intermediate,Home,8.4,8,0,0.63,56,Pull,2,51,545,0
U6903,38,Female,193,79,21.2,Build Muscle,Advanced,Home,6.3,10,5,0.57,63,Push,3,55,522,1
U6904,32,Male,190,101.4,28.1,Gain Strength,Intermediate,Gym,9.1,0,5,0.48,90,Lower Body,2,53,501,1
U6905,32,Male,188,79.5,22.5,Lose Weight,Intermediate,Mixed,7.5,3,0,0.42,79,Cardio,2,34,371,1
U6906,31,Male,170,49.1,17,Gain Strength,Beginner,Gym,7.4,0,3,0.77,74,Lower Body,1,48,467,1
U6907,21,Male,172,63.3,21.4,Build Muscle,Beginner,Gym,7.7,6,1,0.79,68,Legs,1,51,419,1
U6908,39,Female,173,81.7,27.3,Build Muscle,Advanced,Home,7,0,0,0.82,70,Lower Body,3,61,428,1
U6909,21,Female,176,78.7,25.4,Build Muscle,Intermediate,Mixed,7.7,9,4,0.65,53,Legs,2,59,490,1
U6910,33,Male,161,66.6,25.7,Lose Weight,Intermediate,Gym,8.4,8,5,0.77,76,Full Body,2,44,390,1
U6911,26,Male,191,88.6,24.3,Lose Weight,Intermediate,Gym,7.9,6,3,0.69,65,Cardio,2,50,334,1
U6912,26,Male,186,100.7,29.1,Build Muscle,Advanced,Mixed,6.5,0,0,0.88,88,Legs,3,60,473,1
U6913,42,Female,180,87.2,26.9,Build Muscle,Beginner,Home,5.7,3,1,0.72,68,Push,1,62,552,1
U6914,19,Female,165,61,22.4,Gain Strength,Intermediate,Gym,7.3,7,0,0.86,65,Lower Body,2,55,448,1
U6915,27,Male,190,85.9,23.8,Build Muscle,Intermediate,Gym,6.8,9,4,0.93,68,Push,2,49,442,1
U6916,29,Male,154,45.8,19.3,Lose Weight,Intermediate,Gym,5.4,4,1,0.79,60,Recovery,2,28,197,1
U6917,32,Female,155,65.6,27.3,Lose Weight,Beginner,Gym,5.6,4,4,0.62,52,Recovery,1,22,242,1
U6918,45,Female,180,85.2,26.3,Build Muscle,Beginner,Mixed,7.8,5,2,0.78,55,Pull,1,50,378,1
U6919,45,Male,156,52.1,21.4,Lose Weight,Beginner,Home,7.4,1,6,0.42,68,Cardio,1,47,523,1
U6920,27,Female,177,96.8,30.9,Lose Weight,Beginner,Gym,6.9,5,3,0.45,62,Cardio,1,36,272,1
U6921,36,Male,150,49.3,21.9,Gain Strength,Intermediate,Gym,9.5,5,4,1,82,Pull,2,60,565,1
U6922,23,Male,179,74,23.1,Lose Weight,Beginner,Gym,8.4,2,4,0.52,88,Full Body,1,46,402,1
U6923,44,Male,187,99.3,28.4,Build Muscle,Beginner,Mixed,6.9,8,6,0.93,65,Lower Body,1,58,626,1
U6924,38,Male,164,51.6,19.2,Lose Weight,Beginner,Home,8.2,6,4,0.7,81,Lower Body,1,59,386,1
U6925,33,Male,163,85.3,32.1,Gain Strength,Intermediate,Gym,6.3,1,5,0.69,95,Pull,2,62,566,1
U6926,45,Female,172,80.8,27.3,Lose Weight,Intermediate,Gym,6.3,3,6,0.55,64,Cardio,2,42,369,1
U6927,28,Male,195,81.4,21.4,Build Muscle,Intermediate,Home,7.4,8,4,0.73,76,Legs,2,66,602,1
U6928,37,Female,194,79,21,Lose Weight,Advanced,Home,7,7,6,0.35,74,Cardio,3,46,344,1
U6929,22,Female,179,94.2,29.4,Build Muscle,Beginner,Gym,5.5,5,2,0.81,62,Pull,1,69,449,1
U6930,30,Male,185,95.5,27.9,Lose Weight,Beginner,Gym,7.3,4,3,0.79,72,Full Body,1,59,502,1
U6931,36,Male,159,76.1,30.1,Gain Strength,Beginner,Gym,7.5,8,6,0.59,73,Legs,1,74,793,1
U6932,29,Female,193,85.7,23,Lose Weight,Intermediate,Mixed,7.3,5,6,0.64,61,Cardio,2,50,538,1
U6933,18,Male,152,58.5,25.3,Build Muscle,Intermediate,Mixed,7.2,0,6,0.91,65,Lower Body,2,40,423,1
U6934,20,Male,164,45.7,17,Build Muscle,Intermediate,Gym,6.7,10,1,0.43,78,Legs,2,53,387,0
U6935,23,Female,189,62.5,17.5,Lose Weight,Beginner,Gym,6,8,3,0.65,95,Cardio,1,46,371,1
U6936,27,Female,150,45,20,Lose Weight,Beginner,Gym,7.1,0,2,0.82,94,Cardio,1,33,367,1
U6937,36,Male,156,67.7,27.8,Build Muscle,Intermediate,Gym,8.3,5,4,0.88,53,Legs,2,46,469,1
U6938,21,Female,158,64.9,26,Build Muscle,Beginner,Home,8,5,1,0.55,63,Upper Body,1,45,404,1
U6939,44,Female,188,74.6,21.1,Lose Weight,Intermediate,Home,7.9,0,0,0.71,67,Full Body,2,44,307,1
U6940,41,Female,158,47.7,19.1,Improve Fitness,Beginner,Home,7,6,5,0.62,75,Cardio,1,35,320,1
U6941,44,Male,175,60.3,19.7,Gain Strength,Intermediate,Mixed,7.3,5,2,0.64,53,Push,2,63,422,1
U6942,26,Male,188,66.8,18.9,Lose Weight,Advanced,Gym,5.8,0,5,0.68,73,Cardio,3,49,509,1
U6943,27,Female,164,68.9,25.6,Improve Fitness,Intermediate,Gym,7.4,7,5,0.58,87,Upper Body,2,57,531,1
U6944,27,Female,173,67.6,22.6,Build Muscle,Beginner,Home,7.6,10,5,0.69,77,Upper Body,1,49,356,1
U6945,41,Female,187,82.5,23.6,Gain Strength,Beginner,Gym,7.5,10,4,0.72,84,Push,1,70,556,1
U6946,39,Female,184,71.4,21.1,Improve Fitness,Intermediate,Gym,5.2,10,4,0.54,88,Cardio,2,45,354,0
U6947,21,Female,175,73.2,23.9,Improve Fitness,Beginner,Mixed,7.2,8,4,0.53,72,Lower Body,1,53,506,1
U6948,36,Female,173,60.5,20.2,Lose Weight,Beginner,Mixed,6.1,7,1,0.65,78,Cardio,1,41,422,1
U6949,19,Female,186,92.7,26.8,Lose Weight,Beginner,Gym,7.7,6,2,0.43,71,Cardio,1,37,253,1
U6950,45,Female,154,56.2,23.7,Gain Strength,Intermediate,Home,5.4,1,3,0.72,68,Legs,2,65,689,1
U6951,44,Female,174,80.5,26.6,Lose Weight,Beginner,Gym,7.2,9,0,0.62,85,Cardio,1,37,309,1
U6952,32,Female,163,45.2,17,Build Muscle,Intermediate,Gym,7,10,1,0.4,58,Lower Body,2,41,448,0
U6953,25,Male,164,71.8,26.7,Build Muscle,Beginner,Mixed,5.7,8,3,0.46,100,Pull,1,62,676,1
U6954,19,Female,156,45.8,18.8,Gain Strength,Advanced,Gym,8.9,1,0,0.69,64,Legs,3,54,374,1
U6955,20,Male,186,93.1,26.9,Lose Weight,Beginner,Mixed,8.6,3,6,0.51,64,Recovery,1,21,145,1
U6956,27,Female,187,98.3,28.1,Improve Fitness,Advanced,Gym,7.4,6,2,0.92,79,Full Body,3,46,505,1
U6957,22,Male,166,88.5,32.1,Gain Strength,Advanced,Home,7.3,5,0,0.76,76,Lower Body,3,45,362,1
U6958,37,Female,170,69.1,23.9,Build Muscle,Intermediate,Gym,8,6,3,0.76,83,Full Body,2,43,279,1
U6959,31,Male,178,90.3,28.5,Lose Weight,Beginner,Home,7.6,1,4,0.81,56,Lower Body,1,49,510,1
U6960,25,Male,190,80.1,22.2,Build Muscle,Advanced,Gym,8,5,0,0.98,42,Full Body,3,44,361,1
U6961,40,Male,190,79.8,22.1,Build Muscle,Intermediate,Gym,7.1,6,3,0.56,59,Upper Body,2,50,508,1
U6962,37,Male,178,84,26.5,Lose Weight,Beginner,Mixed,8.8,6,0,0.35,69,Full Body,1,46,372,1
U6963,44,Female,166,72.7,26.4,Improve Fitness,Intermediate,Gym,8,9,3,0.78,98,Recovery,2,21,196,1
U6964,18,Male,185,84.2,24.6,Lose Weight,Advanced,Mixed,8.5,9,3,0.6,72,Recovery,3,34,274,1
U6965,20,Male,165,52.8,19.4,Build Muscle,Intermediate,Home,8.1,6,6,0.7,77,Legs,2,66,630,1
U6966,34,Male,189,82.9,23.2,Lose Weight,Beginner,Home,7.7,7,1,0.79,57,Full Body,1,56,369,1
U6967,21,Female,160,52.7,20.6,Build Muscle,Beginner,Gym,7.1,1,0,0.84,99,Full Body,1,47,454,1
U6968,18,Female,158,64.4,25.8,Gain Strength,Intermediate,Mixed,8.2,1,1,0.43,100,Pull,2,69,482,1
U6969,24,Male,195,102.7,27,Lose Weight,Beginner,Home,7,6,1,0.69,55,Cardio,1,48,456,1
U6970,33,Female,195,80.2,21.1,Improve Fitness,Beginner,Gym,9.2,6,2,0.54,56,Full Body,1,45,306,1
U6971,36,Female,188,76.3,21.6,Build Muscle,Intermediate,Gym,5.8,1,6,0.72,88,Upper Body,2,53,346,1
U6972,23,Male,155,52.6,21.9,Build Muscle,Intermediate,Gym,5.6,10,6,0.77,71,Upper Body,2,41,282,1
U6973,18,Female,153,67.2,28.7,Build Muscle,Beginner,Mixed,6.6,5,4,0.67,69,Legs,1,71,591,1
U6974,21,Female,154,59.1,24.9,Build Muscle,Intermediate,Home,6.7,2,5,0.62,44,Push,2,64,619,1
U6975,41,Male,190,79.8,22.1,Gain Strength,Beginner,Mixed,7.9,4,4,0.87,64,Upper Body,1,64,503,1
U6976,21,Female,190,108.3,30,Build Muscle,Beginner,Gym,7.1,4,6,0.48,47,Upper Body,1,49,518,1
U6977,28,Female,182,98,29.6,Gain Strength,Intermediate,Home,6.7,6,4,0.5,38,Legs,2,59,663,0
U6978,20,Female,169,65.1,22.8,Build Muscle,Beginner,Home,7.5,5,0,0.59,56,Push,1,53,437,1
U6979,41,Female,177,69.6,22.2,Improve Fitness,Intermediate,Gym,8.5,5,2,0.47,62,Full Body,2,49,456,1
U6980,20,Female,163,78.6,29.6,Improve Fitness,Intermediate,Home,7.6,5,6,0.75,62,Cardio,2,44,368,1
U6981,26,Female,191,89.7,24.6,Build Muscle,Beginner,Mixed,6.5,8,6,0.57,55,Pull,1,66,614,1
U6982,41,Male,190,100.4,27.8,Build Muscle,Intermediate,Gym,7,5,5,0.78,74,Push,2,60,433,1
U6983,24,Female,157,65.1,26.4,Build Muscle,Beginner,Gym,6.8,10,6,0.63,59,Push,1,68,503,1
U6984,38,Female,174,56.3,18.6,Build Muscle,Beginner,Gym,5.9,4,1,0.65,47,Legs,1,55,591,1
U6985,19,Male,177,58.6,18.7,Gain Strength,Beginner,Gym,8.2,8,5,0.76,65,Push,1,58,620,1
U6986,27,Male,162,89.2,34,Lose Weight,Beginner,Gym,5.3,2,3,0.9,70,Full Body,1,51,452,1
U6987,40,Female,190,100.4,27.8,Build Muscle,Intermediate,Mixed,7.2,10,5,0.38,73,Legs,2,61,465,0
U6988,29,Male,164,69.7,25.9,Build Muscle,Beginner,Mixed,4.7,8,5,1,76,Pull,1,52,502,1
U6989,18,Female,167,76.1,27.3,Gain Strength,Advanced,Gym,5.8,0,0,0.84,88,Push,3,64,633,1
U6990,23,Male,189,91.4,25.6,Lose Weight,Intermediate,Mixed,7.1,9,1,0.56,68,Recovery,2,32,275,0
U6991,41,Female,154,52.9,22.3,Improve Fitness,Advanced,Gym,7.7,2,0,0.57,80,Full Body,3,48,448,1
U6992,45,Female,193,78.2,21,Build Muscle,Advanced,Mixed,6.8,1,5,0.83,61,Push,3,48,382,1
U6993,43,Female,190,98.2,27.2,Improve Fitness,Intermediate,Gym,7.7,6,2,0.67,89,Upper Body,2,44,322,1
U6994,45,Female,194,93.3,24.8,Gain Strength,Beginner,Gym,8.3,6,1,1,68,Pull,1,58,644,1
U6995,28,Male,183,91.1,27.2,Lose Weight,Advanced,Gym,6.4,1,3,0.53,69,Cardio,3,34,388,1
U6996,44,Male,155,45.2,18.8,Lose Weight,Beginner,Gym,6.1,3,5,0.83,64,Full Body,1,42,458,1
U6997,31,Female,188,97.2,27.5,Build Muscle,Beginner,Home,7.4,6,3,1,79,Upper Body,1,52,377,1
U6998,32,Female,173,87.4,29.2,Lose Weight,Advanced,Home,7.5,1,4,0.78,89,Full Body,3,59,614,1
U6999,21,Female,173,81.7,27.3,Lose Weight,Intermediate,Mixed,7.3,8,4,0.76,80,Cardio,2,48,437,1
U7000,32,Male,174,65.7,21.7,Improve Fitness,Intermediate,Gym,6.3,6,3,0.98,99,Recovery,2,23,245,1
U7001,41,Female,173,61.7,20.6,Gain Strength,Beginner,Gym,6.4,8,3,0.93,80,Push,1,65,745,1
U7002,32,Female,167,76.1,27.3,Improve Fitness,Intermediate,Home,8.1,0,2,0.68,76,Cardio,2,31,328,1
U7003,41,Female,170,74,25.6,Improve Fitness,Intermediate,Home,6.2,9,0,0.78,90,Full Body,2,40,326,1
U7004,42,Male,159,58.4,23.1,Build Muscle,Beginner,Mixed,7.3,3,0,0.76,67,Legs,1,70,680,1
U7005,41,Male,164,73.4,27.3,Improve Fitness,Advanced,Gym,6.4,8,4,0.96,81,Cardio,3,50,483,1
U7006,19,Female,190,74.4,20.6,Gain Strength,Intermediate,Home,9,5,2,0.75,61,Lower Body,2,42,407,1
U7007,35,Female,162,76.4,29.1,Lose Weight,Intermediate,Home,7.6,1,3,0.4,64,Lower Body,2,52,343,1
U7008,19,Male,170,74.3,25.7,Build Muscle,Beginner,Home,4.7,5,6,0.74,74,Upper Body,1,49,459,1
U7009,20,Female,195,74.1,19.5,Improve Fitness,Beginner,Mixed,7.4,7,2,0.72,54,Recovery,1,31,220,1
U7010,45,Male,153,66.5,28.4,Build Muscle,Intermediate,Mixed,8,1,1,0.67,69,Pull,2,66,614,1
U7011,41,Male,185,94.5,27.6,Gain Strength,Beginner,Gym,6.9,8,5,0.37,79,Upper Body,1,46,396,0
U7012,24,Female,170,61,21.1,Build Muscle,Intermediate,Mixed,6.7,7,5,0.98,69,Lower Body,2,54,474,1
U7013,45,Female,171,71.6,24.5,Build Muscle,Intermediate,Mixed,7.7,9,0,0.81,58,Push,2,52,466,1
U7014,23,Male,154,57.4,24.2,Lose Weight,Beginner,Gym,7.1,5,6,0.77,76,Recovery,1,34,329,1
U7015,42,Male,191,129.1,35.4,Gain Strength,Beginner,Gym,5.8,0,4,0.9,89,Lower Body,1,53,390,1
U7016,36,Male,185,91,26.6,Lose Weight,Intermediate,Home,6.4,2,4,1,39,Recovery,2,21,200,1
U7017,20,Male,160,55.3,21.6,Gain Strength,Advanced,Home,8.4,9,6,0.65,95,Push,3,56,426,1
U7018,45,Female,171,53.2,18.2,Build Muscle,Advanced,Gym,5.9,1,0,0.62,78,Pull,3,52,352,1
U7019,39,Female,159,59.7,23.6,Gain Strength,Beginner,Gym,6.6,1,4,0.98,94,Legs,1,67,735,1
U7020,29,Female,167,63.6,22.8,Improve Fitness,Intermediate,Gym,5.2,10,6,0.33,75,Upper Body,2,49,396,0
U7021,30,Female,175,83.6,27.3,Lose Weight,Intermediate,Home,7.2,3,0,0.71,59,Lower Body,2,44,501,1
U7022,34,Female,167,76.1,27.3,Lose Weight,Beginner,Mixed,8.9,5,1,0.32,70,Full Body,1,40,340,1
U7023,25,Male,163,54.2,20.4,Build Muscle,Intermediate,Mixed,5.5,9,5,0.52,77,Pull,2,59,633,1
U7024,32,Male,188,92.6,26.2,Gain Strength,Intermediate,Gym,8.7,8,5,0.72,45,Lower Body,2,54,362,1
U7025,32,Male,165,64,23.5,Improve Fitness,Advanced,Home,5.6,8,6,0.5,80,Recovery,3,29,273,1
U7026,37,Female,182,83.8,25.3,Lose Weight,Beginner,Home,7.7,4,1,0.66,83,Cardio,1,45,296,1
U7027,37,Male,188,80.6,22.8,Build Muscle,Beginner,Gym,8.3,7,0,0.78,68,Upper Body,1,65,677,1
U7028,43,Female,170,73.4,25.4,Gain Strength,Beginner,Mixed,7.1,8,1,1,75,Legs,1,54,587,1
U7029,22,Female,193,91.3,24.5,Build Muscle,Beginner,Home,6.8,1,0,0.87,82,Push,1,56,563,1
U7030,36,Female,183,78,23.3,Build Muscle,Intermediate,Mixed,5.8,0,0,0.56,69,Push,2,61,685,1
U7031,31,Male,167,84.2,30.2,Lose Weight,Advanced,Mixed,6.8,5,2,0.61,45,Cardio,3,50,377,1
U7032,31,Male,156,75.2,30.9,Lose Weight,Beginner,Home,7.7,1,4,0.86,86,Full Body,1,49,518,1
U7033,27,Male,192,87.7,23.8,Build Muscle,Intermediate,Mixed,7.2,8,2,0.99,74,Legs,2,64,587,1
U7034,42,Male,167,75.3,27,Build Muscle,Beginner,Gym,8.1,3,1,0.84,70,Pull,1,52,493,1
U7035,25,Female,162,64,24.4,Lose Weight,Intermediate,Home,8,4,2,0.86,89,Full Body,2,57,467,1
U7036,21,Male,167,74.7,26.8,Gain Strength,Intermediate,Home,7.8,9,6,0.64,63,Upper Body,2,64,620,1
U7037,27,Female,194,104.6,27.8,Gain Strength,Intermediate,Mixed,6.5,0,0,0.72,92,Upper Body,2,41,396,1
U7038,32,Male,175,90.6,29.6,Build Muscle,Advanced,Mixed,7.4,1,2,0.67,70,Legs,3,72,593,1
U7039,38,Male,164,75.6,28.1,Lose Weight,Intermediate,Gym,7.1,0,0,0.62,90,Recovery,2,32,325,1
U7040,38,Female,178,80.2,25.3,Lose Weight,Beginner,Gym,6.5,10,3,0.81,86,Lower Body,1,43,485,1
U7041,43,Male,174,61.5,20.3,Lose Weight,Advanced,Home,6.9,10,6,0.68,78,Cardio,3,42,447,1
U7042,31,Female,163,72.3,27.2,Build Muscle,Beginner,Home,6.5,7,6,0.45,87,Lower Body,1,50,435,1
U7043,19,Female,181,64.9,19.8,Gain Strength,Beginner,Home,7.4,1,1,0.7,74,Lower Body,1,42,470,1
U7044,18,Male,191,114.6,31.4,Lose Weight,Advanced,Gym,9.5,4,1,0.43,86,Cardio,3,44,326,1
U7045,25,Female,171,69.6,23.8,Gain Strength,Intermediate,Gym,8.3,9,4,0.89,93,Upper Body,2,63,551,1
U7046,43,Female,171,75.1,25.7,Build Muscle,Intermediate,Home,6.1,2,2,0.89,73,Upper Body,2,52,472,1
U7047,39,Male,160,60.2,23.5,Improve Fitness,Advanced,Gym,6.6,8,3,0.9,96,Cardio,3,34,278,1
U7048,36,Male,192,71.9,19.5,Gain Strength,Beginner,Gym,7.8,6,1,0.65,49,Legs,1,51,459,0
U7049,34,Male,186,86.8,25.1,Build Muscle,Beginner,Gym,6.2,0,1,0.44,60,Upper Body,1,55,379,1
U7050,19,Female,154,47.9,20.2,Build Muscle,Intermediate,Home,6.4,4,4,0.48,66,Push,2,65,598,1
U7051,45,Male,168,60.7,21.5,Build Muscle,Intermediate,Gym,7.5,1,3,0.83,75,Full Body,2,53,546,1
U7052,24,Male,192,86.6,23.5,Build Muscle,Beginner,Gym,6.8,4,2,0.57,59,Pull,1,59,449,1
U7053,43,Female,161,71.3,27.5,Build Muscle,Advanced,Home,5.2,4,2,0.71,67,Push,3,56,623,1
U7054,33,Female,194,101.6,27,Build Muscle,Beginner,Gym,5.5,0,1,0.72,77,Upper Body,1,51,579,1
U7055,41,Male,189,60.7,17,Gain Strength,Beginner,Mixed,5.9,9,3,0.7,79,Legs,1,66,737,1
U7056,32,Female,163,67.2,25.3,Build Muscle,Beginner,Gym,7.7,8,0,0.53,48,Legs,1,59,576,0
U7057,28,Male,182,82.5,24.9,Improve Fitness,Advanced,Gym,5.7,1,2,0.56,85,Cardio,3,39,269,1
U7058,31,Female,176,78.4,25.3,Improve Fitness,Intermediate,Gym,6.5,10,3,0.59,81,Full Body,2,52,587,0
U7059,36,Male,163,67.5,25.4,Gain Strength,Intermediate,Home,5.8,9,6,0.37,100,Pull,2,45,497,0
U7060,31,Female,190,70,19.4,Lose Weight,Intermediate,Mixed,7.7,3,0,0.99,74,Full Body,2,54,369,1
U7061,44,Female,193,81.9,22,Lose Weight,Intermediate,Mixed,5.5,2,2,0.46,77,Full Body,2,49,380,1
U7062,20,Female,177,95.9,30.6,Build Muscle,Advanced,Home,6.7,5,6,0.62,82,Pull,3,64,478,1
U7063,28,Female,163,57.4,21.6,Build Muscle,Beginner,Gym,7.4,4,3,0.73,65,Legs,1,55,580,1
U7064,25,Female,193,90.9,24.4,Build Muscle,Intermediate,Gym,9,6,0,0.83,88,Pull,2,51,442,1
U7065,44,Female,162,54.1,20.6,Gain Strength,Intermediate,Home,8.3,2,4,0.84,49,Upper Body,2,45,344,1
U7066,26,Female,190,96.7,26.8,Build Muscle,Advanced,Gym,6.5,6,4,0.44,73,Pull,3,67,621,1
U7067,28,Female,187,93.7,26.8,Gain Strength,Intermediate,Mixed,7.3,5,6,0.7,67,Upper Body,2,60,448,1
U7068,22,Female,174,105.7,34.9,Gain Strength,Intermediate,Gym,5.8,6,3,0.88,72,Pull,2,62,547,1
U7069,45,Female,179,67,20.9,Lose Weight,Beginner,Home,7,1,4,0.47,63,Lower Body,1,44,291,1
U7070,42,Male,171,71.1,24.3,Build Muscle,Intermediate,Home,5.4,8,3,0.81,57,Push,2,54,374,1
U7071,43,Male,173,55.1,18.4,Gain Strength,Intermediate,Home,5.9,9,1,1,42,Lower Body,2,65,471,1
U7072,37,Male,188,93,26.3,Build Muscle,Advanced,Gym,6.3,0,3,0.66,81,Pull,3,53,501,1
U7073,35,Male,172,79.3,26.8,Lose Weight,Advanced,Gym,6.4,7,3,0.48,81,Cardio,3,31,337,1
U7074,18,Female,164,72.1,26.8,Improve Fitness,Intermediate,Gym,6.8,3,2,0.8,65,Lower Body,2,43,324,1
U7075,41,Female,180,68,21,Lose Weight,Beginner,Gym,7.1,1,2,0.81,76,Cardio,1,49,379,1
U7076,43,Female,183,89.1,26.6,Build Muscle,Intermediate,Gym,6.3,2,2,1,66,Lower Body,2,63,482,1
U7077,19,Female,168,67.7,24,Lose Weight,Intermediate,Mixed,5.6,8,5,0.69,79,Full Body,2,43,425,1
U7078,44,Female,179,88.8,27.7,Build Muscle,Intermediate,Home,8.8,0,0,0.81,76,Legs,2,54,605,1
U7079,24,Male,160,57.9,22.6,Gain Strength,Intermediate,Mixed,6.4,6,1,0.89,86,Push,2,69,595,1
U7080,34,Male,192,73.7,20,Lose Weight,Intermediate,Gym,7.9,3,4,0.84,55,Cardio,2,31,220,1
U7081,22,Male,180,86.8,26.8,Build Muscle,Beginner,Gym,5.9,2,2,0.28,69,Legs,1,70,690,0
U7082,26,Female,173,76.6,25.6,Build Muscle,Advanced,Gym,7,4,4,1,77,Push,3,46,309,1
U7083,40,Female,155,60.3,25.1,Improve Fitness,Intermediate,Gym,7.6,2,6,0.64,85,Lower Body,2,54,563,1
U7084,19,Male,161,67.4,26,Lose Weight,Beginner,Mixed,7.4,10,6,0.61,48,Cardio,1,46,359,1
U7085,27,Female,182,74.2,22.4,Build Muscle,Beginner,Gym,7.4,0,1,0.64,76,Pull,1,48,314,1
U7086,25,Male,168,66.3,23.5,Build Muscle,Beginner,Home,7.6,7,0,0.54,74,Legs,1,54,427,1
U7087,20,Male,175,66.8,21.8,Gain Strength,Beginner,Home,5.4,4,5,0.69,95,Upper Body,1,55,368,1
U7088,31,Female,186,63.7,18.4,Lose Weight,Beginner,Home,7.2,0,6,0.86,100,Cardio,1,45,439,1
U7089,24,Female,183,75,22.4,Build Muscle,Intermediate,Home,6.4,10,4,0.51,89,Push,2,60,574,1
U7090,36,Male,179,67,20.9,Build Muscle,Beginner,Home,6.7,2,5,0.39,85,Upper Body,1,56,534,1
U7091,20,Male,169,84,29.4,Lose Weight,Beginner,Gym,8,3,6,0.43,81,Lower Body,1,60,491,1
U7092,28,Female,185,59.9,17.5,Build Muscle,Intermediate,Gym,7.2,9,0,0.76,76,Legs,2,55,457,1
U7093,36,Female,174,80.8,26.7,Build Muscle,Intermediate,Mixed,7.1,6,3,0.37,80,Upper Body,2,59,600,1
U7094,28,Female,168,70.3,24.9,Build Muscle,Beginner,Home,6.1,7,3,0.44,95,Lower Body,1,44,415,0
U7095,40,Male,152,68.6,29.7,Build Muscle,Intermediate,Gym,7.9,6,0,0.6,34,Pull,2,45,494,0
U7096,44,Female,157,68.3,27.7,Build Muscle,Beginner,Home,7.5,7,5,0.65,88,Lower Body,1,52,458,1
U7097,39,Female,163,74.7,28.1,Build Muscle,Beginner,Gym,7.3,9,1,0.73,72,Legs,1,66,446,1
U7098,32,Female,166,75.5,27.4,Build Muscle,Beginner,Gym,6.2,0,2,0.8,58,Upper Body,1,43,457,1
U7099,40,Female,189,107.5,30.1,Gain Strength,Advanced,Gym,7.7,3,1,0.6,73,Legs,3,70,705,1
U7100,31,Female,166,57.6,20.9,Improve Fitness,Beginner,Home,8.8,9,4,1,82,Cardio,1,37,259,1
U7101,24,Female,170,89.6,31,Improve Fitness,Intermediate,Gym,7.3,0,5,0.86,90,Full Body,2,40,393,1
U7102,22,Male,188,86.6,24.5,Lose Weight,Advanced,Gym,7.2,0,6,0.89,81,Cardio,3,50,532,1
U7103,20,Male,177,66.7,21.3,Gain Strength,Beginner,Gym,4.7,6,1,0.69,40,Legs,1,69,690,0
U7104,27,Male,153,47.5,20.3,Gain Strength,Beginner,Mixed,6.1,2,5,0.62,84,Lower Body,1,52,522,1
U7105,36,Female,186,100,28.9,Lose Weight,Beginner,Home,7.7,0,0,0.83,81,Full Body,1,56,383,1
U7106,43,Male,164,45.7,17,Build Muscle,Intermediate,Gym,7.1,10,5,0.4,79,Upper Body,2,43,419,1
U7107,32,Female,166,46.8,17,Lose Weight,Intermediate,Gym,6.9,3,5,0.82,55,Cardio,2,33,307,1
U7108,41,Male,171,83.3,28.5,Gain Strength,Intermediate,Gym,7.7,10,4,0.79,82,Upper Body,2,64,474,1
U7109,26,Male,188,81.3,23,Lose Weight,Beginner,Mixed,7.3,10,0,0.72,71,Full Body,1,56,490,1
U7110,43,Female,172,64.2,21.7,Improve Fitness,Advanced,Gym,5.7,3,6,0.66,66,Lower Body,3,43,401,1
U7111,33,Female,194,80.5,21.4,Build Muscle,Intermediate,Gym,8,5,4,0.51,69,Pull,2,55,437,1
U7112,36,Male,154,69.7,29.4,Build Muscle,Beginner,Mixed,8.1,0,1,0.94,63,Upper Body,1,45,303,1
U7113,38,Male,169,79.4,27.8,Build Muscle,Beginner,Gym,5.9,4,3,0.67,69,Push,1,46,368,1
U7114,32,Female,162,58,22.1,Build Muscle,Intermediate,Gym,6.7,6,3,0.63,57,Pull,2,52,588,1
U7115,22,Male,184,95.1,28.1,Build Muscle,Beginner,Mixed,6.9,5,0,0.76,74,Push,1,69,711,1
U7116,24,Male,171,72.2,24.7,Build Muscle,Intermediate,Gym,7.2,4,6,0.67,93,Push,2,48,478,1
U7117,43,Female,167,77.3,27.7,Gain Strength,Beginner,Home,7.1,3,2,0.64,70,Push,1,60,584,1
U7118,23,Female,150,59.2,26.3,Build Muscle,Beginner,Gym,8.7,10,1,0.47,81,Upper Body,1,65,616,1
U7119,23,Female,193,108.8,29.2,Build Muscle,Intermediate,Home,5.5,2,3,0.69,56,Upper Body,2,60,665,1
U7120,25,Male,150,59.2,26.3,Build Muscle,Beginner,Gym,6.7,8,0,0.7,65,Full Body,1,50,547,0
U7121,28,Male,154,65.2,27.5,Build Muscle,Beginner,Gym,7.4,9,2,0.76,74,Pull,1,47,466,1
U7122,41,Female,171,78.7,26.9,Gain Strength,Intermediate,Home,6.8,2,6,1,53,Push,2,45,331,1
U7123,28,Female,173,51.8,17.3,Improve Fitness,Intermediate,Gym,5.1,4,4,0.35,82,Upper Body,2,64,594,0
U7124,18,Female,191,97.8,26.8,Build Muscle,Beginner,Gym,8.4,10,1,0.53,83,Push,1,52,397,1
U7125,23,Male,183,82.7,24.7,Build Muscle,Intermediate,Mixed,7.3,6,6,0.83,60,Lower Body,2,42,446,1
U7126,32,Female,187,123.8,35.4,Build Muscle,Intermediate,Gym,8.6,4,0,0.62,55,Push,2,60,589,1
U7127,43,Female,191,87.9,24.1,Lose Weight,Advanced,Home,7.3,0,4,0.91,54,Full Body,3,58,580,1
U7128,32,Female,158,64.2,25.7,Lose Weight,Beginner,Mixed,5.4,10,3,0.8,70,Cardio,1,34,365,1
U7129,31,Female,187,114,32.6,Build Muscle,Beginner,Gym,5.4,3,0,0.97,46,Pull,1,48,397,1
U7130,30,Male,174,57.2,18.9,Build Muscle,Beginner,Gym,5.3,0,1,0.77,54,Pull,1,54,356,1
U7131,21,Male,160,48.1,18.8,Gain Strength,Intermediate,Gym,7.3,8,5,0.8,72,Legs,2,57,448,1
U7132,42,Male,188,84.1,23.8,Lose Weight,Advanced,Home,9.1,1,6,0.75,84,Cardio,3,34,295,1
U7133,25,Female,176,77.7,25.1,Build Muscle,Beginner,Home,5.9,9,2,0.82,62,Pull,1,45,454,1
U7134,45,Male,164,64.8,24.1,Build Muscle,Beginner,Gym,7.4,5,6,0.37,47,Legs,1,68,775,1
U7135,37,Male,185,96.9,28.3,Lose Weight,Intermediate,Home,6.4,1,6,0.61,74,Cardio,2,45,345,1
U7136,30,Female,171,67,22.9,Build Muscle,Beginner,Gym,7.6,4,3,0.71,74,Push,1,54,604,1
U7137,24,Male,160,55.3,21.6,Lose Weight,Beginner,Home,7.3,0,0,0.92,63,Cardio,1,39,442,1
U7138,45,Male,179,90.7,28.3,Build Muscle,Intermediate,Gym,7,6,1,0.85,73,Push,2,68,726,1
U7139,30,Male,172,72.2,24.4,Gain Strength,Intermediate,Gym,7.5,4,3,0.94,75,Push,2,49,474,1
U7140,27,Male,189,94.7,26.5,Lose Weight,Intermediate,Home,6.7,2,0,1,81,Cardio,2,33,373,1
U7141,28,Female,153,58.1,24.8,Build Muscle,Beginner,Gym,7,8,5,0.9,62,Push,1,54,545,1
U7142,24,Male,192,62.7,17,Build Muscle,Intermediate,Home,7.2,6,4,0.93,95,Push,2,59,481,1
U7143,35,Male,150,54,24,Build Muscle,Beginner,Mixed,7.1,6,0,0.81,68,Full Body,1,41,344,1
U7144,39,Female,156,65,26.7,Build Muscle,Advanced,Gym,7,0,3,0.9,82,Full Body,3,47,329,1
U7145,39,Female,152,64.5,27.9,Lose Weight,Beginner,Home,6.9,8,5,1,79,Full Body,1,41,325,1
U7146,44,Female,150,57.4,25.5,Build Muscle,Beginner,Home,6.3,0,6,0.7,73,Full Body,1,45,389,1
U7147,35,Female,189,75.7,21.2,Build Muscle,Beginner,Home,6.8,7,3,0.69,72,Legs,1,62,572,1
U7148,31,Male,193,63.7,17.1,Build Muscle,Intermediate,Home,7,4,2,0.65,71,Lower Body,2,47,331,1
U7149,42,Female,167,80.3,28.8,Build Muscle,Beginner,Mixed,9.4,0,1,0.84,53,Pull,1,51,523,1
U7150,30,Female,161,59.6,23,Lose Weight,Intermediate,Mixed,7.8,2,6,0.81,86,Cardio,2,35,242,1
U7151,23,Female,180,78.1,24.1,Build Muscle,Beginner,Mixed,6.7,6,5,1,72,Full Body,1,55,541,1
U7152,38,Female,173,60.5,20.2,Build Muscle,Advanced,Gym,8.7,9,5,0.45,30,Legs,3,67,509,1
U7153,29,Male,176,85.8,27.7,Improve Fitness,Intermediate,Mixed,8.1,0,4,0.79,52,Recovery,2,27,199,1
U7154,32,Female,192,89.6,24.3,Improve Fitness,Intermediate,Home,6.8,9,4,0.62,93,Lower Body,2,60,525,1
U7155,43,Female,158,50.2,20.1,Lose Weight,Beginner,Home,7.4,6,1,0.93,77,Cardio,1,49,399,1
U7156,29,Female,170,85.8,29.7,Gain Strength,Beginner,Gym,7.7,7,4,0.8,77,Push,1,62,517,1
U7157,29,Female,190,97.8,27.1,Build Muscle,Beginner,Mixed,6.7,10,6,0.49,86,Legs,1,59,440,1
U7158,26,Male,166,81,29.4,Build Muscle,Beginner,Gym,7.4,8,0,0.62,48,Push,1,70,714,0
U7159,23,Male,151,56.8,24.9,Improve Fitness,Beginner,Gym,5.6,9,1,0.45,71,Lower Body,1,53,576,0
U7160,39,Female,193,79.3,21.3,Lose Weight,Advanced,Home,7.5,4,0,0.69,62,Lower Body,3,43,398,1
U7161,43,Male,182,57.3,17.3,Gain Strength,Intermediate,Gym,6.2,5,4,0.57,53,Legs,2,48,515,0
U7162,37,Female,150,52,23.1,Lose Weight,Intermediate,Gym,5.8,4,6,0.69,75,Recovery,2,27,296,1
U7163,25,Male,173,62.9,21,Gain Strength,Intermediate,Gym,7.6,0,2,0.47,55,Upper Body,2,52,373,1
U7164,27,Female,179,76.9,24,Build Muscle,Intermediate,Gym,7.9,7,3,0.88,96,Legs,2,74,558,1
U7165,28,Male,176,70.9,22.9,Build Muscle,Advanced,Gym,7,0,3,0.53,53,Legs,3,45,469,1
U7166,28,Male,189,91.1,25.5,Build Muscle,Beginner,Mixed,6.2,4,0,0.94,50,Upper Body,1,47,384,1
U7167,31,Male,169,75.7,26.5,Improve Fitness,Beginner,Gym,6,3,0,0.57,80,Lower Body,1,57,558,1
U7168,19,Female,165,59.1,21.7,Lose Weight,Advanced,Mixed,6.5,2,3,0.57,98,Full Body,3,54,385,1
U7169,34,Male,166,60.3,21.9,Lose Weight,Beginner,Gym,7.2,10,3,0.68,75,Full Body,1,40,382,1
U7170,37,Male,193,81.6,21.9,Gain Strength,Intermediate,Gym,6.9,5,1,0.79,59,Lower Body,2,42,453,1
U7171,37,Female,153,68.1,29.1,Build Muscle,Beginner,Gym,8.4,0,3,0.83,73,Upper Body,1,54,382,1
U7172,22,Male,169,48.6,17,Lose Weight,Advanced,Mixed,7.6,9,6,0.65,68,Cardio,3,32,344,1
U7173,28,Male,159,43,17,Lose Weight,Advanced,Gym,7.6,1,2,0.46,73,Full Body,3,46,520,1
U7174,43,Female,193,105.4,28.3,Lose Weight,Intermediate,Home,6.6,6,0,0.94,60,Full Body,2,55,514,1
U7175,20,Male,178,85.5,27,Gain Strength,Intermediate,Gym,5.7,8,1,0.91,85,Pull,2,45,397,1
U7176,31,Female,183,88.7,26.5,Gain Strength,Intermediate,Home,6.7,9,6,0.47,66,Upper Body,2,61,453,0
U7177,23,Male,187,102.1,29.2,Lose Weight,Beginner,Gym,7.2,5,6,0.44,55,Full Body,1,42,331,1
U7178,32,Male,152,68.8,29.8,Improve Fitness,Beginner,Gym,7.6,9,2,0.5,45,Upper Body,1,42,394,0
U7179,32,Male,170,63.3,21.9,Gain Strength,Intermediate,Gym,5.1,8,3,0.69,100,Upper Body,2,56,426,1
U7180,27,Male,194,67,17.8,Gain Strength,Beginner,Gym,6.9,7,6,0.96,83,Upper Body,1,54,414,1
U7181,30,Female,167,66.7,23.9,Build Muscle,Advanced,Home,6.9,3,3,0.51,67,Pull,3,47,321,1
U7182,23,Female,172,75.4,25.5,Lose Weight,Intermediate,Mixed,8.3,2,6,0.61,69,Cardio,2,33,220,1
U7183,29,Male,185,70.2,20.5,Build Muscle,Intermediate,Gym,7.3,9,0,0.86,81,Legs,2,73,722,1
U7184,38,Male,167,54.7,19.6,Lose Weight,Beginner,Gym,7.3,3,4,0.6,87,Cardio,1,35,237,1
U7185,36,Female,167,66.4,23.8,Lose Weight,Beginner,Gym,5.4,4,0,0.68,78,Full Body,1,49,549,1
U7186,21,Female,190,92.1,25.5,Build Muscle,Beginner,Home,6.5,5,3,0.61,57,Pull,1,51,352,1
U7187,20,Female,175,69.8,22.8,Build Muscle,Intermediate,Mixed,6.2,7,4,0.89,58,Upper Body,2,61,514,1
U7188,21,Male,178,79.2,25,Build Muscle,Intermediate,Home,7.2,8,4,0.89,88,Push,2,68,728,1
U7189,44,Male,166,75.5,27.4,Gain Strength,Advanced,Gym,7.5,2,0,0.53,55,Push,3,70,616,1
U7190,30,Female,194,78.7,20.9,Build Muscle,Intermediate,Mixed,7.9,3,2,0.73,85,Push,2,47,536,1
U7191,31,Male,159,72.6,28.7,Gain Strength,Intermediate,Mixed,6.3,4,0,0.73,71,Legs,2,47,530,1
U7192,35,Female,166,63.7,23.1,Lose Weight,Advanced,Gym,6.5,4,1,0.93,72,Full Body,3,60,677,1
U7193,44,Female,178,77.9,24.6,Lose Weight,Intermediate,Gym,6.2,1,6,0.84,56,Recovery,2,26,215,1
U7194,28,Male,153,61.8,26.4,Gain Strength,Intermediate,Gym,7.6,10,1,0.65,76,Lower Body,2,65,551,1
U7195,31,Female,187,88.5,25.3,Lose Weight,Intermediate,Gym,7.1,9,4,0.72,72,Recovery,2,31,242,1
U7196,28,Female,164,67.2,25,Build Muscle,Beginner,Home,7.2,3,2,0.52,69,Legs,1,53,365,1
U7197,45,Male,187,89.5,25.6,Gain Strength,Beginner,Gym,7.2,8,3,0.89,81,Push,1,47,376,1
U7198,23,Male,151,47.4,20.8,Gain Strength,Intermediate,Home,6.9,1,5,0.66,71,Push,2,60,683,1
U7199,36,Male,179,78.5,24.5,Gain Strength,Beginner,Home,7.8,4,5,0.75,90,Lower Body,1,55,530,1
U7200,23,Male,155,61.3,25.5,Lose Weight,Intermediate,Home,6.2,1,5,0.64,81,Lower Body,2,44,353,1
U7201,26,Male,170,51.2,17.7,Gain Strength,Beginner,Gym,5.6,4,6,0.72,86,Push,1,56,551,1
U7202,30,Male,165,81.7,30,Build Muscle,Beginner,Gym,6.9,9,3,0.91,73,Upper Body,1,47,477,1
U7203,21,Male,181,59.3,18.1,Improve Fitness,Intermediate,Mixed,7.1,9,6,0.61,85,Full Body,2,53,439,1
U7204,18,Female,168,68.9,24.4,Gain Strength,Beginner,Gym,5.7,4,5,0.45,71,Push,1,68,535,1
U7205,31,Female,176,52.7,17,Improve Fitness,Intermediate,Home,6.5,0,1,0.76,56,Cardio,2,32,249,1
U7206,45,Male,165,78.1,28.7,Gain Strength,Beginner,Home,8.4,8,4,0.54,67,Upper Body,1,52,362,1
U7207,22,Male,183,96.1,28.7,Build Muscle,Beginner,Gym,7.1,1,6,0.47,69,Lower Body,1,43,355,1
U7208,39,Female,191,76.2,20.9,Build Muscle,Beginner,Home,8.3,10,1,0.83,67,Upper Body,1,52,492,1
U7209,29,Female,158,62.7,25.1,Lose Weight,Intermediate,Gym,5.7,6,0,0.58,95,Full Body,2,59,612,1
U7210,28,Male,194,93,24.7,Gain Strength,Advanced,Mixed,8.1,9,0,0.76,91,Legs,3,65,599,1
U7211,37,Female,183,56.9,17,Build Muscle,Intermediate,Mixed,6.9,3,2,1,86,Full Body,2,55,610,1
U7212,32,Male,163,80,30.1,Build Muscle,Intermediate,Home,7.1,8,1,0.62,56,Push,2,57,616,1
U7213,42,Female,175,60.9,19.9,Lose Weight,Beginner,Gym,8,8,5,0.81,71,Cardio,1,38,363,1
U7214,19,Female,153,62.3,26.6,Gain Strength,Beginner,Gym,7.3,8,1,0.89,86,Push,1,63,506,1
U7215,29,Female,165,54.4,20,Lose Weight,Beginner,Gym,7.4,0,4,0.42,73,Full Body,1,60,561,1
U7216,39,Male,179,86.5,27,Gain Strength,Intermediate,Home,5.7,7,5,0.65,72,Upper Body,2,41,420,1
U7217,36,Male,188,90.1,25.5,Lose Weight,Advanced,Home,6.8,4,1,0.51,71,Full Body,3,50,447,1
U7218,22,Male,183,58.9,17.6,Lose Weight,Advanced,Gym,6.8,8,4,0.64,69,Cardio,3,43,327,1
U7219,37,Male,154,52.6,22.2,Lose Weight,Beginner,Mixed,5.4,9,4,0.65,85,Cardio,1,38,410,1
U7220,35,Male,152,68.8,29.8,Lose Weight,Beginner,Home,9.5,7,6,1,54,Cardio,1,32,341,1
U7221,41,Male,177,71.4,22.8,Build Muscle,Advanced,Gym,7.1,3,1,0.7,73,Lower Body,3,55,427,1
U7222,42,Male,174,104.8,34.6,Improve Fitness,Beginner,Mixed,5.9,7,1,0.59,96,Full Body,1,53,354,1
U7223,42,Female,173,65.5,21.9,Build Muscle,Beginner,Gym,7.5,9,4,0.91,79,Upper Body,1,60,415,1
U7224,35,Female,166,69.7,25.3,Lose Weight,Beginner,Home,8.1,3,0,0.56,64,Recovery,1,23,261,1
U7225,21,Male,195,101.5,26.7,Gain Strength,Intermediate,Mixed,4.8,7,2,0.97,76,Upper Body,2,65,427,1
U7226,29,Female,187,87.8,25.1,Improve Fitness,Advanced,Mixed,5.3,3,6,0.49,66,Full Body,3,48,343,1
U7227,19,Male,151,63.6,27.9,Gain Strength,Beginner,Home,4.8,8,4,0.86,66,Legs,1,46,303,1
U7228,26,Female,193,87.9,23.6,Improve Fitness,Beginner,Mixed,7.4,3,0,0.77,61,Full Body,1,41,370,1
U7229,43,Female,195,103,27.1,Build Muscle,Beginner,Gym,4.5,10,0,0.64,74,Lower Body,1,47,500,0
U7230,29,Male,175,70.7,23.1,Build Muscle,Beginner,Home,5.1,8,5,0.86,53,Pull,1,63,510,1
U7231,30,Female,176,75,24.2,Gain Strength,Beginner,Gym,7.3,0,3,0.72,89,Push,1,59,396,1
U7232,18,Female,191,88.6,24.3,Improve Fitness,Intermediate,Gym,7.6,4,6,0.71,81,Cardio,2,31,230,1
U7233,39,Female,167,84.8,30.4,Build Muscle,Advanced,Gym,7.3,8,6,0.86,93,Pull,3,58,532,1
U7234,40,Female,176,93.5,30.2,Lose Weight,Beginner,Gym,6.7,5,2,0.91,75,Lower Body,1,45,350,1
U7235,32,Female,155,70.2,29.2,Lose Weight,Beginner,Gym,7.7,5,1,0.77,78,Lower Body,1,44,447,1
U7236,23,Female,177,80.2,25.6,Build Muscle,Beginner,Home,7.4,5,0,0.69,68,Full Body,1,44,377,1
U7237,25,Female,150,71.8,31.9,Build Muscle,Advanced,Gym,7.6,5,4,0.62,67,Upper Body,3,60,479,1
U7238,35,Male,162,75.8,28.9,Build Muscle,Intermediate,Home,6.3,8,1,0.45,50,Pull,2,48,510,0
U7239,39,Male,150,38.7,17.2,Improve Fitness,Beginner,Gym,5.7,4,6,0.51,92,Full Body,1,56,382,1
U7240,20,Male,168,68.6,24.3,Lose Weight,Beginner,Gym,6.7,5,0,0.46,69,Cardio,1,47,440,1
U7241,28,Female,156,41.9,17.2,Build Muscle,Intermediate,Gym,6.7,7,0,1,81,Upper Body,2,60,526,1
U7242,19,Female,171,69,23.6,Build Muscle,Intermediate,Gym,7.9,3,1,0.63,59,Legs,2,65,669,1
U7243,21,Male,156,77.1,31.7,Lose Weight,Intermediate,Gym,5.8,5,5,0.66,76,Full Body,2,54,583,1
U7244,27,Female,164,55.4,20.6,Lose Weight,Beginner,Gym,7.8,8,6,0.66,81,Full Body,1,55,379,1
U7245,31,Female,156,65.7,27,Build Muscle,Beginner,Home,6.8,5,2,1,62,Push,1,55,439,1
U7246,18,Female,174,91.4,30.2,Lose Weight,Beginner,Gym,8.4,4,2,1,74,Cardio,1,38,351,1
U7247,39,Female,151,48.3,21.2,Gain Strength,Intermediate,Gym,9.4,10,4,0.66,59,Push,2,67,698,1
U7248,20,Male,158,59.2,23.7,Gain Strength,Intermediate,Gym,6,3,4,0.81,62,Upper Body,2,57,605,1
U7249,33,Male,157,57.4,23.3,Improve Fitness,Beginner,Gym,8.2,5,3,0.83,72,Full Body,1,50,435,1
U7250,44,Female,164,67.8,25.2,Build Muscle,Beginner,Gym,7.1,4,0,0.64,71,Legs,1,61,541,1
U7251,31,Male,165,72.4,26.6,Gain Strength,Intermediate,Gym,7,9,2,0.8,59,Pull,2,62,548,1
U7252,26,Male,162,57.7,22,Lose Weight,Beginner,Home,6.3,0,3,0.62,91,Full Body,1,50,344,1
U7253,32,Male,153,64.4,27.5,Lose Weight,Beginner,Gym,5.9,2,0,0.8,66,Full Body,1,44,472,1
U7254,43,Male,182,71.5,21.6,Lose Weight,Intermediate,Gym,5.5,9,5,0.89,51,Full Body,2,53,495,1
U7255,38,Male,161,63,24.3,Lose Weight,Beginner,Gym,6.1,3,4,0.86,66,Cardio,1,40,361,1
U7256,39,Male,169,68.3,23.9,Improve Fitness,Beginner,Home,7,3,4,0.77,72,Full Body,1,43,448,1
U7257,37,Male,185,83.2,24.3,Lose Weight,Beginner,Gym,6.5,10,0,0.44,55,Lower Body,1,51,488,0
U7258,26,Male,157,67.8,27.5,Build Muscle,Beginner,Gym,6.8,8,2,0.6,50,Pull,1,70,489,0
U7259,34,Male,159,43.7,17.3,Lose Weight,Beginner,Home,6.3,1,4,0.88,63,Cardio,1,31,344,1
U7260,24,Male,183,87.7,26.2,Build Muscle,Beginner,Mixed,6.4,10,0,0.83,66,Lower Body,1,58,596,1
U7261,34,Female,156,47,19.3,Build Muscle,Beginner,Home,6.8,1,4,1,98,Legs,1,50,395,1
U7262,35,Male,165,72.1,26.5,Lose Weight,Beginner,Gym,6.9,7,3,0.77,76,Full Body,1,50,526,1
U7263,29,Male,194,91.5,24.3,Gain Strength,Beginner,Gym,7.6,1,6,0.76,67,Pull,1,57,519,1
U7264,27,Female,174,59,19.5,Build Muscle,Beginner,Gym,6.6,10,1,0.86,71,Legs,1,66,706,1
U7265,33,Female,180,83.6,25.8,Lose Weight,Advanced,Mixed,6.8,0,4,0.53,68,Lower Body,3,48,522,1
U7266,36,Female,185,69.1,20.2,Improve Fitness,Beginner,Gym,5.9,6,5,0.94,65,Cardio,1,50,341,1
U7267,20,Female,163,56.9,21.4,Gain Strength,Advanced,Gym,8.9,10,5,0.87,66,Upper Body,3,46,481,1
U7268,25,Female,159,66.5,26.3,Lose Weight,Intermediate,Home,6.8,6,2,0.6,79,Lower Body,2,47,308,1
U7269,43,Female,151,52.7,23.1,Lose Weight,Intermediate,Gym,7.2,5,2,0.9,85,Full Body,2,60,583,1
U7270,40,Female,186,76.8,22.2,Gain Strength,Advanced,Gym,7.6,9,5,0.52,78,Push,3,57,407,1
U7271,26,Male,163,66.7,25.1,Improve Fitness,Advanced,Gym,7.5,4,3,0.67,100,Recovery,3,27,223,1
U7272,32,Female,160,53,20.7,Build Muscle,Advanced,Home,8.2,8,5,0.53,79,Full Body,3,42,390,1
U7273,24,Male,150,60.5,26.9,Lose Weight,Beginner,Gym,7.2,2,3,0.63,74,Cardio,1,39,395,1
U7274,43,Female,160,65.5,25.6,Build Muscle,Intermediate,Gym,9.1,10,0,0.56,63,Push,2,69,500,1
U7275,33,Male,170,74.3,25.7,Build Muscle,Beginner,Home,6.8,6,2,0.7,88,Legs,1,53,411,1
U7276,37,Female,195,64.6,17,Lose Weight,Beginner,Gym,6.4,8,0,0.41,54,Recovery,1,35,312,0
U7277,24,Male,189,123.6,34.6,Improve Fitness,Beginner,Gym,7.8,2,6,0.89,70,Recovery,1,31,311,1
U7278,28,Female,168,78.2,27.7,Gain Strength,Beginner,Gym,5.2,6,1,0.91,59,Push,1,62,572,1
U7279,41,Male,180,72.3,22.3,Gain Strength,Advanced,Gym,7.7,10,6,0.78,73,Legs,3,52,468,1
U7280,30,Male,185,64.3,18.8,Improve Fitness,Intermediate,Gym,7.2,7,2,0.89,64,Cardio,2,45,416,1
U7281,21,Female,195,114.1,30,Lose Weight,Intermediate,Home,6.1,8,6,0.72,95,Full Body,2,45,309,1
U7282,35,Female,173,64.6,21.6,Lose Weight,Intermediate,Gym,8.3,0,4,1,74,Lower Body,2,52,565,1
U7283,29,Female,166,61.4,22.3,Lose Weight,Intermediate,Home,6.2,3,6,0.95,91,Cardio,2,40,408,1
U7284,30,Male,194,115.2,30.6,Build Muscle,Beginner,Mixed,7.1,6,1,0.91,71,Pull,1,51,374,1
U7285,28,Male,174,63,20.8,Build Muscle,Intermediate,Gym,8.3,10,1,1,56,Push,2,46,412,1
U7286,42,Female,189,71.8,20.1,Gain Strength,Advanced,Home,7.1,2,3,0.89,54,Legs,3,46,374,1
U7287,24,Male,174,77.2,25.5,Build Muscle,Beginner,Gym,6.5,10,3,0.85,60,Full Body,1,45,315,1
U7288,36,Female,181,90.7,27.7,Build Muscle,Intermediate,Gym,6.9,4,5,0.55,72,Upper Body,2,43,281,1
U7289,38,Male,177,53.3,17,Improve Fitness,Beginner,Mixed,6.5,2,1,0.78,45,Upper Body,1,57,527,1
U7290,24,Male,191,62,17,Build Muscle,Intermediate,Mixed,4.5,0,2,0.96,70,Pull,2,57,503,1
U7291,39,Male,194,83.9,22.3,Gain Strength,Advanced,Home,8.1,9,0,0.65,76,Lower Body,3,55,418,1
U7292,27,Female,153,57.6,24.6,Gain Strength,Intermediate,Mixed,6.6,3,2,0.77,83,Pull,2,51,464,1
U7293,22,Female,191,86.5,23.7,Build Muscle,Beginner,Gym,6.6,7,4,0.66,37,Upper Body,1,47,397,1
U7294,43,Female,194,96.7,25.7,Improve Fitness,Beginner,Gym,5.8,4,3,0.83,70,Recovery,1,29,269,1
U7295,38,Male,179,79.8,24.9,Build Muscle,Beginner,Mixed,7.9,7,1,0.55,77,Pull,1,58,418,1
U7296,38,Female,155,61.5,25.6,Build Muscle,Beginner,Home,6.9,9,6,0.55,80,Pull,1,60,406,1
U7297,41,Male,165,74.9,27.5,Build Muscle,Beginner,Gym,7.2,4,4,0.53,64,Full Body,1,53,382,1
U7298,23,Male,160,62,24.2,Build Muscle,Intermediate,Mixed,7.9,6,0,0.43,63,Push,2,46,453,0
U7299,25,Male,194,85.8,22.8,Gain Strength,Beginner,Gym,7,5,5,0.49,68,Push,1,67,541,1
U7300,22,Male,177,72.7,23.2,Build Muscle,Beginner,Gym,6,6,3,0.7,63,Pull,1,55,548,1
U7301,42,Male,168,75.1,26.6,Lose Weight,Intermediate,Gym,6.1,9,0,0.74,59,Recovery,2,33,246,0
U7302,37,Male,167,61.4,22,Build Muscle,Beginner,Mixed,7.4,7,2,0.76,65,Legs,1,52,507,1
U7303,21,Female,174,70.8,23.4,Lose Weight,Beginner,Home,5.5,8,2,0.97,82,Cardio,1,38,353,1
U7304,39,Male,189,97.2,27.2,Build Muscle,Beginner,Home,5.3,4,5,0.61,66,Push,1,68,643,1
U7305,24,Male,150,38.2,17,Build Muscle,Beginner,Home,8.1,6,5,0.98,100,Lower Body,1,62,576,1
U7306,45,Female,182,66.6,20.1,Improve Fitness,Beginner,Mixed,7.2,3,1,0.96,68,Full Body,1,46,409,1
U7307,37,Female,191,80.6,22.1,Build Muscle,Intermediate,Mixed,5,10,5,0.92,71,Pull,2,56,531,1
U7308,44,Male,174,64.8,21.4,Lose Weight,Beginner,Gym,7.4,10,5,0.75,74,Cardio,1,37,408,1
U7309,18,Female,155,56.7,23.6,Gain Strength,Intermediate,Mixed,8.9,7,4,0.7,96,Lower Body,2,52,427,1
U7310,36,Female,164,72.4,26.9,Build Muscle,Intermediate,Gym,7.5,10,6,0.7,86,Pull,2,68,768,1
U7311,43,Male,166,68.9,25,Build Muscle,Intermediate,Gym,6.1,2,5,0.55,78,Pull,2,70,607,1
U7312,30,Female,191,75.5,20.7,Lose Weight,Intermediate,Home,7,3,5,0.91,76,Recovery,2,23,218,1
U7313,29,Female,178,68.1,21.5,Lose Weight,Intermediate,Gym,8.7,3,5,0.82,87,Cardio,2,50,416,1
U7314,37,Male,171,49.7,17,Lose Weight,Beginner,Gym,7.5,5,3,0.87,97,Lower Body,1,56,470,1
U7315,36,Female,171,53.8,18.4,Lose Weight,Intermediate,Gym,8.4,8,2,1,41,Full Body,2,56,398,1
U7316,41,Male,187,92.7,26.5,Lose Weight,Intermediate,Gym,7.8,9,3,0.66,64,Cardio,2,50,370,1
U7317,24,Male,191,99.6,27.3,Build Muscle,Beginner,Gym,6.4,10,3,0.68,84,Push,1,57,557,1
U7318,30,Male,151,72.7,31.9,Improve Fitness,Beginner,Home,7.7,7,4,0.74,64,Lower Body,1,59,442,1
U7319,43,Male,152,46.9,20.3,Lose Weight,Intermediate,Home,8.3,3,3,0.69,89,Full Body,2,44,412,1
U7320,36,Female,151,52.7,23.1,Lose Weight,Beginner,Gym,6.4,1,4,0.8,70,Lower Body,1,43,385,1
U7321,27,Male,165,52.8,19.4,Lose Weight,Beginner,Gym,9.1,2,1,0.61,85,Cardio,1,40,285,1
U7322,39,Male,163,74.4,28,Lose Weight,Intermediate,Gym,5.7,9,4,0.54,67,Full Body,2,57,643,1
U7323,22,Female,153,48.9,20.9,Build Muscle,Beginner,Gym,9,4,5,0.68,85,Lower Body,1,54,376,1
U7324,25,Male,171,78.1,26.7,Build Muscle,Beginner,Gym,7.4,7,6,0.73,90,Push,1,61,569,1
U7325,42,Female,186,72.7,21,Build Muscle,Advanced,Home,9,2,4,0.49,83,Push,3,62,540,1
U7326,31,Female,175,57,18.6,Build Muscle,Intermediate,Mixed,6.8,4,0,0.74,64,Upper Body,2,43,458,1
U7327,24,Male,157,58.4,23.7,Lose Weight,Intermediate,Mixed,5.6,3,3,0.54,79,Lower Body,2,43,414,1
U7328,37,Male,187,86,24.6,Lose Weight,Intermediate,Mixed,6.3,8,3,0.96,53,Recovery,2,32,265,1
U7329,27,Male,186,79.6,23,Gain Strength,Intermediate,Home,6.5,0,2,0.83,72,Upper Body,2,44,340,1
U7330,38,Female,159,60.7,24,Lose Weight,Beginner,Mixed,5.1,3,3,0.88,68,Cardio,1,37,425,1
U7331,29,Female,159,63.2,25,Improve Fitness,Beginner,Gym,6.3,9,6,0.56,94,Full Body,1,42,482,1
U7332,19,Female,159,43.2,17.1,Lose Weight,Beginner,Gym,5.9,3,4,0.99,81,Full Body,1,60,666,1
U7333,43,Female,155,55.5,23.1,Improve Fitness,Intermediate,Gym,8.5,1,4,0.8,75,Recovery,2,26,250,1
U7334,34,Male,158,63.4,25.4,Lose Weight,Beginner,Gym,7.6,7,6,0.81,100,Cardio,1,44,292,1
U7335,22,Female,191,86.5,23.7,Gain Strength,Intermediate,Gym,6.9,5,2,0.5,71,Legs,2,74,678,0
U7336,35,Male,153,75.6,32.3,Lose Weight,Intermediate,Gym,8.2,4,2,0.62,72,Lower Body,2,43,464,1
U7337,29,Female,193,71.1,19.1,Build Muscle,Intermediate,Home,6,10,0,0.75,64,Pull,2,59,495,1
U7338,21,Female,161,52.1,20.1,Gain Strength,Intermediate,Home,7.6,7,0,0.71,48,Push,2,55,500,0
U7339,44,Male,155,40.8,17,Build Muscle,Intermediate,Gym,6.5,4,4,0.43,43,Upper Body,2,42,472,0
U7340,35,Female,170,84.4,29.2,Lose Weight,Intermediate,Gym,7,6,0,0.67,69,Full Body,2,59,450,1
U7341,24,Male,165,53.6,19.7,Gain Strength,Beginner,Mixed,7.6,2,0,0.7,60,Push,1,53,350,1
U7342,38,Female,184,74.1,21.9,Lose Weight,Beginner,Gym,5.7,10,1,0.65,68,Full Body,1,47,325,1
U7343,43,Female,156,55.2,22.7,Lose Weight,Beginner,Gym,7.2,7,1,0.71,75,Cardio,1,37,323,1
U7344,27,Female,184,96.5,28.5,Build Muscle,Beginner,Gym,7.8,3,0,0.89,59,Push,1,53,410,1
U7345,43,Male,192,82.6,22.4,Build Muscle,Beginner,Gym,7.8,6,2,0.84,61,Push,1,70,523,1
U7346,35,Male,180,87.8,27.1,Lose Weight,Intermediate,Gym,6.1,1,0,0.81,71,Full Body,2,56,608,1
U7347,37,Female,168,52.8,18.7,Lose Weight,Advanced,Mixed,6.6,9,2,1,75,Full Body,3,60,657,1
U7348,25,Male,179,109.6,34.2,Gain Strength,Beginner,Gym,5.5,1,0,0.86,33,Push,1,58,558,1
U7349,39,Male,174,74.2,24.5,Gain Strength,Advanced,Home,7.8,1,1,0.87,60,Pull,3,55,502,1
U7350,21,Male,193,107.6,28.9,Build Muscle,Beginner,Gym,6.5,0,3,0.69,65,Lower Body,1,62,432,1
U7351,41,Male,166,54.3,19.7,Build Muscle,Beginner,Gym,8.8,5,5,0.73,88,Lower Body,1,49,358,1
U7352,32,Male,164,77.7,28.9,Build Muscle,Beginner,Mixed,6,7,6,0.94,79,Pull,1,53,347,1
U7353,24,Male,172,59.5,20.1,Gain Strength,Beginner,Gym,7.6,1,1,0.54,96,Push,1,51,491,1
U7354,30,Male,153,65.3,27.9,Gain Strength,Beginner,Mixed,7,10,0,0.95,48,Lower Body,1,62,437,1
U7355,25,Female,193,79.7,21.4,Gain Strength,Intermediate,Mixed,6.8,0,5,1,55,Push,2,67,684,1
U7356,18,Female,161,44.8,17.3,Build Muscle,Advanced,Gym,5.5,9,5,0.88,63,Legs,3,51,434,1
U7357,29,Female,170,68.8,23.8,Gain Strength,Intermediate,Mixed,7.9,7,6,0.69,75,Upper Body,2,60,503,1
U7358,19,Female,155,64.1,26.7,Improve Fitness,Beginner,Gym,6.6,6,3,0.69,75,Full Body,1,54,619,1
U7359,19,Female,153,65.8,28.1,Gain Strength,Intermediate,Gym,6.2,7,0,0.2,82,Push,2,64,538,0
U7360,43,Female,156,69.1,28.4,Build Muscle,Intermediate,Gym,7.3,9,2,0.77,63,Push,2,58,556,1
U7361,21,Male,153,62.3,26.6,Gain Strength,Beginner,Home,8,8,1,0.73,100,Legs,1,75,540,1
U7362,40,Male,173,53.6,17.9,Lose Weight,Advanced,Gym,7.3,3,5,0.51,85,Full Body,3,41,346,1
U7363,34,Female,157,44.1,17.9,Build Muscle,Beginner,Gym,5.6,2,5,0.61,75,Push,1,68,462,1
U7364,27,Female,174,66.6,22,Gain Strength,Advanced,Gym,6.5,6,6,0.69,68,Pull,3,60,599,1
U7365,31,Male,176,95.1,30.7,Lose Weight,Intermediate,Mixed,7.9,1,2,0.66,100,Cardio,2,44,323,1
U7366,30,Male,192,98.1,26.6,Lose Weight,Beginner,Home,6,6,0,0.77,80,Full Body,1,54,529,1
U7367,45,Female,186,74.7,21.6,Lose Weight,Intermediate,Home,5.9,7,6,0.74,66,Cardio,2,48,414,1
U7368,23,Female,172,90.8,30.7,Gain Strength,Beginner,Gym,7.9,9,4,0.6,78,Pull,1,50,460,1
U7369,34,Male,167,83.1,29.8,Build Muscle,Beginner,Home,5.6,8,3,0.54,71,Push,1,61,535,1
U7370,22,Male,150,55.4,24.6,Gain Strength,Intermediate,Gym,7,7,6,0.66,67,Pull,2,55,499,1
U7371,33,Female,153,61.1,26.1,Lose Weight,Beginner,Gym,8.3,5,3,0.63,100,Full Body,1,47,354,1
U7372,40,Female,160,83.7,32.7,Build Muscle,Intermediate,Gym,8.6,2,4,0.83,100,Legs,2,71,779,1
U7373,45,Female,150,52.4,23.3,Build Muscle,Beginner,Gym,6.2,9,2,0.63,56,Full Body,1,46,381,0
U7374,31,Female,153,58.5,25,Build Muscle,Beginner,Gym,7.4,3,5,0.76,71,Upper Body,1,47,501,1
U7375,30,Male,186,86.8,25.1,Lose Weight,Intermediate,Gym,9,2,2,0.83,85,Full Body,2,40,304,1
U7376,45,Male,176,78.4,25.3,Build Muscle,Beginner,Home,5.3,8,0,0.39,100,Push,1,46,466,0
U7377,33,Female,171,65.2,22.3,Lose Weight,Beginner,Gym,6.4,5,0,0.76,80,Cardio,1,32,293,1
U7378,33,Male,159,69,27.3,Gain Strength,Intermediate,Gym,9.1,7,3,0.99,59,Upper Body,2,41,397,1
U7379,30,Male,167,79.8,28.6,Build Muscle,Beginner,Gym,6.7,4,2,0.7,55,Push,1,57,403,1
U7380,30,Male,186,60.2,17.4,Build Muscle,Advanced,Home,7.1,4,6,0.55,85,Push,3,46,412,1
U7381,31,Female,163,61.9,23.3,Gain Strength,Intermediate,Gym,7.4,1,4,0.97,49,Pull,2,52,373,1
U7382,41,Female,192,79.3,21.5,Gain Strength,Beginner,Mixed,7.3,0,5,0.78,88,Upper Body,1,59,499,1
U7383,30,Female,193,104.7,28.1,Build Muscle,Beginner,Gym,7.2,10,2,0.77,76,Push,1,54,471,1
U7384,29,Female,158,45.7,18.3,Build Muscle,Intermediate,Gym,6.9,0,0,0.76,78,Upper Body,2,48,368,1
U7385,20,Male,172,60.9,20.6,Gain Strength,Intermediate,Gym,5.7,1,5,0.68,100,Lower Body,2,59,536,1
U7386,23,Male,190,76.2,21.1,Build Muscle,Advanced,Gym,8.4,4,2,1,72,Upper Body,3,41,376,1
U7387,34,Male,167,60.2,21.6,Lose Weight,Intermediate,Gym,7.7,4,5,0.76,59,Cardio,2,44,343,1
U7388,25,Male,162,56.9,21.7,Build Muscle,Intermediate,Gym,7.6,10,4,0.89,67,Push,2,70,713,1
U7389,26,Male,159,61.2,24.2,Build Muscle,Intermediate,Home,7.8,3,0,0.69,67,Upper Body,2,56,411,1
U7390,32,Female,192,78.5,21.3,Build Muscle,Intermediate,Gym,6.3,5,4,1,69,Full Body,2,47,369,1
U7391,40,Male,180,97.8,30.2,Build Muscle,Beginner,Home,9,9,4,0.69,77,Legs,1,47,354,1
U7392,24,Female,191,90.8,24.9,Build Muscle,Beginner,Mixed,5.3,8,6,0.44,72,Full Body,1,50,440,0
U7393,38,Female,160,58.1,22.7,Lose Weight,Intermediate,Home,9.2,10,3,0.68,100,Recovery,2,23,263,1
U7394,23,Male,172,66.6,22.5,Lose Weight,Beginner,Home,9.2,10,6,0.81,80,Cardio,1,39,348,1
U7395,35,Female,163,59.5,22.4,Build Muscle,Advanced,Home,7.7,10,6,1,69,Pull,3,51,380,1
U7396,26,Female,166,63.7,23.1,Lose Weight,Intermediate,Home,6.8,5,5,1,84,Full Body,2,52,443,1
U7397,19,Male,166,84.3,30.6,Build Muscle,Beginner,Home,7.4,5,3,0.73,78,Push,1,60,605,1
U7398,31,Male,150,65.2,29,Build Muscle,Beginner,Home,6.8,1,6,0.97,77,Push,1,50,468,1
U7399,20,Female,177,53.3,17,Build Muscle,Advanced,Gym,8.1,4,0,0.49,84,Upper Body,3,61,514,1
U7400,42,Male,175,86.7,28.3,Improve Fitness,Intermediate,Home,7.5,5,5,0.82,88,Full Body,2,55,447,1
U7401,26,Female,163,59.5,22.4,Improve Fitness,Intermediate,Home,8,3,2,0.93,98,Full Body,2,48,345,1
U7402,21,Male,194,74.9,19.9,Build Muscle,Intermediate,Home,7.5,8,4,0.55,56,Full Body,2,46,461,0
U7403,44,Female,183,87.1,26,Improve Fitness,Intermediate,Gym,7.2,9,6,0.93,66,Lower Body,2,46,470,1
U7404,38,Female,187,83.6,23.9,Lose Weight,Beginner,Home,7.3,7,0,0.56,61,Lower Body,1,59,452,0
U7405,35,Female,151,66.6,29.2,Build Muscle,Beginner,Mixed,6.5,5,1,0.93,81,Legs,1,50,493,1
U7406,35,Female,157,44.4,18,Build Muscle,Intermediate,Gym,7.7,5,2,0.81,78,Push,2,69,531,1
U7407,21,Male,168,67.5,23.9,Lose Weight,Advanced,Gym,6.1,6,3,0.96,70,Lower Body,3,52,485,1
U7408,41,Female,190,75.1,20.8,Build Muscle,Beginner,Gym,7.6,1,1,0.59,57,Full Body,1,44,289,1
U7409,32,Male,152,52.9,22.9,Build Muscle,Beginner,Gym,6.4,2,6,0.56,84,Legs,1,68,490,1
U7410,26,Male,182,79.5,24,Build Muscle,Intermediate,Mixed,8.5,4,3,0.57,46,Upper Body,2,56,407,1
U7411,34,Male,195,95.4,25.1,Gain Strength,Intermediate,Mixed,9.1,1,1,0.82,100,Upper Body,2,54,514,1
U7412,21,Female,151,59.1,25.9,Build Muscle,Intermediate,Home,7.4,1,4,0.33,78,Push,2,50,400,1
U7413,39,Male,172,74.6,25.2,Build Muscle,Intermediate,Home,6.7,6,1,0.7,70,Upper Body,2,55,414,1
U7414,18,Male,154,56.2,23.7,Build Muscle,Beginner,Gym,9.4,4,2,0.65,74,Full Body,1,54,370,1
U7415,21,Male,178,72.2,22.8,Gain Strength,Intermediate,Gym,8,6,2,0.75,67,Pull,2,61,509,1
U7416,39,Male,183,56.9,17,Build Muscle,Intermediate,Mixed,7.4,0,0,0.66,71,Push,2,66,674,1
U7417,43,Male,177,61.1,19.5,Build Muscle,Intermediate,Gym,8.7,9,3,0.87,93,Pull,2,50,558,1
U7418,25,Male,159,74.1,29.3,Gain Strength,Beginner,Mixed,7.8,7,5,0.51,99,Push,1,62,434,1
U7419,24,Female,158,51.4,20.6,Gain Strength,Intermediate,Mixed,6.8,3,6,0.85,83,Upper Body,2,45,305,1
U7420,30,Female,159,68,26.9,Lose Weight,Beginner,Home,6.7,10,1,0.61,100,Lower Body,1,63,543,1
U7421,39,Male,180,78.7,24.3,Build Muscle,Advanced,Gym,6.9,7,2,0.59,75,Full Body,3,49,483,1
U7422,24,Female,179,81.1,25.3,Lose Weight,Beginner,Gym,7.1,8,2,0.79,98,Full Body,1,53,427,1
U7423,38,Male,174,66.6,22,Gain Strength,Intermediate,Gym,7.1,0,4,0.6,76,Legs,2,49,540,1
U7424,33,Female,180,71.6,22.1,Gain Strength,Beginner,Home,6.5,2,3,0.46,73,Legs,1,52,399,1
U7425,29,Male,151,60,26.3,Build Muscle,Beginner,Mixed,9.1,5,5,0.8,65,Push,1,62,513,1
U7426,45,Female,182,62.3,18.8,Build Muscle,Intermediate,Home,5.8,10,3,0.49,100,Legs,2,56,485,1
U7427,43,Male,182,85.1,25.7,Build Muscle,Intermediate,Gym,6.5,3,2,0.55,59,Pull,2,60,596,1
U7428,27,Male,164,58.9,21.9,Lose Weight,Advanced,Mixed,8.5,9,5,0.71,50,Full Body,3,51,368,1
U7429,33,Female,156,83.2,34.2,Gain Strength,Intermediate,Mixed,5.8,5,3,0.61,91,Pull,2,49,352,1
U7430,36,Female,184,88.7,26.2,Lose Weight,Beginner,Gym,6.6,0,2,0.5,57,Recovery,1,23,254,1
U7431,43,Female,182,68.6,20.7,Gain Strength,Advanced,Gym,7.1,6,3,0.75,69,Upper Body,3,59,440,1
U7432,35,Male,150,54.7,24.3,Build Muscle,Advanced,Gym,5.9,6,4,0.77,91,Lower Body,3,40,383,1
U7433,24,Female,181,78,23.8,Gain Strength,Advanced,Mixed,6.9,7,4,0.73,88,Upper Body,3,56,407,1
U7434,28,Male,154,49.1,20.7,Gain Strength,Beginner,Gym,8.7,10,3,0.8,72,Push,1,46,434,1
U7435,26,Male,170,85.5,29.6,Build Muscle,Beginner,Gym,5.8,6,3,0.81,78,Legs,1,73,726,1
U7436,24,Male,195,78.3,20.6,Improve Fitness,Beginner,Gym,7.6,0,2,0.77,69,Recovery,1,29,270,1
U7437,24,Female,181,92.1,28.1,Lose Weight,Beginner,Home,6.5,10,0,0.77,70,Lower Body,1,42,467,0
U7438,27,Female,160,56.1,21.9,Improve Fitness,Intermediate,Gym,7.7,2,5,0.68,49,Recovery,2,20,202,1
U7439,36,Female,174,51.5,17,Build Muscle,Intermediate,Gym,8,0,0,0.5,76,Pull,2,58,417,1
U7440,19,Male,164,66.4,24.7,Build Muscle,Intermediate,Gym,6.7,10,0,1,74,Upper Body,2,49,330,1
U7441,38,Female,156,67.4,27.7,Build Muscle,Intermediate,Gym,7.4,7,1,0.68,71,Pull,2,66,548,1
U7442,35,Female,183,102.5,30.6,Lose Weight,Beginner,Mixed,8.3,7,3,1,75,Full Body,1,47,350,1
U7443,32,Male,154,49.3,20.8,Improve Fitness,Intermediate,Home,6.6,2,5,0.51,83,Cardio,2,46,437,1
U7444,24,Female,176,68.1,22,Gain Strength,Beginner,Gym,4.5,3,1,1,63,Legs,1,63,669,1
U7445,33,Female,165,60.2,22.1,Lose Weight,Intermediate,Mixed,8.9,1,6,0.5,89,Cardio,2,50,385,1
U7446,27,Female,179,70.5,22,Gain Strength,Beginner,Gym,5.6,5,1,1,85,Legs,1,69,649,1
U7447,40,Female,161,73.6,28.4,Build Muscle,Beginner,Home,7.5,10,5,0.83,53,Upper Body,1,53,463,1
U7448,37,Male,167,69.7,25,Improve Fitness,Advanced,Gym,6.1,8,3,0.47,78,Full Body,3,45,322,0
U7449,40,Female,156,71.5,29.4,Improve Fitness,Beginner,Mixed,6.7,3,5,0.68,54,Full Body,1,42,310,1
U7450,19,Female,194,92.2,24.5,Improve Fitness,Intermediate,Gym,7.9,2,3,0.86,80,Upper Body,2,57,488,1
U7451,36,Male,172,64.8,21.9,Lose Weight,Beginner,Gym,6.4,0,0,0.86,84,Cardio,1,35,390,1
U7452,30,Female,188,84.1,23.8,Build Muscle,Intermediate,Gym,6.6,3,1,0.93,66,Pull,2,58,446,1
U7453,36,Female,175,84.5,27.6,Gain Strength,Beginner,Gym,6.9,3,3,0.53,96,Lower Body,1,47,539,1
U7454,37,Male,150,56.2,25,Lose Weight,Beginner,Mixed,6.3,6,4,0.47,52,Cardio,1,40,447,1
U7455,34,Female,181,75,22.9,Lose Weight,Beginner,Gym,9.2,6,0,0.61,93,Full Body,1,60,516,1
U7456,19,Female,155,57.7,24,Build Muscle,Beginner,Gym,5.8,2,6,0.63,52,Upper Body,1,54,513,1
U7457,26,Male,194,78.7,20.9,Improve Fitness,Beginner,Mixed,6.1,4,4,0.38,94,Recovery,1,30,255,1
U7458,29,Female,152,58.7,25.4,Lose Weight,Intermediate,Mixed,6.3,1,6,0.76,59,Cardio,2,50,544,1
U7459,23,Female,195,64.6,17,Build Muscle,Beginner,Gym,9.5,1,4,0.75,63,Pull,1,69,673,1
U7460,40,Male,157,41.9,17,Build Muscle,Beginner,Gym,5.5,2,0,1,94,Upper Body,1,56,416,1
U7461,45,Female,170,80.1,27.7,Improve Fitness,Intermediate,Mixed,5.9,10,3,0.99,78,Upper Body,2,59,477,1
U7462,27,Male,195,103.8,27.3,Gain Strength,Advanced,Home,7.6,2,0,0.45,54,Upper Body,3,46,391,1
U7463,26,Male,191,81.7,22.4,Improve Fitness,Beginner,Mixed,7.8,4,1,0.47,69,Cardio,1,35,356,0
U7464,41,Male,170,68.8,23.8,Build Muscle,Beginner,Mixed,8,9,0,0.84,56,Full Body,1,48,475,1
U7465,38,Female,176,94.8,30.6,Gain Strength,Advanced,Gym,5.8,6,3,0.92,63,Pull,3,50,378,1
U7466,24,Male,175,77.2,25.2,Lose Weight,Intermediate,Gym,7.3,1,5,0.76,82,Full Body,2,48,531,1
U7467,40,Male,152,60.3,26.1,Build Muscle,Advanced,Gym,8,8,0,0.8,53,Push,3,54,399,1
U7468,27,Female,162,67.2,25.6,Improve Fitness,Beginner,Gym,6.5,1,6,0.52,67,Upper Body,1,58,549,1
U7469,45,Female,163,67.2,25.3,Gain Strength,Intermediate,Gym,7.4,9,3,0.91,91,Legs,2,68,577,1
U7470,18,Male,160,66.3,25.9,Lose Weight,Beginner,Home,7.7,3,1,0.74,83,Full Body,1,45,307,1
U7471,35,Female,153,62,26.5,Improve Fitness,Intermediate,Mixed,7,7,5,1,63,Full Body,2,51,505,1
U7472,31,Male,191,111.6,30.6,Lose Weight,Intermediate,Gym,5.6,6,6,0.87,93,Cardio,2,43,335,1
U7473,20,Male,191,62,17,Improve Fitness,Beginner,Home,7.3,2,3,0.85,75,Full Body,1,48,443,1
U7474,39,Male,190,94.2,26.1,Lose Weight,Advanced,Gym,7.2,10,0,0.52,100,Full Body,3,45,445,1
U7475,20,Male,154,53.1,22.4,Build Muscle,Beginner,Mixed,7.6,8,3,0.6,37,Lower Body,1,63,444,0
U7476,38,Female,162,54.1,20.6,Gain Strength,Advanced,Gym,5.5,7,0,0.92,62,Lower Body,3,58,512,1
U7477,29,Female,190,80.5,22.3,Build Muscle,Intermediate,Home,5.9,5,2,0.74,61,Push,2,67,449,1
U7478,41,Female,167,80,28.7,Build Muscle,Beginner,Gym,7.4,2,1,0.62,84,Upper Body,1,54,383,1
U7479,32,Male,192,90.3,24.5,Build Muscle,Beginner,Gym,7.1,4,0,0.46,70,Legs,1,58,553,1
U7480,37,Male,171,75.7,25.9,Build Muscle,Beginner,Mixed,8.6,8,5,0.58,100,Push,1,58,431,1
U7481,44,Male,169,76.5,26.8,Lose Weight,Intermediate,Home,5.4,2,5,0.57,93,Cardio,2,37,337,1
U7482,25,Male,174,89.9,29.7,Build Muscle,Beginner,Gym,7.1,3,2,0.75,54,Push,1,58,643,1
U7483,34,Female,192,111,30.1,Build Muscle,Intermediate,Home,6,10,2,0.87,92,Lower Body,2,58,378,1
U7484,30,Female,182,81.8,24.7,Improve Fitness,Beginner,Mixed,8.2,4,0,1,76,Cardio,1,46,409,1
U7485,35,Female,184,80.6,23.8,Gain Strength,Beginner,Mixed,7,2,6,0.59,60,Legs,1,47,343,1
U7486,20,Male,174,79.9,26.4,Build Muscle,Beginner,Home,6.9,2,5,0.78,49,Pull,1,68,734,1
U7487,38,Female,158,60.2,24.1,Build Muscle,Beginner,Gym,8.2,6,4,0.52,72,Upper Body,1,46,454,1
U7488,27,Male,164,45.7,17,Lose Weight,Beginner,Gym,5.7,3,3,0.87,67,Full Body,1,50,415,1
U7489,40,Female,170,93.1,32.2,Build Muscle,Beginner,Mixed,7.6,4,2,0.82,55,Pull,1,57,641,1
U7490,19,Female,180,74.2,22.9,Lose Weight,Intermediate,Mixed,6.3,3,0,0.53,81,Cardio,2,41,305,1
U7491,20,Female,169,80.3,28.1,Build Muscle,Beginner,Mixed,7.5,4,4,0.57,76,Legs,1,70,617,1
U7492,21,Female,186,58.8,17,Improve Fitness,Intermediate,Mixed,8.6,1,4,0.49,55,Cardio,2,32,324,1
U7493,20,Female,192,92.2,25,Gain Strength,Intermediate,Mixed,7.3,1,0,0.71,55,Pull,2,47,360,1
U7494,18,Male,180,94.9,29.3,Gain Strength,Beginner,Gym,5.2,8,1,0.45,70,Legs,1,62,578,0
U7495,43,Female,182,63.6,19.2,Lose Weight,Beginner,Gym,8.4,2,5,0.51,95,Full Body,1,59,400,1
U7496,40,Male,167,80.3,28.8,Lose Weight,Intermediate,Home,8.5,4,6,1,73,Full Body,2,40,392,1
U7497,30,Female,161,52.4,20.2,Build Muscle,Intermediate,Home,7,4,1,0.62,61,Legs,2,50,342,1
U7498,21,Male,156,61.1,25.1,Lose Weight,Intermediate,Home,6.8,3,4,0.58,68,Lower Body,2,52,424,1
U7499,23,Male,151,61.1,26.8,Lose Weight,Beginner,Mixed,8.2,2,6,0.43,67,Cardio,1,37,299,1
U7500,36,Female,150,53.8,23.9,Improve Fitness,Intermediate,Gym,5.8,4,4,0.7,74,Upper Body,2,65,612,1
U7501,33,Female,177,83.6,26.7,Lose Weight,Intermediate,Gym,7.2,9,5,0.56,100,Full Body,2,44,339,1
U7502,33,Male,152,64.7,28,Lose Weight,Beginner,Gym,7.7,5,1,0.9,75,Lower Body,1,57,456,1
U7503,19,Female,156,72.8,29.9,Lose Weight,Beginner,Gym,7.2,8,1,0.72,81,Full Body,1,54,401,1
U7504,37,Female,166,85.7,31.1,Build Muscle,Intermediate,Gym,8.8,9,5,0.83,79,Push,2,47,489,1
U7505,34,Male,164,73.7,27.4,Gain Strength,Intermediate,Mixed,8.2,1,2,0.95,68,Lower Body,2,51,526,1
U7506,31,Male,159,75.8,30,Build Muscle,Advanced,Gym,7.5,7,0,0.84,92,Full Body,3,52,452,1
U7507,29,Female,152,63.8,27.6,Build Muscle,Beginner,Gym,8.1,7,1,0.65,94,Push,1,62,577,1
U7508,33,Female,180,88.8,27.4,Build Muscle,Beginner,Mixed,7.2,6,1,0.92,100,Push,1,69,674,1
U7509,23,Male,167,54.7,19.6,Improve Fitness,Intermediate,Home,6.2,8,0,1,78,Cardio,2,35,240,1
U7510,21,Female,177,79.3,25.3,Lose Weight,Advanced,Gym,7,5,2,0.94,100,Cardio,3,36,297,1
U7511,39,Female,152,50.1,21.7,Build Muscle,Beginner,Home,7,7,6,0.66,82,Legs,1,54,417,1
U7512,34,Female,161,76.7,29.6,Lose Weight,Intermediate,Mixed,8.9,4,5,0.86,100,Full Body,2,53,493,1
U7513,38,Female,174,66.9,22.1,Build Muscle,Beginner,Gym,6.2,4,4,0.98,73,Lower Body,1,41,441,1
U7514,41,Female,158,46.7,18.7,Lose Weight,Beginner,Gym,6.8,2,1,0.77,62,Full Body,1,50,441,1
U7515,33,Female,194,76,20.2,Build Muscle,Beginner,Gym,6.9,6,1,0.53,81,Push,1,57,381,1
U7516,33,Female,188,60.1,17,Improve Fitness,Advanced,Home,7.2,5,2,0.81,70,Lower Body,3,57,377,1
U7517,28,Male,152,67.2,29.1,Improve Fitness,Intermediate,Gym,5.6,10,0,0.59,67,Cardio,2,45,395,0
U7518,27,Female,171,80.4,27.5,Gain Strength,Intermediate,Gym,7.3,5,0,1,59,Lower Body,2,54,366,1
U7519,39,Male,172,55,18.6,Improve Fitness,Beginner,Gym,9.1,6,4,0.46,82,Lower Body,1,51,492,1
U7520,27,Female,166,56.2,20.4,Build Muscle,Beginner,Gym,4.8,8,0,0.65,85,Legs,1,54,554,1
U7521,39,Female,189,69.3,19.4,Gain Strength,Beginner,Gym,7.7,0,1,0.86,52,Legs,1,53,600,1
U7522,39,Male,159,59.4,23.5,Improve Fitness,Beginner,Home,8.8,3,1,0.84,68,Full Body,1,40,424,1
U7523,40,Female,173,78.4,26.2,Lose Weight,Beginner,Home,6.3,6,2,0.92,88,Full Body,1,55,593,1
U7524,24,Female,187,87.4,25,Lose Weight,Beginner,Home,7.4,8,2,0.54,51,Full Body,1,54,431,1
U7525,22,Female,192,84.4,22.9,Build Muscle,Intermediate,Home,7,9,5,0.91,85,Full Body,2,49,507,1
U7526,27,Male,153,59.2,25.3,Build Muscle,Intermediate,Mixed,8.4,8,0,0.55,88,Upper Body,2,52,571,1
U7527,23,Male,162,55.6,21.2,Improve Fitness,Intermediate,Gym,8.5,5,1,0.72,42,Upper Body,2,55,436,1
U7528,34,Male,189,98.6,27.6,Build Muscle,Intermediate,Gym,8,6,6,0.64,66,Pull,2,49,341,1
U7529,27,Male,182,78.8,23.8,Build Muscle,Intermediate,Gym,5,6,1,0.29,91,Upper Body,2,48,509,0
U7530,18,Male,169,60,21,Build Muscle,Beginner,Home,9.1,5,5,0.97,95,Push,1,65,649,1
U7531,33,Male,156,53.1,21.8,Gain Strength,Beginner,Gym,5.3,9,2,0.52,65,Lower Body,1,52,475,0
U7532,20,Male,151,38.8,17,Build Muscle,Beginner,Home,6.6,7,2,0.68,52,Legs,1,75,519,1
U7533,27,Male,156,48.9,20.1,Lose Weight,Intermediate,Gym,6.9,8,2,0.78,58,Cardio,2,32,356,1
U7534,20,Female,191,93.8,25.7,Lose Weight,Beginner,Gym,7.3,5,1,0.73,62,Cardio,1,44,288,1
U7535,23,Female,152,43.7,18.9,Lose Weight,Beginner,Home,9,2,3,0.83,87,Cardio,1,47,508,1
U7536,21,Male,192,88.8,24.1,Build Muscle,Intermediate,Gym,6.9,0,6,0.81,44,Full Body,2,60,479,1
U7537,27,Male,195,75.3,19.8,Build Muscle,Intermediate,Home,6.2,0,6,0.64,58,Lower Body,2,52,430,1
U7538,36,Male,184,87.7,25.9,Build Muscle,Intermediate,Gym,7.2,1,6,0.97,100,Full Body,2,42,431,1
U7539,20,Female,160,49.2,19.2,Lose Weight,Intermediate,Home,7.3,6,2,0.75,71,Cardio,2,32,362,1
U7540,33,Male,169,56.8,19.9,Lose Weight,Beginner,Gym,6.1,5,1,0.76,57,Cardio,1,40,260,1
U7541,33,Male,185,86.2,25.2,Build Muscle,Intermediate,Mixed,6.8,7,6,0.75,57,Push,2,55,488,1
U7542,32,Female,154,59.8,25.2,Build Muscle,Advanced,Gym,6.1,5,2,0.75,92,Pull,3,62,600,1
U7543,27,Female,178,81.1,25.6,Lose Weight,Advanced,Gym,7.5,2,2,0.87,50,Cardio,3,42,450,1
U7544,23,Female,188,112,31.7,Lose Weight,Beginner,Mixed,5.9,10,4,0.88,83,Lower Body,1,48,546,1
U7545,33,Male,191,75.5,20.7,Build Muscle,Intermediate,Mixed,8.2,1,3,0.81,100,Upper Body,2,42,412,1
U7546,33,Female,178,80.2,25.3,Build Muscle,Intermediate,Gym,7,0,3,0.63,45,Push,2,52,478,1
U7547,29,Female,175,71,23.2,Lose Weight,Intermediate,Gym,6.8,1,6,0.77,50,Full Body,2,42,365,1
U7548,34,Male,181,77,23.5,Gain Strength,Beginner,Mixed,7.7,2,5,0.84,44,Push,1,53,528,1
U7549,31,Male,168,77.6,27.5,Lose Weight,Advanced,Mixed,6.8,7,0,0.69,36,Lower Body,3,42,433,0
U7550,42,Male,157,75.9,30.8,Build Muscle,Beginner,Gym,7.3,6,0,0.44,77,Pull,1,50,435,0
U7551,42,Female,188,91.5,25.9,Lose Weight,Beginner,Mixed,8.4,9,5,0.66,72,Full Body,1,40,305,1
U7552,32,Male,181,71.4,21.8,Gain Strength,Beginner,Gym,7.8,0,3,0.58,58,Push,1,57,479,1
U7553,20,Female,193,90.1,24.2,Build Muscle,Advanced,Home,5.8,10,1,1,100,Legs,3,53,583,1
U7554,40,Female,151,51.5,22.6,Build Muscle,Intermediate,Home,5.6,7,4,0.78,64,Legs,2,69,465,1
U7555,24,Female,184,99.5,29.4,Lose Weight,Beginner,Home,6.2,9,2,0.82,73,Cardio,1,42,317,1
U7556,20,Male,192,80,21.7,Build Muscle,Beginner,Gym,7.4,2,4,0.88,73,Legs,1,62,554,1
U7557,20,Female,191,90.8,24.9,Lose Weight,Intermediate,Gym,6.1,6,4,0.93,87,Full Body,2,52,559,1
U7558,25,Female,164,61.3,22.8,Gain Strength,Intermediate,Mixed,7,0,2,0.97,54,Legs,2,71,499,1
U7559,22,Male,182,89.4,27,Gain Strength,Intermediate,Gym,6.5,2,6,1,72,Push,2,58,603,1
U7560,23,Male,195,113.3,29.8,Gain Strength,Advanced,Home,6.3,9,0,0.5,68,Legs,3,45,435,0
U7561,39,Male,185,87.6,25.6,Lose Weight,Beginner,Mixed,6.5,7,3,0.86,68,Cardio,1,35,378,1
U7562,27,Male,172,50.3,17,Build Muscle,Beginner,Gym,7.7,7,2,0.56,66,Lower Body,1,47,538,1
U7563,37,Male,162,81.4,31,Build Muscle,Intermediate,Home,9.1,10,2,0.62,80,Pull,2,52,588,1
U7564,45,Male,192,81.8,22.2,Improve Fitness,Beginner,Mixed,6.8,0,3,0.61,46,Cardio,1,30,230,1
U7565,22,Male,169,71.1,24.9,Build Muscle,Intermediate,Gym,7.4,4,4,0.6,88,Upper Body,2,45,398,1
U7566,19,Female,165,61.8,22.7,Improve Fitness,Intermediate,Gym,6.4,4,0,0.81,48,Full Body,2,50,415,1
U7567,39,Female,159,71.5,28.3,Build Muscle,Intermediate,Gym,6.7,5,0,0.9,91,Full Body,2,51,459,1
U7568,23,Male,155,65.3,27.2,Build Muscle,Intermediate,Gym,6.2,10,1,0.49,50,Push,2,63,541,0
U7569,20,Female,151,66.4,29.1,Build Muscle,Beginner,Home,7,10,5,0.61,70,Pull,1,56,388,1
U7570,33,Female,175,88.8,29,Gain Strength,Beginner,Home,8,5,3,0.8,81,Push,1,53,444,1
U7571,30,Female,193,94.2,25.3,Lose Weight,Beginner,Gym,7.4,5,1,0.76,71,Lower Body,1,52,425,1
U7572,45,Male,180,89.7,27.7,Lose Weight,Intermediate,Mixed,7.5,5,0,0.56,79,Lower Body,2,59,399,1
U7573,33,Female,176,79,25.5,Lose Weight,Intermediate,Mixed,7.8,0,5,0.7,84,Full Body,2,47,338,1
U7574,19,Female,183,81,24.2,Lose Weight,Intermediate,Gym,7.9,3,0,0.64,66,Full Body,2,47,361,1
U7575,37,Male,152,62.4,27,Build Muscle,Intermediate,Gym,6.7,6,6,1,80,Pull,2,55,516,1
U7576,26,Male,166,67.8,24.6,Build Muscle,Beginner,Home,8,4,4,0.63,85,Pull,1,61,562,1
U7577,28,Male,161,73.4,28.3,Improve Fitness,Advanced,Home,8.5,9,6,0.64,53,Full Body,3,52,549,1
U7578,19,Male,189,78.2,21.9,Build Muscle,Intermediate,Home,6.8,7,5,1,100,Pull,2,51,366,1
U7579,23,Male,163,68.8,25.9,Lose Weight,Intermediate,Mixed,7.1,0,5,0.66,84,Full Body,2,44,294,1
U7580,23,Male,179,108,33.7,Lose Weight,Beginner,Mixed,9.1,10,0,0.92,88,Cardio,1,48,452,1
U7581,23,Female,171,81.9,28,Build Muscle,Beginner,Home,7,1,2,0.59,71,Pull,1,59,418,1
U7582,28,Male,162,69,26.3,Lose Weight,Advanced,Mixed,5.5,9,1,0.69,59,Lower Body,3,44,381,0
U7583,34,Male,178,91.2,28.8,Gain Strength,Beginner,Home,6.5,4,0,0.78,61,Legs,1,49,342,1
U7584,25,Female,186,107.9,31.2,Build Muscle,Intermediate,Gym,5.2,4,6,0.81,52,Upper Body,2,42,315,1
U7585,19,Female,190,80.9,22.4,Lose Weight,Beginner,Mixed,7.3,9,0,0.77,75,Full Body,1,60,521,1
U7586,35,Male,164,67.5,25.1,Build Muscle,Beginner,Gym,6.4,6,2,0.69,72,Legs,1,69,463,1
U7587,26,Female,167,70.6,25.3,Build Muscle,Intermediate,Mixed,7,6,4,0.85,73,Push,2,52,360,1
U7588,25,Male,170,73.1,25.3,Build Muscle,Intermediate,Gym,6.7,7,3,0.53,74,Push,2,50,492,1
U7589,31,Female,183,99.1,29.6,Build Muscle,Beginner,Gym,7.6,7,1,0.57,84,Legs,1,66,603,1
U7590,24,Female,166,63.7,23.1,Build Muscle,Beginner,Home,7.9,2,6,0.65,77,Upper Body,1,46,360,1
U7591,27,Female,178,70.7,22.3,Lose Weight,Intermediate,Home,6.6,3,1,0.44,79,Cardio,2,42,355,1
U7592,32,Male,179,83.6,26.1,Lose Weight,Advanced,Gym,7.6,8,5,0.77,60,Recovery,3,34,253,1
U7593,18,Male,164,76.9,28.6,Gain Strength,Intermediate,Mixed,8.2,6,3,0.58,79,Upper Body,2,55,418,1
U7594,24,Male,186,97.6,28.2,Gain Strength,Advanced,Gym,6.6,10,5,0.67,80,Legs,3,63,684,1
U7595,32,Female,166,50.2,18.2,Lose Weight,Intermediate,Gym,5.9,9,0,0.54,45,Cardio,2,32,358,0
U7596,19,Male,168,82.1,29.1,Improve Fitness,Beginner,Mixed,4.9,4,4,0.78,84,Cardio,1,50,349,1
U7597,43,Male,160,59.6,23.3,Build Muscle,Advanced,Gym,6.4,2,3,0.76,72,Push,3,51,490,1
U7598,19,Female,192,105.8,28.7,Build Muscle,Beginner,Mixed,4.5,5,6,0.55,80,Pull,1,50,459,1
U7599,38,Female,170,71.4,24.7,Lose Weight,Beginner,Mixed,7.9,8,1,0.77,69,Recovery,1,33,217,1
U7600,33,Female,173,69.4,23.2,Lose Weight,Advanced,Gym,9.5,5,3,1,79,Cardio,3,32,338,1
U7601,41,Male,191,90.5,24.8,Gain Strength,Advanced,Home,7.7,10,2,0.87,78,Lower Body,3,48,337,1
U7602,35,Male,179,68.2,21.3,Lose Weight,Intermediate,Gym,9.1,8,6,0.76,100,Cardio,2,50,430,1
U7603,34,Male,163,67.2,25.3,Improve Fitness,Intermediate,Mixed,6.8,3,6,0.97,76,Cardio,2,30,254,1
U7604,31,Female,159,63.5,25.1,Lose Weight,Advanced,Gym,5.8,3,5,0.84,64,Full Body,3,56,429,1
U7605,21,Female,195,85.9,22.6,Improve Fitness,Advanced,Gym,6.6,8,6,0.8,48,Upper Body,3,56,490,1
U7606,38,Male,171,69,23.6,Build Muscle,Intermediate,Mixed,8.2,6,3,0.5,74,Full Body,2,44,317,1
U7607,38,Female,172,64.5,21.8,Gain Strength,Intermediate,Home,6.7,8,6,1,47,Pull,2,57,476,1
U7608,22,Female,151,63.2,27.7,Lose Weight,Beginner,Gym,6.6,5,4,0.63,55,Cardio,1,42,405,1
U7609,32,Male,186,95.8,27.7,Build Muscle,Beginner,Gym,6.9,7,5,0.66,73,Push,1,69,499,1
U7610,19,Female,180,77.1,23.8,Improve Fitness,Advanced,Gym,4.9,5,5,0.63,85,Cardio,3,34,358,1
U7611,23,Female,187,63.6,18.2,Lose Weight,Intermediate,Gym,5.9,2,1,0.64,61,Lower Body,2,47,357,1
U7612,18,Female,160,62.5,24.4,Build Muscle,Intermediate,Home,5.9,3,5,0.65,71,Full Body,2,46,466,1
U7613,45,Female,186,94.1,27.2,Build Muscle,Intermediate,Home,8.5,5,3,0.67,100,Pull,2,52,494,1
U7614,25,Female,172,70.1,23.7,Gain Strength,Intermediate,Home,8,2,4,1,74,Push,2,51,536,1
U7615,26,Male,169,53.4,18.7,Build Muscle,Beginner,Home,7.2,9,6,0.61,67,Full Body,1,54,591,1
U7616,44,Female,189,117.2,32.8,Build Muscle,Advanced,Mixed,5.8,6,5,0.77,58,Lower Body,3,59,445,1
U7617,45,Male,194,87.3,23.2,Gain Strength,Intermediate,Home,7.9,4,2,0.78,68,Pull,2,61,427,1
U7618,30,Female,174,66,21.8,Gain Strength,Advanced,Mixed,7.4,5,1,1,58,Legs,3,66,727,1
U7619,27,Female,195,123.6,32.5,Improve Fitness,Intermediate,Mixed,8.4,5,0,0.97,76,Full Body,2,52,431,1
U7620,25,Male,161,76.2,29.4,Improve Fitness,Beginner,Gym,6,8,6,0.6,83,Full Body,1,54,417,1
U7621,19,Male,182,85.1,25.7,Build Muscle,Intermediate,Gym,6.9,4,0,0.27,65,Pull,2,65,483,0
U7622,43,Female,171,57.3,19.6,Lose Weight,Intermediate,Gym,7.6,8,4,0.69,62,Full Body,2,44,337,1
U7623,19,Male,164,95.7,35.6,Lose Weight,Intermediate,Gym,8.2,8,5,0.91,100,Full Body,2,53,483,1
U7624,21,Male,190,100.7,27.9,Gain Strength,Beginner,Gym,6.3,3,5,0.56,86,Push,1,55,442,1
U7625,38,Female,187,59.4,17,Build Muscle,Intermediate,Gym,7,1,0,0.33,73,Upper Body,2,54,465,1
U7626,40,Female,157,69.3,28.1,Build Muscle,Beginner,Mixed,7.4,4,2,0.89,100,Pull,1,58,500,1
U7627,32,Female,175,73.2,23.9,Build Muscle,Advanced,Gym,9.5,8,4,0.76,86,Push,3,59,446,1
U7628,43,Male,153,51.3,21.9,Build Muscle,Intermediate,Gym,8.9,9,5,0.91,94,Upper Body,2,63,688,1
U7629,42,Female,185,84.5,24.7,Lose Weight,Intermediate,Home,5.7,10,2,0.8,46,Full Body,2,52,474,1
U7630,28,Female,193,86,23.1,Gain Strength,Intermediate,Home,7.3,7,0,1,76,Upper Body,2,54,561,1
U7631,44,Male,150,56.5,25.1,Lose Weight,Advanced,Home,7,6,0,0.48,73,Lower Body,3,46,366,0
U7632,21,Male,162,65.3,24.9,Improve Fitness,Intermediate,Gym,6,10,6,0.51,64,Full Body,2,55,602,0
U7633,43,Female,169,70.8,24.8,Improve Fitness,Intermediate,Gym,6.6,3,5,0.53,76,Cardio,2,30,251,1
U7634,25,Male,190,96.7,26.8,Gain Strength,Intermediate,Mixed,7.2,7,0,0.62,80,Upper Body,2,44,471,1
U7635,21,Female,176,73.4,23.7,Improve Fitness,Intermediate,Gym,5.8,7,1,0.91,77,Cardio,2,40,339,1
U7636,44,Male,168,67.7,24,Gain Strength,Beginner,Gym,5.4,7,6,0.59,100,Legs,1,52,388,1
U7637,22,Female,182,60.3,18.2,Improve Fitness,Advanced,Home,6.8,0,6,0.72,76,Full Body,3,46,454,1
U7638,38,Male,190,65.7,18.2,Gain Strength,Beginner,Gym,7.3,3,1,0.42,73,Lower Body,1,47,522,0
U7639,37,Female,192,80.4,21.8,Build Muscle,Beginner,Gym,6.1,4,5,0.87,68,Lower Body,1,46,311,1
U7640,43,Female,192,97.7,26.5,Gain Strength,Intermediate,Mixed,7.7,0,0,0.95,53,Push,2,59,618,1
U7641,28,Female,173,85,28.4,Build Muscle,Beginner,Gym,7.1,6,6,0.65,54,Push,1,64,567,1
U7642,29,Male,183,90.4,27,Build Muscle,Intermediate,Home,6.1,9,0,0.81,100,Upper Body,2,41,281,1
U7643,23,Female,167,79.8,28.6,Gain Strength,Beginner,Gym,8.6,6,1,0.59,83,Legs,1,52,587,1
U7644,35,Male,193,73.4,19.7,Lose Weight,Beginner,Gym,6.8,8,6,1,62,Full Body,1,56,465,1
U7645,39,Male,157,72,29.2,Gain Strength,Beginner,Mixed,8.2,9,1,0.91,52,Lower Body,1,40,440,1
U7646,41,Male,191,97.4,26.7,Lose Weight,Beginner,Gym,6.9,9,2,0.92,47,Full Body,1,58,430,1
U7647,27,Male,167,72.5,26,Build Muscle,Beginner,Mixed,7.3,9,5,0.36,58,Push,1,63,586,0
U7648,37,Male,155,40.8,17,Lose Weight,Intermediate,Gym,6.3,3,2,0.82,74,Cardio,2,48,465,1
U7649,32,Female,188,89.1,25.2,Lose Weight,Beginner,Gym,6,6,3,0.92,71,Full Body,1,52,359,1
U7650,25,Female,186,85.1,24.6,Gain Strength,Beginner,Gym,8.1,3,2,0.54,75,Legs,1,49,506,1
U7651,18,Female,162,69,26.3,Build Muscle,Intermediate,Gym,6.5,1,1,0.84,79,Upper Body,2,60,561,1
U7652,23,Male,170,69.6,24.1,Gain Strength,Advanced,Gym,7,10,2,0.81,83,Push,3,64,667,1
U7653,35,Male,174,75.1,24.8,Build Muscle,Intermediate,Home,8.3,0,3,0.84,45,Legs,2,57,618,1
U7654,42,Female,165,50.6,18.6,Improve Fitness,Intermediate,Mixed,8.4,5,4,0.68,74,Lower Body,2,55,629,1
U7655,20,Female,177,91.8,29.3,Build Muscle,Intermediate,Gym,7.1,2,6,0.73,58,Full Body,2,60,449,1
U7656,29,Male,184,88.4,26.1,Build Muscle,Beginner,Mixed,7.7,1,1,0.62,58,Legs,1,50,466,1
U7657,39,Female,163,94.3,35.5,Improve Fitness,Intermediate,Gym,7,7,6,0.6,82,Cardio,2,34,363,1
U7658,44,Male,173,72.7,24.3,Lose Weight,Beginner,Mixed,5.9,5,5,0.81,59,Lower Body,1,64,704,1
U7659,20,Female,162,81.6,31.1,Gain Strength,Intermediate,Gym,7.6,1,4,0.67,73,Upper Body,2,65,485,1
U7660,39,Female,161,73.4,28.3,Build Muscle,Beginner,Gym,7.3,2,3,1,89,Lower Body,1,51,526,1
U7661,21,Male,157,65.3,26.5,Gain Strength,Beginner,Mixed,6.1,0,6,0.69,79,Push,1,59,550,1
U7662,39,Female,193,78.2,21,Improve Fitness,Beginner,Gym,8.5,9,1,0.54,62,Recovery,1,26,267,0
U7663,27,Female,154,52.4,22.1,Build Muscle,Beginner,Gym,7.9,3,0,0.58,45,Full Body,1,55,499,0
U7664,32,Female,181,95.3,29.1,Lose Weight,Advanced,Gym,6.6,7,3,0.53,60,Cardio,3,36,259,1
U7665,41,Female,151,72.3,31.7,Build Muscle,Intermediate,Gym,6.4,9,0,0.7,65,Push,2,62,505,1
U7666,29,Female,162,50.7,19.3,Build Muscle,Beginner,Mixed,6.3,5,5,0.49,86,Upper Body,1,59,588,1
U7667,37,Female,182,82.5,24.9,Build Muscle,Intermediate,Gym,9.5,8,6,0.59,59,Pull,2,51,432,1
U7668,23,Male,179,99,30.9,Lose Weight,Beginner,Gym,8.3,8,5,0.79,55,Full Body,1,40,301,1
U7669,43,Male,169,90.8,31.8,Build Muscle,Beginner,Gym,7,1,1,0.64,89,Push,1,49,383,1
U7670,22,Male,150,54.9,24.4,Build Muscle,Advanced,Mixed,5.8,8,3,0.73,60,Upper Body,3,40,457,1
U7671,29,Female,183,56.9,17,Gain Strength,Intermediate,Mixed,6.1,0,0,0.63,54,Lower Body,2,55,470,1
U7672,33,Male,188,95.1,26.9,Lose Weight,Advanced,Gym,6.2,7,4,0.81,53,Lower Body,3,44,339,1
U7673,29,Male,160,72.4,28.3,Lose Weight,Beginner,Home,5.7,10,5,0.3,90,Cardio,1,48,414,0
U7674,25,Male,155,50.2,20.9,Build Muscle,Beginner,Mixed,9,6,1,0.82,83,Push,1,55,546,1
U7675,36,Male,191,105.4,28.9,Improve Fitness,Beginner,Gym,7.2,3,6,0.74,91,Cardio,1,40,340,1
U7676,42,Male,160,64,25,Lose Weight,Beginner,Mixed,6.3,8,1,0.83,40,Full Body,1,47,330,1
U7677,30,Female,181,98.3,30,Build Muscle,Beginner,Home,8.6,4,5,0.94,89,Legs,1,62,405,1
U7678,31,Male,188,85.2,24.1,Gain Strength,Beginner,Mixed,7,10,3,0.5,98,Push,1,58,583,1
U7679,39,Female,154,53.4,22.5,Lose Weight,Intermediate,Gym,7.5,2,3,0.77,51,Lower Body,2,65,514,1
U7680,29,Male,159,43.5,17.2,Lose Weight,Beginner,Gym,7.1,10,1,0.64,70,Full Body,1,42,425,1
U7681,19,Male,176,89.8,29,Improve Fitness,Intermediate,Gym,7.3,9,6,0.86,78,Full Body,2,52,525,1
U7682,45,Male,194,87.3,23.2,Build Muscle,Beginner,Home,6,2,5,0.77,73,Pull,1,65,652,1
U7683,19,Female,195,107.6,28.3,Gain Strength,Intermediate,Home,6.9,6,0,0.67,68,Pull,2,65,721,1
U7684,37,Male,193,76.7,20.6,Lose Weight,Intermediate,Gym,8.7,3,3,0.93,53,Lower Body,2,53,386,1
U7685,33,Female,155,67,27.9,Gain Strength,Beginner,Gym,5.1,0,5,0.9,61,Legs,1,58,386,1
U7686,21,Female,156,63.3,26,Lose Weight,Beginner,Gym,5,1,0,0.5,79,Full Body,1,54,558,1
U7687,38,Female,155,51.9,21.6,Lose Weight,Beginner,Home,6.2,2,3,0.97,100,Recovery,1,27,301,1
U7688,41,Male,186,98.3,28.4,Build Muscle,Beginner,Home,5.9,3,1,1,48,Lower Body,1,43,308,1
U7689,34,Female,185,79.4,23.2,Improve Fitness,Advanced,Mixed,7.2,5,2,1,85,Cardio,3,30,246,1
U7690,26,Female,162,59.3,22.6,Improve Fitness,Intermediate,Gym,6.1,4,6,0.9,63,Full Body,2,53,482,1
U7691,23,Female,171,74.3,25.4,Build Muscle,Intermediate,Gym,5.6,1,6,0.82,79,Push,2,67,625,1
U7692,39,Female,171,56.4,19.3,Build Muscle,Beginner,Gym,8.2,3,0,0.82,83,Push,1,60,596,1
U7693,31,Female,162,60.1,22.9,Lose Weight,Beginner,Mixed,7.3,1,2,0.73,69,Cardio,1,49,547,1
U7694,27,Female,154,59.8,25.2,Build Muscle,Beginner,Home,8.5,5,6,0.91,54,Legs,1,58,602,1
U7695,23,Female,167,79.8,28.6,Build Muscle,Beginner,Gym,8.4,9,3,0.69,79,Pull,1,63,694,1
U7696,44,Female,171,77.8,26.6,Lose Weight,Beginner,Gym,6.2,10,3,0.65,83,Recovery,1,28,211,1
U7697,35,Female,162,58.8,22.4,Build Muscle,Beginner,Mixed,8.2,6,0,0.95,89,Full Body,1,48,318,1
U7698,34,Female,193,122.2,32.8,Gain Strength,Beginner,Gym,7,8,5,0.75,76,Upper Body,1,61,657,1
U7699,23,Male,178,76.7,24.2,Build Muscle,Advanced,Home,7.7,5,1,0.41,75,Push,3,63,558,1
U7700,35,Female,192,68.9,18.7,Build Muscle,Intermediate,Home,6,6,2,0.85,69,Upper Body,2,49,353,1
U7701,39,Female,181,89.8,27.4,Lose Weight,Beginner,Gym,6.9,4,0,0.92,68,Full Body,1,48,468,1
U7702,22,Female,183,56.9,17,Build Muscle,Beginner,Home,7.3,5,0,0.33,50,Full Body,1,58,553,0
U7703,29,Female,186,72,20.8,Lose Weight,Intermediate,Home,6,3,2,0.62,56,Recovery,2,35,316,1
U7704,25,Female,189,66.4,18.6,Lose Weight,Beginner,Gym,8.8,3,6,0.6,38,Full Body,1,55,591,1
U7705,33,Female,185,78.7,23,Build Muscle,Beginner,Gym,5.9,0,0,0.56,82,Pull,1,70,611,1
U7706,36,Male,158,56.4,22.6,Build Muscle,Beginner,Gym,5.8,4,1,0.8,89,Legs,1,47,413,1
U7707,41,Male,174,81.1,26.8,Lose Weight,Intermediate,Gym,4.5,10,1,0.52,72,Cardio,2,40,304,0
U7708,18,Female,162,61.7,23.5,Lose Weight,Advanced,Home,6.7,1,4,0.54,50,Lower Body,3,61,447,1
U7709,19,Male,190,118.8,32.9,Build Muscle,Intermediate,Gym,7.1,10,6,0.84,72,Pull,2,68,694,1
U7710,31,Female,170,71.4,24.7,Lose Weight,Intermediate,Mixed,7,2,4,0.52,49,Cardio,2,47,407,1
U7711,43,Male,179,83.6,26.1,Lose Weight,Beginner,Gym,7.3,3,4,0.89,83,Cardio,1,50,485,1
U7712,43,Female,194,79.4,21.1,Gain Strength,Beginner,Gym,8.3,0,1,0.86,82,Upper Body,1,45,351,1
U7713,19,Female,168,95.7,33.9,Build Muscle,Intermediate,Gym,9.3,10,5,0.84,80,Pull,2,56,598,1
U7714,27,Female,188,102.5,29,Gain Strength,Intermediate,Home,6.5,1,4,0.62,82,Pull,2,58,391,1
U7715,42,Female,170,60.4,20.9,Build Muscle,Intermediate,Gym,7.8,5,6,0.75,59,Pull,2,52,360,1
U7716,21,Female,156,59.9,24.6,Build Muscle,Intermediate,Gym,8.5,8,1,0.73,73,Upper Body,2,50,383,1
U7717,19,Female,183,86.7,25.9,Improve Fitness,Intermediate,Gym,7.6,5,2,0.66,77,Full Body,2,60,427,1
U7718,31,Male,154,47.7,20.1,Lose Weight,Advanced,Gym,6.2,6,5,0.6,79,Lower Body,3,61,589,1
U7719,30,Male,152,58.2,25.2,Build Muscle,Intermediate,Gym,7,4,4,0.84,77,Pull,2,47,495,1
U7720,26,Female,180,75.5,23.3,Improve Fitness,Intermediate,Mixed,6,10,0,0.57,49,Upper Body,2,45,372,0
U7721,41,Male,156,61.1,25.1,Build Muscle,Intermediate,Gym,6.2,7,3,0.63,70,Pull,2,50,335,1
U7722,28,Male,151,65.9,28.9,Lose Weight,Beginner,Gym,8.1,6,4,0.71,90,Lower Body,1,63,615,1
U7723,25,Female,180,55.1,17,Improve Fitness,Intermediate,Home,9.2,0,5,0.84,73,Full Body,2,54,545,1
U7724,39,Male,160,53.2,20.8,Build Muscle,Intermediate,Gym,6.6,1,5,0.83,81,Push,2,63,564,1
U7725,25,Male,159,69,27.3,Improve Fitness,Intermediate,Mixed,6.3,8,5,0.55,74,Full Body,2,41,453,1
U7726,36,Female,184,93.8,27.7,Build Muscle,Intermediate,Gym,7.1,1,2,0.99,72,Lower Body,2,65,577,1
U7727,26,Male,172,72.5,24.5,Build Muscle,Advanced,Gym,7.8,3,1,0.94,51,Push,3,51,418,1
U7728,36,Female,174,59.9,19.8,Build Muscle,Beginner,Gym,6.8,9,2,1,68,Pull,1,58,563,1
U7729,28,Male,162,63,24,Gain Strength,Beginner,Gym,7.8,3,5,0.9,74,Lower Body,1,59,444,1
U7730,30,Male,171,86,29.4,Lose Weight,Beginner,Home,5.8,2,4,0.58,89,Full Body,1,49,442,1
U7731,41,Male,150,55.1,24.5,Build Muscle,Advanced,Gym,5.7,10,4,0.48,59,Legs,3,65,601,0
U7732,37,Male,164,65.9,24.5,Lose Weight,Beginner,Mixed,7.6,0,6,0.66,77,Cardio,1,40,441,1
U7733,18,Male,194,85.4,22.7,Lose Weight,Intermediate,Mixed,8.4,5,5,1,66,Recovery,2,33,228,1
U7734,20,Male,168,74.8,26.5,Improve Fitness,Intermediate,Gym,7.5,9,6,0.74,81,Lower Body,2,43,488,1
U7735,43,Female,171,77.5,26.5,Improve Fitness,Beginner,Mixed,6.6,9,2,0.96,75,Cardio,1,38,358,1
U7736,37,Female,162,60.1,22.9,Build Muscle,Beginner,Home,9.5,7,0,0.7,75,Pull,1,48,454,1
U7737,38,Female,181,82.6,25.2,Lose Weight,Beginner,Gym,7,6,2,0.8,59,Cardio,1,35,248,1
U7738,42,Male,163,71.7,27,Gain Strength,Intermediate,Mixed,5.2,9,3,0.49,99,Push,2,55,565,0
U7739,21,Male,194,72.3,19.2,Gain Strength,Beginner,Mixed,4.9,6,1,0.5,98,Push,1,52,595,0
U7740,18,Male,191,62,17,Lose Weight,Advanced,Gym,6,5,0,0.46,67,Cardio,3,50,341,1
U7741,37,Male,153,53.1,22.7,Gain Strength,Intermediate,Gym,6.6,2,2,1,54,Lower Body,2,48,423,1
U7742,40,Male,179,77.2,24.1,Gain Strength,Beginner,Home,7.5,1,6,0.54,79,Upper Body,1,40,308,1
U7743,18,Male,166,62.8,22.8,Lose Weight,Intermediate,Gym,7.5,0,6,0.7,41,Lower Body,2,41,316,1
U7744,44,Female,152,69.3,30,Lose Weight,Intermediate,Gym,9.4,0,2,0.69,58,Full Body,2,44,502,1
U7745,35,Female,169,88,30.8,Improve Fitness,Advanced,Gym,9.2,6,6,0.69,68,Full Body,3,58,611,1
U7746,44,Male,167,67.5,24.2,Lose Weight,Beginner,Home,5.3,3,2,0.67,97,Lower Body,1,44,415,1
U7747,23,Female,185,81.5,23.8,Build Muscle,Intermediate,Gym,6,7,0,0.81,61,Push,2,62,640,1
U7748,38,Male,184,81.9,24.2,Build Muscle,Advanced,Home,5.7,9,3,0.53,83,Legs,3,51,360,1
U7749,33,Female,159,63.2,25,Build Muscle,Beginner,Home,6.2,5,5,0.74,62,Push,1,70,588,1
U7750,25,Female,181,69.5,21.2,Build Muscle,Beginner,Home,8.4,2,1,0.86,71,Push,1,70,659,1
U7751,28,Male,163,66.7,25.1,Improve Fitness,Intermediate,Mixed,7.1,4,0,0.81,60,Cardio,2,49,369,1
U7752,24,Female,170,81.2,28.1,Improve Fitness,Beginner,Gym,7.5,1,3,0.67,64,Recovery,1,26,285,1
U7753,44,Female,184,94.8,28,Lose Weight,Beginner,Home,6.9,8,6,0.59,66,Full Body,1,44,480,1
U7754,43,Female,162,72.7,27.7,Gain Strength,Intermediate,Mixed,5.3,7,3,0.66,88,Pull,2,50,355,1
U7755,31,Male,165,64.8,23.8,Gain Strength,Advanced,Mixed,7.4,4,1,0.92,85,Push,3,64,519,1
U7756,41,Female,169,64.8,22.7,Build Muscle,Intermediate,Gym,7,9,3,0.88,86,Pull,2,64,423,1
U7757,29,Male,157,59.4,24.1,Lose Weight,Advanced,Mixed,7,6,0,0.77,92,Full Body,3,43,420,1
U7758,45,Female,185,99.3,29,Lose Weight,Beginner,Home,7.9,6,3,0.53,67,Full Body,1,59,449,1
U7759,44,Male,160,60.4,23.6,Improve Fitness,Intermediate,Home,8.7,8,2,0.68,90,Recovery,2,21,201,1
U7760,33,Male,193,82.3,22.1,Gain Strength,Beginner,Gym,6.6,1,1,0.81,95,Pull,1,59,542,1
U7761,30,Male,155,56.7,23.6,Lose Weight,Advanced,Gym,4.5,1,0,0.44,76,Full Body,3,55,540,1
U7762,21,Male,175,56,18.3,Gain Strength,Beginner,Gym,6.1,4,4,0.72,35,Pull,1,53,594,1
U7763,22,Female,173,68.5,22.9,Build Muscle,Beginner,Gym,5.8,2,1,0.45,59,Upper Body,1,45,458,0
U7764,20,Male,160,51.2,20,Lose Weight,Beginner,Gym,7.6,6,4,0.94,66,Full Body,1,49,424,1
U7765,41,Male,169,62.8,22,Build Muscle,Beginner,Home,6.6,2,5,0.52,52,Push,1,62,491,1
U7766,38,Male,152,40.7,17.6,Build Muscle,Beginner,Gym,5.6,1,5,1,61,Legs,1,53,404,1
U7767,44,Female,185,58.2,17,Gain Strength,Beginner,Gym,6.5,7,5,0.43,72,Push,1,53,586,0
U7768,20,Male,170,70.2,24.3,Lose Weight,Advanced,Home,7.2,8,0,0.71,66,Cardio,3,45,465,1
U7769,34,Male,169,52.6,18.4,Gain Strength,Intermediate,Mixed,7,0,0,0.9,99,Legs,2,51,467,1
U7770,42,Male,158,58.7,23.5,Lose Weight,Beginner,Gym,7,7,4,0.81,94,Cardio,1,41,461,1
U7771,44,Male,152,52,22.5,Build Muscle,Advanced,Gym,7.9,4,1,0.57,76,Push,3,58,626,1
U7772,38,Male,171,83.6,28.6,Build Muscle,Advanced,Gym,5.7,8,0,0.63,86,Push,3,58,583,1
U7773,19,Female,166,74.7,27.1,Build Muscle,Beginner,Gym,8.2,7,4,0.87,66,Upper Body,1,61,589,1
U7774,31,Male,171,98.5,33.7,Build Muscle,Beginner,Gym,7.3,1,1,0.2,67,Push,1,52,593,0
U7775,30,Female,162,59,22.5,Gain Strength,Beginner,Mixed,8,0,1,0.64,88,Lower Body,1,60,589,1
U7776,28,Male,155,64.4,26.8,Improve Fitness,Beginner,Gym,6,4,2,0.69,60,Cardio,1,31,317,1
U7777,35,Male,194,95.2,25.3,Improve Fitness,Intermediate,Home,6.2,10,0,0.73,67,Full Body,2,47,308,0
U7778,38,Male,158,59.7,23.9,Build Muscle,Beginner,Gym,9.4,10,0,0.66,42,Push,1,63,689,1
U7779,34,Male,189,102.9,28.8,Improve Fitness,Intermediate,Home,8.2,2,0,0.36,61,Full Body,2,40,278,0
U7780,32,Female,189,93.9,26.3,Lose Weight,Beginner,Gym,7.7,1,1,0.72,72,Cardio,1,43,297,1
U7781,23,Male,180,66.7,20.6,Build Muscle,Beginner,Gym,4.5,1,6,1,57,Pull,1,62,537,1
U7782,28,Male,153,59,25.2,Build Muscle,Beginner,Gym,6.9,8,0,0.88,73,Pull,1,57,383,1
U7783,35,Female,160,64.3,25.1,Gain Strength,Beginner,Mixed,4.5,9,2,0.57,83,Push,1,51,370,0
U7784,44,Male,188,96.1,27.2,Lose Weight,Intermediate,Mixed,6.1,2,2,0.44,73,Full Body,2,48,357,1
U7785,38,Female,180,55.1,17,Gain Strength,Beginner,Gym,5.8,0,6,1,93,Upper Body,1,47,406,1
U7786,40,Male,155,63.7,26.5,Build Muscle,Beginner,Home,7.4,3,5,0.37,60,Legs,1,47,460,1
U7787,36,Female,193,86.8,23.3,Lose Weight,Beginner,Gym,6.3,7,3,0.66,91,Cardio,1,32,344,1
U7788,34,Female,183,74.3,22.2,Build Muscle,Intermediate,Mixed,6.7,3,2,0.85,50,Upper Body,2,65,436,1
U7789,22,Female,157,51.8,21,Improve Fitness,Beginner,Home,6.3,9,3,0.73,66,Recovery,1,33,342,1
U7790,39,Female,181,76,23.2,Lose Weight,Beginner,Home,6.4,2,1,0.53,81,Cardio,1,34,289,1
U7791,32,Female,163,61.4,23.1,Build Muscle,Intermediate,Mixed,7.8,7,1,0.52,62,Legs,2,51,416,1
U7792,42,Female,190,85.2,23.6,Build Muscle,Advanced,Home,7,2,5,0.86,65,Full Body,3,47,450,1
U7793,21,Male,167,77,27.6,Build Muscle,Intermediate,Mixed,7.5,7,4,0.7,57,Full Body,2,44,454,1
U7794,23,Male,151,63.2,27.7,Gain Strength,Intermediate,Gym,6.1,3,2,0.72,71,Pull,2,50,383,1
U7795,43,Female,166,65,23.6,Lose Weight,Beginner,Gym,6.7,5,4,0.57,47,Full Body,1,44,489,1
U7796,29,Female,182,100.7,30.4,Gain Strength,Intermediate,Gym,6.6,7,6,0.7,69,Upper Body,2,40,330,1
U7797,45,Female,155,69.9,29.1,Improve Fitness,Beginner,Gym,9.2,4,5,0.75,69,Full Body,1,50,518,1
U7798,22,Female,193,73.8,19.8,Build Muscle,Advanced,Home,5.5,2,3,0.4,60,Lower Body,3,50,423,0
U7799,19,Male,150,38.2,17,Lose Weight,Beginner,Home,8.3,8,0,0.8,68,Cardio,1,48,331,1
U7800,37,Female,154,69.3,29.2,Lose Weight,Beginner,Mixed,5.9,3,1,0.57,42,Full Body,1,50,508,1
U7801,36,Female,179,89.1,27.8,Gain Strength,Beginner,Mixed,6.2,5,2,0.72,87,Upper Body,1,65,506,1
U7802,31,Female,193,112.9,30.3,Lose Weight,Advanced,Home,7.1,9,4,0.79,58,Cardio,3,49,374,1
U7803,26,Male,164,85,31.6,Improve Fitness,Beginner,Mixed,6.9,10,1,0.73,65,Cardio,1,31,338,0
U7804,26,Male,169,84.3,29.5,Build Muscle,Intermediate,Gym,7.3,5,1,0.86,77,Lower Body,2,45,505,1
U7805,24,Male,194,88.8,23.6,Lose Weight,Beginner,Gym,8.1,1,6,0.78,57,Cardio,1,30,240,1
U7806,30,Female,159,51.3,20.3,Build Muscle,Beginner,Gym,7.3,1,2,0.88,96,Legs,1,51,483,1
U7807,44,Female,188,60.1,17,Gain Strength,Beginner,Mixed,7.1,5,6,0.81,76,Legs,1,54,552,1
U7808,32,Male,179,92,28.7,Lose Weight,Intermediate,Home,7.8,0,4,0.54,56,Cardio,2,35,304,1
U7809,19,Male,170,74.6,25.8,Improve Fitness,Beginner,Gym,8.2,4,0,0.75,48,Cardio,1,46,367,1
U7810,44,Male,178,63.7,20.1,Lose Weight,Intermediate,Gym,7.9,0,0,0.66,73,Full Body,2,42,364,1
U7811,21,Male,182,96.1,29,Lose Weight,Intermediate,Home,5.8,3,5,0.65,64,Full Body,2,57,389,1
U7812,44,Male,182,86.1,26,Build Muscle,Advanced,Gym,8,5,0,0.45,71,Lower Body,3,62,530,1
U7813,34,Female,164,75.8,28.2,Lose Weight,Beginner,Gym,5.1,10,3,0.71,53,Cardio,1,34,269,1
U7814,20,Male,181,71.4,21.8,Gain Strength,Beginner,Gym,4.5,3,4,0.97,66,Pull,1,49,460,1
U7815,37,Male,183,70.7,21.1,Build Muscle,Beginner,Gym,7.5,1,5,0.53,54,Legs,1,66,727,1
U7816,30,Male,194,115.9,30.8,Build Muscle,Intermediate,Home,9.1,1,4,0.61,88,Upper Body,2,41,284,1
U7817,37,Male,170,75.1,26,Build Muscle,Intermediate,Gym,5.5,6,4,0.55,95,Push,2,58,414,1
U7818,24,Female,165,50.4,18.5,Gain Strength,Intermediate,Mixed,9.5,8,3,0.62,95,Lower Body,2,60,453,1
U7819,37,Male,153,54.3,23.2,Improve Fitness,Beginner,Gym,8,9,1,0.97,92,Recovery,1,22,193,1
U7820,33,Female,159,55.6,22,Lose Weight,Beginner,Gym,6.2,0,5,0.71,52,Full Body,1,55,462,1
U7821,33,Female,157,62.9,25.5,Build Muscle,Intermediate,Gym,6.2,0,6,0.91,63,Push,2,51,570,1
U7822,45,Female,156,41.9,17.2,Lose Weight,Intermediate,Gym,8.6,7,2,0.75,72,Cardio,2,30,328,1
U7823,23,Female,150,65.5,29.1,Lose Weight,Beginner,Gym,8.1,6,0,0.58,65,Full Body,1,46,401,1
U7824,35,Female,159,50.1,19.8,Gain Strength,Beginner,Mixed,5.5,9,5,0.82,77,Legs,1,64,430,1
U7825,43,Male,185,94.8,27.7,Lose Weight,Beginner,Mixed,8.5,1,1,0.86,84,Full Body,1,42,418,1
U7826,24,Male,150,38.2,17,Gain Strength,Beginner,Gym,6.8,8,5,0.89,54,Legs,1,48,327,1
U7827,39,Female,178,78.9,24.9,Build Muscle,Beginner,Mixed,7.7,1,5,0.8,77,Upper Body,1,47,476,1
U7828,25,Male,174,81.7,27,Build Muscle,Beginner,Home,7.3,4,5,0.46,79,Push,1,68,525,1
U7829,42,Female,192,94.7,25.7,Build Muscle,Intermediate,Home,5.5,6,4,0.97,80,Push,2,61,600,1
U7830,40,Male,157,46.1,18.7,Improve Fitness,Beginner,Gym,6.2,9,6,0.62,63,Upper Body,1,50,563,1
U7831,26,Male,193,95.7,25.7,Build Muscle,Beginner,Gym,6,6,3,0.92,87,Push,1,59,610,1
U7832,28,Female,155,65.1,27.1,Gain Strength,Intermediate,Gym,7.1,5,1,0.89,67,Legs,2,60,644,1
U7833,45,Male,157,53,21.5,Build Muscle,Advanced,Mixed,8.4,4,0,0.78,61,Lower Body,3,45,337,1
U7834,21,Male,178,71.9,22.7,Lose Weight,Intermediate,Mixed,6.3,2,6,1,72,Cardio,2,46,517,1
U7835,33,Male,159,63.7,25.2,Lose Weight,Intermediate,Home,7.9,5,2,0.5,88,Full Body,2,46,351,1
U7836,41,Male,177,68.6,21.9,Lose Weight,Intermediate,Mixed,9.1,2,5,0.66,87,Full Body,2,40,397,1
U7837,33,Male,174,51.5,17,Lose Weight,Intermediate,Gym,5.8,1,1,0.67,41,Lower Body,2,48,457,1
U7838,24,Male,175,82.7,27,Lose Weight,Beginner,Mixed,7.4,3,1,0.54,71,Cardio,1,32,271,1
U7839,31,Male,164,75,27.9,Build Muscle,Intermediate,Home,4.8,2,4,0.49,66,Legs,2,67,562,1
U7840,37,Male,191,89.7,24.6,Gain Strength,Intermediate,Gym,7,4,2,0.88,79,Upper Body,2,52,553,1
U7841,30,Male,182,90.8,27.4,Lose Weight,Intermediate,Home,5.6,1,3,0.75,67,Full Body,2,42,322,1
U7842,41,Female,179,98,30.6,Lose Weight,Beginner,Gym,7.3,1,3,0.6,84,Full Body,1,60,476,1
U7843,37,Female,160,68.9,26.9,Lose Weight,Intermediate,Gym,6.2,10,5,0.66,67,Lower Body,2,43,279,1
U7844,24,Female,165,80.9,29.7,Gain Strength,Beginner,Gym,7.3,9,0,0.85,64,Upper Body,1,43,382,1
U7845,24,Male,187,90.6,25.9,Improve Fitness,Intermediate,Gym,8.5,5,0,0.66,73,Full Body,2,57,437,1
U7846,22,Female,162,49.3,18.8,Gain Strength,Intermediate,Gym,6.3,7,5,0.66,56,Upper Body,2,53,486,1
U7847,25,Male,155,72.3,30.1,Improve Fitness,Beginner,Mixed,6.2,0,6,0.86,74,Cardio,1,38,280,1
U7848,24,Female,180,79.7,24.6,Build Muscle,Advanced,Mixed,8.7,10,0,0.31,69,Full Body,3,43,475,0
U7849,26,Male,179,64.1,20,Gain Strength,Intermediate,Gym,4.9,5,5,0.5,72,Push,2,46,508,0
U7850,39,Male,162,56.4,21.5,Gain Strength,Intermediate,Gym,8.1,1,1,0.68,67,Pull,2,51,360,1
U7851,44,Male,159,58.7,23.2,Improve Fitness,Intermediate,Gym,7,10,1,0.64,59,Full Body,2,48,321,0
U7852,24,Male,150,64.6,28.7,Lose Weight,Advanced,Gym,6.4,4,4,0.65,78,Full Body,3,59,584,1
U7853,40,Male,182,85.5,25.8,Lose Weight,Intermediate,Mixed,6.1,9,0,0.86,80,Lower Body,2,60,608,1
U7854,30,Female,158,62.9,25.2,Lose Weight,Intermediate,Gym,6.6,6,3,0.65,68,Full Body,2,54,498,1
U7855,36,Male,167,53.8,19.3,Build Muscle,Beginner,Gym,7.1,7,6,0.88,85,Pull,1,67,507,1
U7856,32,Male,183,76.7,22.9,Improve Fitness,Beginner,Mixed,8.3,5,5,1,67,Recovery,1,23,174,1
U7857,37,Male,175,83.9,27.4,Build Muscle,Intermediate,Home,4.6,3,5,0.49,73,Push,2,47,515,1
U7858,24,Female,181,66.5,20.3,Improve Fitness,Intermediate,Home,9.3,2,2,0.83,86,Upper Body,2,49,469,1
U7859,18,Female,155,58.6,24.4,Lose Weight,Beginner,Home,6,7,6,0.63,75,Cardio,1,47,459,1
U7860,33,Male,159,55.1,21.8,Build Muscle,Advanced,Mixed,7.8,0,4,0.85,72,Pull,3,46,427,1
U7861,25,Female,157,41.9,17,Improve Fitness,Beginner,Home,9,3,5,0.68,100,Upper Body,1,65,519,1
U7862,20,Male,151,62,27.2,Lose Weight,Intermediate,Gym,6.9,10,6,0.8,41,Lower Body,2,64,725,1
U7863,18,Female,169,82.3,28.8,Improve Fitness,Advanced,Gym,9.5,7,1,0.34,67,Full Body,3,45,461,0
U7864,18,Male,190,87,24.1,Build Muscle,Intermediate,Home,8.1,7,6,1,77,Upper Body,2,40,458,1
U7865,40,Female,178,106.1,33.5,Gain Strength,Beginner,Mixed,7.3,10,6,0.8,76,Legs,1,72,787,1
U7866,37,Male,180,95.9,29.6,Improve Fitness,Advanced,Gym,6.6,4,6,0.87,53,Full Body,3,56,381,1
U7867,25,Male,185,79.7,23.3,Build Muscle,Beginner,Home,6.4,10,0,0.74,67,Upper Body,1,50,489,1
U7868,27,Male,190,105.8,29.3,Improve Fitness,Beginner,Home,6.1,7,0,0.41,51,Full Body,1,45,466,0
U7869,22,Female,172,84.9,28.7,Lose Weight,Intermediate,Gym,6,2,6,0.79,67,Full Body,2,47,420,1
U7870,44,Male,158,69.9,28,Build Muscle,Intermediate,Home,6.8,10,4,1,100,Lower Body,2,63,506,1
U7871,21,Female,187,81.1,23.2,Build Muscle,Intermediate,Gym,6.6,1,2,1,55,Pull,2,55,364,1
U7872,44,Female,157,59.9,24.3,Lose Weight,Beginner,Home,7.1,10,3,0.72,45,Cardio,1,39,339,1
U7873,23,Female,155,63.9,26.6,Build Muscle,Beginner,Home,6,10,3,0.98,50,Legs,1,70,455,1
U7874,27,Male,178,78.3,24.7,Build Muscle,Intermediate,Gym,4.7,3,5,0.33,59,Pull,2,67,701,0
U7875,45,Male,167,60.2,21.6,Gain Strength,Beginner,Gym,8.7,10,3,0.71,91,Pull,1,66,715,1
U7876,23,Male,163,60.8,22.9,Lose Weight,Beginner,Gym,7.8,2,0,0.59,60,Cardio,1,50,499,1
U7877,43,Female,181,55.7,17,Lose Weight,Beginner,Mixed,7.5,1,5,0.77,83,Cardio,1,33,341,1
U7878,38,Female,154,60.2,25.4,Lose Weight,Intermediate,Mixed,9.3,10,6,0.75,86,Lower Body,2,51,502,1
U7879,37,Female,182,76.5,23.1,Build Muscle,Advanced,Gym,6.1,2,3,0.85,70,Pull,3,64,458,1
U7880,18,Male,161,72.6,28,Build Muscle,Beginner,Gym,7.5,9,2,0.58,88,Pull,1,58,604,1
U7881,39,Male,173,62.3,20.8,Build Muscle,Beginner,Home,7.8,4,0,0.95,66,Legs,1,51,352,1
U7882,43,Female,174,89,29.4,Lose Weight,Beginner,Gym,7.5,10,6,0.87,59,Cardio,1,30,227,1
U7883,40,Male,158,63.4,25.4,Gain Strength,Advanced,Home,5.6,8,3,1,41,Legs,3,46,521,1
U7884,41,Male,188,81.3,23,Build Muscle,Intermediate,Gym,6.1,10,2,0.84,100,Pull,2,69,791,1
U7885,26,Female,159,69,27.3,Gain Strength,Beginner,Gym,9.5,3,4,0.47,52,Legs,1,46,477,1
U7886,39,Male,178,65.6,20.7,Build Muscle,Advanced,Gym,7.2,2,6,0.54,60,Pull,3,61,684,1
U7887,18,Female,161,70.2,27.1,Gain Strength,Beginner,Home,5.7,10,0,0.52,66,Lower Body,1,47,462,0
U7888,42,Female,194,87.3,23.2,Build Muscle,Intermediate,Home,8.2,6,1,0.56,61,Upper Body,2,45,390,1
U7889,42,Male,186,93.1,26.9,Build Muscle,Beginner,Mixed,8,2,4,0.98,79,Upper Body,1,50,377,1
U7890,30,Male,153,58.5,25,Lose Weight,Advanced,Gym,7.7,4,5,0.67,67,Cardio,3,46,427,1
U7891,39,Male,192,62.7,17,Lose Weight,Beginner,Home,8.1,1,1,0.76,83,Full Body,1,51,485,1
U7892,35,Male,190,61.4,17,Lose Weight,Beginner,Home,7,0,4,0.57,94,Cardio,1,35,356,1
U7893,42,Female,175,83,27.1,Lose Weight,Advanced,Gym,7.4,2,2,0.64,77,Cardio,3,40,342,1
U7894,29,Male,180,66.7,20.6,Lose Weight,Intermediate,Mixed,7,4,4,0.62,100,Cardio,2,38,279,1
U7895,43,Female,194,115.5,30.7,Lose Weight,Intermediate,Gym,8.3,3,0,0.45,84,Lower Body,2,61,654,1
U7896,38,Male,182,83.8,25.3,Build Muscle,Intermediate,Home,8.4,8,5,0.78,71,Legs,2,67,466,1
U7897,40,Male,159,64.5,25.5,Build Muscle,Beginner,Gym,5.1,1,6,0.58,77,Push,1,67,568,1
U7898,22,Female,180,94.9,29.3,Lose Weight,Beginner,Mixed,6.5,5,4,0.71,47,Full Body,1,51,509,1
U7899,38,Male,176,94.8,30.6,Gain Strength,Beginner,Gym,8.3,3,5,0.84,78,Pull,1,68,702,1
U7900,21,Male,179,99.3,31,Improve Fitness,Beginner,Gym,6.2,9,5,0.56,87,Full Body,1,42,316,1
U7901,35,Male,191,104.7,28.7,Lose Weight,Advanced,Home,5.8,4,0,0.62,97,Cardio,3,37,310,1
U7902,28,Female,156,63.8,26.2,Build Muscle,Intermediate,Gym,8,8,2,0.51,81,Legs,2,64,481,1
U7903,29,Female,151,42.2,18.5,Build Muscle,Beginner,Gym,4.9,7,2,0.85,93,Upper Body,1,40,438,1
U7904,42,Male,168,66,23.4,Gain Strength,Beginner,Gym,6.5,1,3,1,69,Pull,1,64,701,1
U7905,35,Female,179,77.5,24.2,Gain Strength,Intermediate,Gym,9,5,0,0.66,62,Legs,2,52,538,1
U7906,43,Female,163,74.1,27.9,Gain Strength,Intermediate,Gym,6.3,6,6,0.69,52,Lower Body,2,61,432,1
U7907,24,Male,187,88.5,25.3,Build Muscle,Intermediate,Mixed,7.2,1,1,0.89,84,Lower Body,2,59,665,1
U7908,29,Female,167,74.7,26.8,Gain Strength,Intermediate,Gym,7.5,6,3,0.71,81,Pull,2,66,510,1
U7909,39,Male,167,55.2,19.8,Build Muscle,Advanced,Gym,4.5,6,2,0.93,82,Upper Body,3,42,452,1
U7910,39,Female,154,56.9,24,Gain Strength,Intermediate,Gym,8.3,9,1,0.59,61,Pull,2,70,661,0
U7911,37,Female,179,67.3,21,Improve Fitness,Beginner,Home,7.7,0,5,0.44,60,Upper Body,1,53,502,1
U7912,37,Female,178,81.4,25.7,Improve Fitness,Advanced,Mixed,5.8,5,6,0.6,38,Upper Body,3,48,319,1
U7913,26,Male,187,94.4,27,Build Muscle,Intermediate,Gym,6.3,4,5,0.52,52,Pull,2,56,578,1
U7914,37,Female,157,56,22.7,Gain Strength,Beginner,Mixed,5.4,2,1,1,36,Lower Body,1,63,691,1
U7915,40,Male,181,74,22.6,Lose Weight,Intermediate,Mixed,7.2,0,1,0.58,75,Cardio,2,38,412,1
U7916,34,Male,194,79.4,21.1,Build Muscle,Intermediate,Gym,8.8,1,4,0.52,36,Upper Body,2,57,645,1
U7917,39,Male,185,65,19,Gain Strength,Intermediate,Mixed,7.5,4,2,0.7,83,Legs,2,68,479,1
U7918,30,Male,183,89.1,26.6,Lose Weight,Beginner,Gym,6.4,2,6,0.63,66,Cardio,1,34,388,1
U7919,28,Male,194,121.9,32.4,Lose Weight,Beginner,Home,7.9,0,3,1,84,Recovery,1,31,246,1
U7920,31,Male,166,66.7,24.2,Build Muscle,Intermediate,Home,6,10,6,0.76,71,Legs,2,62,527,1
U7921,40,Male,160,61.7,24.1,Build Muscle,Intermediate,Home,6.9,0,0,0.35,90,Full Body,2,47,315,1
U7922,19,Male,176,75.3,24.3,Build Muscle,Intermediate,Home,5.5,2,1,0.81,59,Legs,2,47,451,1
U7923,36,Female,166,74.1,26.9,Improve Fitness,Beginner,Home,8.1,8,2,0.9,69,Upper Body,1,42,464,1
U7924,20,Male,156,55.5,22.8,Build Muscle,Beginner,Home,6.4,8,5,0.59,71,Lower Body,1,62,454,1
U7925,25,Male,158,58.9,23.6,Lose Weight,Beginner,Gym,6.2,0,5,0.51,70,Full Body,1,43,371,1
U7926,37,Female,187,79.4,22.7,Build Muscle,Beginner,Home,5.8,6,2,0.87,98,Lower Body,1,42,358,1
U7927,27,Female,190,102.9,28.5,Gain Strength,Beginner,Gym,6.3,5,5,0.71,95,Pull,1,48,528,1
U7928,27,Female,175,60,19.6,Lose Weight,Beginner,Home,8,8,1,0.46,97,Cardio,1,36,260,1
U7929,29,Male,171,66.4,22.7,Improve Fitness,Intermediate,Gym,9.5,3,4,1,70,Cardio,2,47,449,1
U7930,39,Female,164,57.8,21.5,Build Muscle,Beginner,Mixed,7.3,1,3,0.69,65,Legs,1,59,550,1
U7931,35,Female,166,48.2,17.5,Build Muscle,Beginner,Gym,6.5,2,3,0.52,80,Legs,1,63,460,1
U7932,27,Male,177,89.9,28.7,Gain Strength,Advanced,Home,7.9,2,1,0.78,59,Pull,3,66,475,1
U7933,28,Male,190,91.7,25.4,Lose Weight,Beginner,Gym,8,4,0,0.61,73,Full Body,1,49,402,1
U7934,43,Female,186,82.7,23.9,Gain Strength,Beginner,Gym,8.9,9,4,0.87,81,Upper Body,1,65,700,1
U7935,24,Male,156,42.1,17.3,Improve Fitness,Intermediate,Gym,7.3,9,5,0.69,69,Cardio,2,37,335,1
U7936,29,Male,166,49.3,17.9,Improve Fitness,Beginner,Home,5.9,6,3,0.71,88,Full Body,1,47,428,1
U7937,24,Female,170,63.6,22,Improve Fitness,Intermediate,Mixed,6.7,6,1,1,67,Full Body,2,55,476,1
U7938,23,Male,193,89.4,24,Gain Strength,Intermediate,Home,7,4,3,0.48,80,Upper Body,2,57,382,1
U7939,29,Male,173,65.2,21.8,Build Muscle,Advanced,Gym,7.1,3,3,0.8,100,Push,3,63,491,1
U7940,45,Male,170,54.9,19,Gain Strength,Intermediate,Home,8.1,2,2,0.88,62,Pull,2,52,527,1
U7941,43,Male,175,82.7,27,Build Muscle,Beginner,Mixed,8.9,1,4,0.58,75,Push,1,55,549,1
U7942,20,Male,194,98.6,26.2,Build Muscle,Beginner,Mixed,7.7,8,2,0.86,74,Upper Body,1,51,541,1
U7943,36,Female,195,101.5,26.7,Gain Strength,Beginner,Gym,6.1,6,6,0.75,64,Legs,1,72,471,1
U7944,38,Male,182,63.9,19.3,Build Muscle,Beginner,Home,6.5,0,6,0.77,78,Upper Body,1,43,346,1
U7945,38,Female,153,44.9,19.2,Improve Fitness,Advanced,Gym,6.1,2,6,0.85,79,Cardio,3,39,384,1
U7946,20,Female,154,66.9,28.2,Build Muscle,Beginner,Home,8.6,5,2,0.82,65,Legs,1,70,707,1
U7947,20,Male,164,67.2,25,Build Muscle,Advanced,Gym,8.9,9,3,1,78,Push,3,65,640,1
U7948,29,Male,178,84.6,26.7,Gain Strength,Intermediate,Gym,7.9,6,5,0.72,89,Pull,2,61,567,1
U7949,40,Male,187,100.4,28.7,Gain Strength,Intermediate,Mixed,7.5,10,2,0.66,49,Upper Body,2,46,375,0
U7950,30,Female,165,75.1,27.6,Lose Weight,Beginner,Mixed,7.3,3,1,0.59,55,Recovery,1,25,212,1
U7951,26,Male,180,88.5,27.3,Improve Fitness,Intermediate,Gym,5.3,6,5,0.77,84,Full Body,2,43,436,1
U7952,43,Female,181,87.8,26.8,Build Muscle,Intermediate,Gym,6.7,5,3,0.5,80,Pull,2,49,343,1
U7953,33,Male,162,77.4,29.5,Lose Weight,Beginner,Gym,6.5,9,0,0.81,95,Cardio,1,39,359,1
U7954,44,Male,150,58.3,25.9,Build Muscle,Advanced,Home,6.7,7,0,0.91,60,Upper Body,3,63,642,1
U7955,25,Female,185,65,19,Lose Weight,Advanced,Gym,8,8,5,0.65,67,Full Body,3,55,486,1
U7956,42,Male,195,83.3,21.9,Build Muscle,Advanced,Gym,6.6,3,5,0.97,96,Upper Body,3,52,522,1
U7957,24,Male,168,90.3,32,Build Muscle,Beginner,Gym,8.3,1,6,0.8,50,Pull,1,65,609,1
U7958,29,Female,182,78.5,23.7,Build Muscle,Beginner,Home,9.5,9,1,0.64,94,Push,1,45,333,1
U7959,22,Male,186,85.5,24.7,Build Muscle,Advanced,Gym,4.5,2,3,0.84,90,Pull,3,54,613,1
U7960,41,Female,165,66.2,24.3,Lose Weight,Beginner,Gym,8.5,1,3,0.42,51,Lower Body,1,56,543,1
U7961,20,Female,184,86,25.4,Lose Weight,Advanced,Home,7.6,7,0,0.96,81,Recovery,3,27,269,1
U7962,36,Male,165,53.1,19.5,Gain Strength,Beginner,Mixed,7.3,6,0,0.83,43,Pull,1,55,632,1
U7963,36,Male,183,81.4,24.3,Build Muscle,Beginner,Gym,6.7,9,4,0.6,79,Legs,1,61,490,1
U7964,39,Female,177,61.7,19.7,Build Muscle,Beginner,Mixed,7.6,4,5,0.82,88,Push,1,57,458,1
U7965,24,Male,174,59.9,19.8,Improve Fitness,Beginner,Mixed,5.4,10,3,0.77,67,Full Body,1,59,574,1
U7966,29,Male,154,85.4,36,Build Muscle,Beginner,Mixed,7.6,8,2,0.73,69,Push,1,45,302,1
U7967,38,Female,160,49.7,19.4,Lose Weight,Beginner,Gym,7.7,6,1,0.71,70,Lower Body,1,44,352,1
U7968,34,Male,153,58.3,24.9,Build Muscle,Intermediate,Gym,7.3,10,3,0.41,84,Push,2,48,419,1
U7969,26,Male,189,74.7,20.9,Lose Weight,Intermediate,Gym,6.9,2,6,0.95,98,Cardio,2,45,397,1
U7970,36,Female,182,57.6,17.4,Lose Weight,Beginner,Gym,7.1,4,4,0.77,49,Lower Body,1,42,476,1
U7971,43,Female,178,88.4,27.9,Lose Weight,Beginner,Gym,7.2,5,4,0.75,58,Cardio,1,34,269,1
U7972,39,Male,155,62.9,26.2,Build Muscle,Intermediate,Gym,8,6,1,0.74,64,Pull,2,62,630,1
U7973,32,Female,182,75.2,22.7,Improve Fitness,Beginner,Home,7.3,5,2,0.73,85,Lower Body,1,59,441,1
U7974,36,Male,176,69.7,22.5,Lose Weight,Beginner,Gym,5.8,3,3,0.78,64,Recovery,1,25,263,1
U7975,35,Male,169,79.4,27.8,Lose Weight,Advanced,Gym,7.1,2,3,0.84,56,Cardio,3,47,309,1
U7976,45,Female,181,82.2,25.1,Build Muscle,Beginner,Gym,6.3,3,1,0.5,59,Upper Body,1,44,381,1
U7977,26,Male,168,62.7,22.2,Build Muscle,Beginner,Gym,8.5,6,1,0.62,52,Upper Body,1,46,436,1
U7978,39,Male,188,88.7,25.1,Gain Strength,Advanced,Home,7.1,4,3,0.63,69,Push,3,52,547,1
U7979,42,Female,183,95.8,28.6,Lose Weight,Intermediate,Gym,7.8,0,6,0.83,54,Lower Body,2,53,412,1
U7980,43,Male,167,100.4,36,Improve Fitness,Intermediate,Gym,8.3,7,6,0.81,54,Full Body,2,46,328,1
U7981,18,Female,189,101.8,28.5,Build Muscle,Advanced,Gym,6.5,7,0,0.69,46,Upper Body,3,55,458,1
U7982,26,Female,190,69.7,19.3,Lose Weight,Intermediate,Mixed,7.6,5,3,0.9,82,Full Body,2,56,413,1
U7983,38,Female,171,79.5,27.2,Build Muscle,Beginner,Home,7,8,4,0.65,76,Upper Body,1,47,414,1
U7984,42,Male,156,67.9,27.9,Improve Fitness,Beginner,Mixed,7.1,7,3,0.94,68,Cardio,1,40,353,1
U7985,22,Male,155,49,20.4,Build Muscle,Beginner,Mixed,7.1,3,4,0.74,70,Legs,1,47,389,1
U7986,32,Male,159,75.6,29.9,Lose Weight,Intermediate,Gym,8,9,4,0.46,95,Full Body,2,58,457,1
U7987,21,Female,150,38.2,17,Gain Strength,Beginner,Gym,9.5,4,0,0.67,69,Pull,1,58,578,1
U7988,31,Female,172,71.6,24.2,Build Muscle,Intermediate,Gym,7.5,0,0,0.72,69,Full Body,2,45,313,1
U7989,31,Female,171,87.7,30,Build Muscle,Intermediate,Gym,7.7,4,5,0.55,83,Pull,2,57,545,1
U7990,32,Male,173,79.9,26.7,Lose Weight,Beginner,Mixed,6.5,7,0,0.86,69,Full Body,1,56,513,1
U7991,18,Female,176,73.1,23.6,Gain Strength,Beginner,Mixed,6.8,10,2,0.28,64,Legs,1,68,634,0
U7992,27,Male,181,90.1,27.5,Build Muscle,Intermediate,Gym,7.1,9,3,0.49,86,Legs,2,74,742,1
U7993,32,Female,161,60.1,23.2,Lose Weight,Intermediate,Mixed,5.8,8,6,1,56,Cardio,2,39,284,1
U7994,32,Female,154,66.9,28.2,Build Muscle,Intermediate,Gym,6.3,0,6,0.74,58,Upper Body,2,47,532,1
U7995,20,Male,162,50.7,19.3,Build Muscle,Intermediate,Gym,7.7,7,3,0.79,89,Push,2,46,301,1
U7996,36,Female,191,89,24.4,Gain Strength,Advanced,Gym,9.5,6,3,0.77,80,Push,3,57,623,1
U7997,30,Female,155,45.2,18.8,Build Muscle,Beginner,Home,6.4,7,1,0.81,70,Legs,1,68,572,1
U7998,31,Female,157,62.4,25.3,Gain Strength,Advanced,Gym,6.2,10,2,0.74,73,Upper Body,3,44,424,1
U7999,37,Male,166,53.7,19.5,Improve Fitness,Beginner,Mixed,7.8,2,2,0.41,74,Upper Body,1,46,360,1
U8000,32,Female,164,85.8,31.9,Build Muscle,Intermediate,Home,7.8,5,1,0.84,58,Pull,2,61,597,1
U8001,33,Male,157,78.6,31.9,Lose Weight,Beginner,Home,8.6,6,5,0.57,64,Cardio,1,41,296,1
U8002,26,Male,161,77.2,29.8,Lose Weight,Beginner,Mixed,9.1,5,2,0.49,56,Lower Body,1,52,387,1
U8003,32,Female,151,54.5,23.9,Improve Fitness,Beginner,Home,4.7,5,2,0.72,89,Upper Body,1,62,711,1
U8004,42,Female,189,66.1,18.5,Gain Strength,Advanced,Gym,7.2,2,5,0.62,96,Legs,3,56,499,1
U8005,33,Female,184,74.8,22.1,Build Muscle,Beginner,Gym,8.8,7,4,0.61,83,Lower Body,1,40,412,1
U8006,27,Male,165,69.7,25.6,Lose Weight,Advanced,Mixed,6.9,9,6,0.58,76,Recovery,3,34,237,1
U8007,27,Female,180,73.2,22.6,Lose Weight,Intermediate,Mixed,6.3,3,3,0.99,80,Full Body,2,43,304,1
U8008,40,Female,177,85.2,27.2,Lose Weight,Intermediate,Mixed,6.7,7,0,0.69,68,Recovery,2,34,311,0
U8009,43,Male,181,84.9,25.9,Build Muscle,Intermediate,Gym,7.8,9,3,0.71,60,Push,2,60,517,1
U8010,27,Female,157,68.3,27.7,Lose Weight,Beginner,Gym,7.1,6,1,0.46,39,Full Body,1,46,503,0
U8011,21,Female,180,83.6,25.8,Gain Strength,Intermediate,Mixed,6.2,5,6,0.8,60,Legs,2,67,746,1
U8012,26,Male,194,94.5,25.1,Build Muscle,Beginner,Mixed,6.7,0,1,1,86,Pull,1,46,340,1
U8013,38,Male,155,72.6,30.2,Lose Weight,Intermediate,Gym,7.1,9,3,0.87,73,Cardio,2,37,284,1
U8014,24,Female,154,72.8,30.7,Build Muscle,Intermediate,Gym,7,6,1,0.47,42,Push,2,67,733,0
U8015,41,Female,156,76.7,31.5,Lose Weight,Beginner,Gym,7.6,6,3,0.82,94,Lower Body,1,63,600,1
U8016,28,Male,179,56.4,17.6,Gain Strength,Intermediate,Gym,6.7,7,3,0.68,83,Legs,2,69,490,1
U8017,36,Female,174,65.4,21.6,Build Muscle,Beginner,Gym,5.8,5,0,0.5,89,Upper Body,1,59,519,1
U8018,33,Female,171,62.6,21.4,Lose Weight,Intermediate,Mixed,6.5,9,4,0.83,61,Full Body,2,60,465,1
U8019,24,Female,189,61.8,17.3,Gain Strength,Beginner,Gym,5.4,9,5,0.71,79,Legs,1,73,788,1
U8020,33,Male,181,77.6,23.7,Improve Fitness,Beginner,Gym,7.6,6,4,0.43,48,Full Body,1,45,482,0
U8021,42,Male,172,100.6,34,Lose Weight,Intermediate,Mixed,8.5,0,5,0.86,62,Lower Body,2,62,475,1
U8022,39,Male,154,55.7,23.5,Build Muscle,Beginner,Mixed,7.1,4,1,0.96,78,Full Body,1,59,615,1
U8023,40,Female,159,67.5,26.7,Build Muscle,Intermediate,Home,6.9,1,6,0.86,76,Upper Body,2,51,339,1
U8024,26,Male,168,69.7,24.7,Lose Weight,Advanced,Gym,6.3,1,4,0.7,55,Full Body,3,51,580,1
U8025,32,Male,184,82.3,24.3,Lose Weight,Intermediate,Gym,7.2,8,2,0.29,68,Lower Body,2,57,548,0
U8026,22,Female,178,62.1,19.6,Improve Fitness,Advanced,Mixed,7.6,3,4,0.83,65,Cardio,3,44,298,1
U8027,34,Male,154,63.6,26.8,Build Muscle,Advanced,Mixed,7.8,1,6,0.68,95,Lower Body,3,42,473,1
U8028,27,Male,179,68.9,21.5,Lose Weight,Intermediate,Gym,8.7,9,0,0.68,59,Lower Body,2,42,341,0
U8029,23,Male,156,56,23,Improve Fitness,Beginner,Home,5.9,8,0,0.86,47,Upper Body,1,56,509,0
U8030,43,Male,180,98.2,30.3,Lose Weight,Intermediate,Gym,6.1,4,3,0.87,72,Full Body,2,55,523,1
U8031,34,Male,171,74.9,25.6,Improve Fitness,Advanced,Gym,6.5,3,1,0.78,74,Full Body,3,59,397,1
U8032,39,Male,164,49.5,18.4,Improve Fitness,Intermediate,Home,6,5,1,0.62,60,Lower Body,2,63,486,0
U8033,19,Female,152,68.8,29.8,Build Muscle,Beginner,Gym,7.1,7,0,0.58,64,Legs,1,59,557,1
U8034,42,Male,158,55.9,22.4,Build Muscle,Beginner,Gym,6.8,10,4,0.53,59,Legs,1,50,380,0
U8035,28,Male,181,90.7,27.7,Lose Weight,Beginner,Home,7.3,6,0,0.69,72,Full Body,1,46,452,1
U8036,19,Male,158,60.7,24.3,Lose Weight,Beginner,Home,6.9,2,3,0.81,78,Full Body,1,56,404,1
U8037,21,Female,184,60.6,17.9,Build Muscle,Intermediate,Gym,7,8,2,0.45,81,Full Body,2,48,386,0
U8038,45,Female,166,76.3,27.7,Improve Fitness,Advanced,Gym,6.4,9,0,0.7,40,Full Body,3,51,367,0
U8039,21,Male,159,72.3,28.6,Lose Weight,Intermediate,Home,7.9,3,2,0.93,94,Full Body,2,41,291,1
U8040,31,Female,159,49,19.4,Improve Fitness,Advanced,Mixed,8.1,7,4,0.99,49,Full Body,3,57,556,1
U8041,29,Female,193,88.7,23.8,Build Muscle,Beginner,Mixed,6.7,9,1,0.87,36,Lower Body,1,43,489,0
U8042,27,Male,186,111.1,32.1,Lose Weight,Beginner,Gym,7,3,2,0.88,71,Recovery,1,24,242,1
U8043,24,Male,188,94,26.6,Gain Strength,Advanced,Gym,4.5,7,5,0.65,84,Legs,3,64,552,1
U8044,33,Female,156,62.5,25.7,Build Muscle,Intermediate,Home,5.3,4,2,0.73,59,Push,2,47,488,1
U8045,26,Male,156,50.4,20.7,Build Muscle,Beginner,Gym,5.4,1,3,0.83,88,Pull,1,47,536,1
U8046,25,Male,179,107,33.4,Lose Weight,Intermediate,Gym,5.5,0,3,0.86,84,Cardio,2,39,342,1
U8047,24,Female,192,81.5,22.1,Build Muscle,Intermediate,Mixed,6.1,0,2,0.52,64,Pull,2,56,604,1
U8048,41,Male,162,66.7,25.4,Lose Weight,Advanced,Home,8.6,1,6,0.92,47,Full Body,3,46,404,1
U8049,43,Female,154,50.3,21.2,Build Muscle,Advanced,Home,8.5,10,2,0.59,71,Upper Body,3,58,589,1
U8050,29,Male,168,48.8,17.3,Lose Weight,Beginner,Gym,8.4,8,3,0.38,47,Full Body,1,53,570,0
U8051,37,Male,153,67.7,28.9,Gain Strength,Beginner,Gym,9.2,0,2,0.67,71,Legs,1,71,800,1
U8052,37,Male,184,95.8,28.3,Lose Weight,Intermediate,Mixed,7.4,7,2,0.65,64,Lower Body,2,44,289,1
U8053,37,Male,171,52.3,17.9,Gain Strength,Beginner,Home,7.4,5,3,0.7,65,Pull,1,61,451,1
U8054,39,Male,161,52.6,20.3,Lose Weight,Beginner,Home,6.1,1,2,0.83,85,Recovery,1,26,257,1
U8055,34,Female,156,56.2,23.1,Lose Weight,Intermediate,Gym,6.6,6,5,0.57,86,Cardio,2,36,407,1
U8056,24,Female,151,56.1,24.6,Lose Weight,Beginner,Mixed,7.5,3,6,0.78,67,Cardio,1,30,276,1
U8057,37,Female,177,61.4,19.6,Build Muscle,Intermediate,Home,6,4,2,0.92,61,Upper Body,2,51,487,1
U8058,45,Male,182,75.5,22.8,Improve Fitness,Beginner,Mixed,5.9,4,2,0.5,60,Lower Body,1,54,385,0
U8059,38,Female,186,109.3,31.6,Lose Weight,Intermediate,Gym,7.8,6,0,0.63,88,Full Body,2,42,410,1
U8060,19,Female,169,68.3,23.9,Build Muscle,Beginner,Gym,8.6,7,6,1,87,Push,1,69,675,1
U8061,32,Female,161,64.5,24.9,Gain Strength,Intermediate,Gym,7.9,5,2,0.72,44,Legs,2,58,442,1
U8062,38,Female,195,82.9,21.8,Gain Strength,Beginner,Home,6.1,1,4,0.6,98,Upper Body,1,49,422,1
U8063,24,Female,186,101,29.2,Lose Weight,Intermediate,Gym,7.6,6,0,0.87,43,Cardio,2,49,455,1
U8064,45,Female,189,98.6,27.6,Build Muscle,Advanced,Gym,8.1,8,1,0.32,83,Legs,3,46,497,1
U8065,44,Female,180,59.9,18.5,Improve Fitness,Beginner,Gym,4.9,5,3,0.96,56,Full Body,1,56,457,1
U8066,21,Female,181,70.4,21.5,Improve Fitness,Intermediate,Gym,8.2,10,3,0.67,69,Cardio,2,39,331,1
U8067,41,Female,160,60.7,23.7,Build Muscle,Intermediate,Mixed,7.5,8,1,0.68,73,Lower Body,2,53,500,1
U8068,45,Male,178,71,22.4,Build Muscle,Beginner,Mixed,7.5,0,3,0.78,100,Pull,1,49,502,1
U8069,23,Male,195,87.1,22.9,Build Muscle,Intermediate,Mixed,6.9,1,0,0.76,86,Push,2,61,540,1
U8070,36,Female,170,57.5,19.9,Gain Strength,Intermediate,Home,7.2,0,4,0.27,67,Lower Body,2,42,364,1
U8071,29,Male,178,91.9,29,Lose Weight,Intermediate,Mixed,6.3,8,1,0.75,64,Cardio,2,33,332,1
U8072,24,Male,167,58.3,20.9,Gain Strength,Beginner,Gym,8.2,3,0,0.53,76,Lower Body,1,51,337,1
U8073,32,Female,168,72.8,25.8,Build Muscle,Intermediate,Gym,6.2,2,2,0.75,57,Pull,2,59,412,1
U8074,39,Male,194,100.5,26.7,Lose Weight,Beginner,Gym,5.7,5,5,0.66,68,Lower Body,1,53,396,1
U8075,22,Male,160,74.8,29.2,Lose Weight,Beginner,Home,7.3,6,3,0.89,80,Lower Body,1,43,436,1
U8076,32,Male,195,101.9,26.8,Build Muscle,Beginner,Gym,6.7,7,5,0.9,66,Lower Body,1,47,351,1
U8077,27,Female,172,50.9,17.2,Gain Strength,Advanced,Home,6.9,9,1,0.8,47,Pull,3,56,520,1
U8078,23,Male,170,60.1,20.8,Build Muscle,Advanced,Gym,5.7,10,0,0.86,97,Legs,3,64,504,1
U8079,41,Male,170,68.2,23.6,Lose Weight,Advanced,Gym,7.7,9,0,0.81,95,Full Body,3,57,382,1
U8080,28,Male,153,51,21.8,Gain Strength,Intermediate,Home,6.9,0,0,0.66,73,Legs,2,62,408,1
U8081,41,Female,172,103.5,35,Gain Strength,Beginner,Home,7.1,4,5,0.57,54,Legs,1,48,423,1
U8082,26,Male,173,89.2,29.8,Improve Fitness,Intermediate,Gym,6.2,7,0,0.84,61,Upper Body,2,46,415,1
U8083,21,Female,193,71.5,19.2,Build Muscle,Beginner,Home,7.8,5,0,0.61,78,Push,1,56,564,1
U8084,32,Male,162,69.8,26.6,Improve Fitness,Beginner,Mixed,7.7,0,0,0.67,82,Full Body,1,53,475,1
U8085,27,Female,169,58.8,20.6,Build Muscle,Advanced,Gym,4.5,3,3,0.85,74,Full Body,3,53,604,1
U8086,36,Female,165,59.6,21.9,Build Muscle,Intermediate,Gym,5.5,8,4,0.35,72,Pull,2,55,628,0
U8087,32,Male,179,100.6,31.4,Build Muscle,Intermediate,Home,6.9,1,1,0.65,71,Push,2,63,720,1
U8088,30,Female,170,97.4,33.7,Lose Weight,Beginner,Home,7.9,9,1,0.55,72,Cardio,1,30,279,1
U8089,31,Female,173,77.5,25.9,Gain Strength,Advanced,Mixed,5.9,6,3,0.86,59,Legs,3,60,549,1
U8090,23,Female,192,67.1,18.2,Lose Weight,Beginner,Gym,7.2,6,3,0.71,71,Full Body,1,50,419,1
U8091,23,Male,177,66.7,21.3,Build Muscle,Intermediate,Gym,6.4,8,1,0.92,78,Push,2,50,442,1
U8092,28,Male,164,55.1,20.5,Build Muscle,Beginner,Gym,5,7,5,0.56,74,Full Body,1,55,475,1
U8093,24,Female,176,67.5,21.8,Build Muscle,Intermediate,Gym,6.3,9,4,0.61,70,Lower Body,2,41,394,1
U8094,29,Male,159,70.3,27.8,Lose Weight,Advanced,Gym,7.1,8,3,0.73,68,Lower Body,3,53,604,1
U8095,34,Female,154,53.1,22.4,Build Muscle,Intermediate,Gym,8.1,0,3,0.85,100,Full Body,2,46,310,1
U8096,21,Male,175,83,27.1,Lose Weight,Intermediate,Gym,6.6,6,5,0.56,86,Lower Body,2,44,319,1
U8097,27,Female,195,80.2,21.1,Build Muscle,Intermediate,Mixed,8,0,4,0.58,77,Upper Body,2,49,363,1
U8098,35,Female,152,46.2,20,Build Muscle,Intermediate,Mixed,8,9,1,0.5,76,Pull,2,68,489,1
U8099,38,Male,153,55.5,23.7,Improve Fitness,Beginner,Gym,7.2,3,5,0.65,65,Recovery,1,20,172,1
U8100,36,Male,164,67.8,25.2,Improve Fitness,Beginner,Gym,6,4,0,0.54,66,Recovery,1,24,166,0
U8101,19,Male,176,70.6,22.8,Build Muscle,Beginner,Mixed,6,1,1,0.89,66,Pull,1,49,426,1
U8102,26,Female,175,72,23.5,Build Muscle,Beginner,Gym,5.6,4,4,1,100,Upper Body,1,50,413,1
U8103,23,Male,156,51.6,21.2,Build Muscle,Intermediate,Gym,8.4,9,4,0.7,96,Push,2,47,425,1
U8104,36,Male,163,68.8,25.9,Improve Fitness,Beginner,Home,7.2,3,0,0.27,58,Full Body,1,43,322,0
U8105,44,Male,165,67,24.6,Gain Strength,Intermediate,Mixed,7.3,10,1,0.5,61,Push,2,69,733,0
U8106,22,Female,189,95.7,26.8,Lose Weight,Intermediate,Mixed,5.6,1,5,0.74,90,Cardio,2,50,362,1
U8107,23,Female,154,61.9,26.1,Lose Weight,Beginner,Home,7.5,5,3,0.36,59,Cardio,1,39,444,1
U8108,35,Female,176,102.5,33.1,Lose Weight,Beginner,Gym,6.4,10,4,0.95,62,Full Body,1,51,484,1
U8109,41,Male,189,83.2,23.3,Build Muscle,Advanced,Gym,7.7,10,4,0.74,77,Legs,3,45,322,1
U8110,34,Male,176,65.4,21.1,Build Muscle,Intermediate,Gym,5.9,3,1,0.56,64,Upper Body,2,50,523,1
U8111,22,Female,163,62.4,23.5,Build Muscle,Intermediate,Gym,8.2,8,3,0.74,79,Pull,2,47,342,1
U8112,32,Female,169,71.7,25.1,Build Muscle,Intermediate,Gym,5.9,2,1,0.72,73,Push,2,48,477,1
U8113,29,Male,152,64,27.7,Build Muscle,Intermediate,Gym,5.9,9,3,0.35,74,Pull,2,57,457,0
U8114,45,Female,182,86.1,26,Improve Fitness,Intermediate,Mixed,6.9,1,1,0.73,85,Recovery,2,35,351,1
U8115,38,Female,178,71.6,22.6,Lose Weight,Intermediate,Gym,6.8,6,4,0.73,53,Cardio,2,32,237,1
U8116,33,Female,187,83.6,23.9,Build Muscle,Advanced,Gym,7,4,2,1,67,Full Body,3,58,441,1
U8117,31,Female,182,83.8,25.3,Improve Fitness,Intermediate,Gym,8.1,8,3,0.57,92,Upper Body,2,45,360,1
U8118,18,Male,158,79.6,31.9,Build Muscle,Beginner,Gym,7.1,10,0,0.62,96,Push,1,52,556,1
U8119,19,Male,178,88.1,27.8,Build Muscle,Intermediate,Home,7.2,10,2,0.98,91,Push,2,54,522,1
U8120,43,Male,185,79.1,23.1,Lose Weight,Advanced,Gym,7.4,0,3,0.82,72,Full Body,3,52,441,1
U8121,19,Male,194,70.4,18.7,Improve Fitness,Intermediate,Mixed,6.1,4,6,0.48,79,Lower Body,2,46,457,1
U8122,29,Male,168,55,19.5,Build Muscle,Intermediate,Gym,7.3,5,5,1,93,Legs,2,59,474,1
U8123,34,Female,174,51.5,17,Build Muscle,Beginner,Home,5.7,9,2,0.58,54,Lower Body,1,47,472,0
U8124,35,Male,179,56.4,17.6,Improve Fitness,Beginner,Gym,7.1,0,0,0.85,86,Full Body,1,51,420,1
U8125,37,Male,175,68.9,22.5,Gain Strength,Intermediate,Gym,6.8,9,2,0.78,70,Legs,2,48,327,1
U8126,37,Male,165,76,27.9,Build Muscle,Intermediate,Mixed,7.6,6,2,0.65,44,Upper Body,2,42,435,1
U8127,29,Female,172,91.1,30.8,Gain Strength,Beginner,Home,6.3,10,6,0.78,43,Lower Body,1,42,390,1
U8128,37,Female,165,66.7,24.5,Gain Strength,Intermediate,Gym,7.2,1,6,0.75,100,Lower Body,2,63,592,1
U8129,20,Male,190,78.7,21.8,Improve Fitness,Intermediate,Gym,8,8,5,0.81,61,Cardio,2,32,313,1
U8130,38,Female,162,73.2,27.9,Build Muscle,Intermediate,Gym,6.9,8,3,0.88,100,Push,2,61,433,1
U8131,40,Male,185,85.9,25.1,Build Muscle,Intermediate,Home,6.8,3,6,0.91,92,Upper Body,2,60,561,1
U8132,24,Male,173,62.3,20.8,Improve Fitness,Intermediate,Gym,6.6,2,0,0.84,70,Lower Body,2,47,344,1
U8133,39,Female,170,59.2,20.5,Lose Weight,Intermediate,Gym,7.7,7,4,0.84,66,Lower Body,2,63,609,1
U8134,34,Male,161,64.3,24.8,Build Muscle,Intermediate,Gym,6.5,9,0,0.52,64,Upper Body,2,65,700,0
U8135,18,Male,172,73.4,24.8,Lose Weight,Beginner,Gym,5.5,8,6,0.64,73,Lower Body,1,60,684,1
U8136,26,Male,183,98.8,29.5,Gain Strength,Intermediate,Gym,6.8,9,2,0.5,68,Lower Body,2,63,485,0
U8137,25,Female,171,64.6,22.1,Build Muscle,Beginner,Gym,7.7,10,1,0.66,31,Legs,1,65,444,0
U8138,44,Female,188,127.2,36,Build Muscle,Beginner,Gym,7.3,1,1,0.74,48,Push,1,69,786,1
U8139,37,Male,187,64,18.3,Gain Strength,Intermediate,Home,7,4,2,0.78,82,Upper Body,2,55,373,1
U8140,32,Female,152,58.9,25.5,Build Muscle,Beginner,Mixed,5.8,5,1,0.27,70,Legs,1,60,503,0
U8141,41,Male,178,70.7,22.3,Build Muscle,Beginner,Home,5.7,3,6,0.87,48,Full Body,1,46,492,1
U8142,33,Female,173,81.1,27.1,Build Muscle,Advanced,Gym,5.5,10,0,0.74,86,Lower Body,3,44,389,1
U8143,26,Male,171,67.5,23.1,Build Muscle,Beginner,Gym,9,3,4,1,75,Push,1,65,513,1
U8144,21,Female,168,75.6,26.8,Gain Strength,Intermediate,Mixed,8.3,6,3,0.82,78,Push,2,67,571,1
U8145,41,Female,168,62.9,22.3,Lose Weight,Beginner,Gym,5.2,1,2,0.47,100,Lower Body,1,51,428,1
U8146,32,Male,155,62.2,25.9,Lose Weight,Intermediate,Gym,6.8,7,5,0.95,60,Full Body,2,46,406,1
U8147,40,Female,167,75,26.9,Gain Strength,Intermediate,Gym,7.2,5,4,0.8,66,Push,2,62,701,1
U8148,27,Male,179,65.4,20.4,Lose Weight,Intermediate,Gym,6.2,1,2,0.58,71,Full Body,2,59,472,1
U8149,39,Male,174,54.5,18,Gain Strength,Advanced,Gym,5.7,1,1,0.74,70,Legs,3,73,789,1
U8150,27,Male,190,91.3,25.3,Build Muscle,Beginner,Gym,7.1,4,1,1,73,Lower Body,1,53,432,1
U8151,45,Female,151,52.2,22.9,Improve Fitness,Beginner,Mixed,7.2,1,5,0.9,71,Full Body,1,47,385,1
U8152,27,Male,184,92.8,27.4,Lose Weight,Intermediate,Gym,7.5,3,5,0.67,73,Cardio,2,34,223,1
U8153,21,Female,159,78.9,31.2,Build Muscle,Beginner,Gym,7.4,9,0,0.54,67,Pull,1,64,492,0
U8154,35,Female,168,48,17,Lose Weight,Intermediate,Mixed,7.3,5,2,0.96,51,Full Body,2,42,332,1
U8155,29,Female,155,60.3,25.1,Lose Weight,Advanced,Gym,8.2,7,1,0.92,91,Full Body,3,49,552,1
U8156,34,Male,172,50.3,17,Build Muscle,Beginner,Gym,7.7,0,2,0.45,57,Pull,1,53,479,1
U8157,36,Female,164,75,27.9,Build Muscle,Beginner,Gym,7.3,1,2,0.85,58,Push,1,57,573,1
U8158,28,Male,189,109.7,30.7,Lose Weight,Advanced,Home,7.9,5,0,0.88,55,Recovery,3,35,245,1
U8159,18,Female,161,76.2,29.4,Lose Weight,Intermediate,Gym,6.8,7,1,0.61,81,Full Body,2,48,397,1
U8160,40,Male,154,63.8,26.9,Lose Weight,Advanced,Gym,6.2,0,2,1,99,Full Body,3,45,396,1
U8161,21,Female,188,95.4,27,Build Muscle,Intermediate,Home,7.6,4,3,0.78,48,Pull,2,66,477,1
U8162,21,Female,186,86.5,25,Lose Weight,Beginner,Home,7.2,7,2,0.62,67,Recovery,1,32,271,1
U8163,35,Male,193,63.3,17,Build Muscle,Intermediate,Gym,5.9,2,6,0.89,97,Pull,2,66,581,1
U8164,33,Female,151,46.7,20.5,Lose Weight,Beginner,Home,7.3,8,2,0.92,64,Full Body,1,51,511,1
U8165,38,Female,191,99.6,27.3,Build Muscle,Intermediate,Gym,7.1,10,4,0.93,52,Upper Body,2,51,377,1
U8166,28,Female,168,56.2,19.9,Improve Fitness,Beginner,Gym,7.4,8,6,0.74,71,Upper Body,1,48,482,1
U8167,21,Female,187,94.1,26.9,Gain Strength,Beginner,Gym,6.1,0,0,0.47,64,Push,1,49,512,0
U8168,30,Female,188,80.9,22.9,Build Muscle,Advanced,Gym,6.8,1,6,0.95,83,Upper Body,3,65,727,1
U8169,21,Male,173,79.9,26.7,Lose Weight,Intermediate,Gym,7.3,5,4,0.64,59,Full Body,2,53,586,1
U8170,41,Female,183,65.3,19.5,Improve Fitness,Beginner,Gym,6.3,8,0,0.71,54,Lower Body,1,59,393,0
U8171,25,Male,152,58.2,25.2,Lose Weight,Intermediate,Gym,6.9,6,3,0.65,89,Full Body,2,53,468,1
U8172,45,Male,192,62.7,17,Build Muscle,Beginner,Home,6.7,10,0,0.3,75,Push,1,50,560,0
U8173,38,Male,159,70,27.7,Build Muscle,Intermediate,Mixed,5.6,7,5,0.5,46,Pull,2,60,505,0
U8174,29,Male,192,91.4,24.8,Gain Strength,Intermediate,Home,6.7,6,1,0.67,66,Legs,2,62,525,1
U8175,44,Male,166,56.2,20.4,Gain Strength,Beginner,Gym,8.3,8,2,0.77,54,Upper Body,1,45,334,1
U8176,28,Female,163,57.4,21.6,Gain Strength,Intermediate,Gym,6.1,5,4,0.97,82,Upper Body,2,63,645,1
U8177,32,Male,163,63.8,24,Improve Fitness,Intermediate,Gym,9,9,4,0.98,68,Upper Body,2,56,632,1
U8178,22,Male,177,71.4,22.8,Gain Strength,Intermediate,Mixed,6.7,1,1,0.55,98,Legs,2,49,382,1
U8179,19,Male,169,58,20.3,Build Muscle,Beginner,Gym,8.1,8,4,0.84,67,Upper Body,1,52,568,1
U8180,21,Male,166,88.5,32.1,Improve Fitness,Intermediate,Home,5.4,4,6,0.71,64,Lower Body,2,45,516,1
U8181,43,Male,184,96.5,28.5,Lose Weight,Beginner,Gym,7.5,0,1,0.41,90,Full Body,1,45,398,1
U8182,28,Male,176,82.1,26.5,Lose Weight,Beginner,Gym,6,3,0,0.66,52,Recovery,1,28,277,0
U8183,31,Female,176,73.7,23.8,Build Muscle,Beginner,Gym,7.3,4,2,0.66,65,Push,1,48,498,1
U8184,35,Male,172,52.4,17.7,Lose Weight,Intermediate,Home,7.5,9,1,0.37,72,Full Body,2,54,392,0
U8185,25,Male,192,62.7,17,Gain Strength,Beginner,Mixed,7.2,9,1,0.72,78,Legs,1,74,502,1
U8186,18,Female,171,82.2,28.1,Gain Strength,Beginner,Home,8.3,2,1,0.43,71,Legs,1,72,493,1
U8187,40,Female,187,115,32.9,Improve Fitness,Advanced,Home,7.2,7,4,0.57,70,Cardio,3,34,339,1
U8188,24,Female,160,58.6,22.9,Gain Strength,Intermediate,Gym,5.8,7,6,0.88,80,Push,2,47,416,1
U8189,31,Female,195,71.9,18.9,Improve Fitness,Beginner,Gym,7,7,0,0.62,47,Full Body,1,43,474,0
U8190,25,Female,165,50.6,18.6,Gain Strength,Beginner,Home,5.7,6,3,0.71,65,Push,1,57,552,1
U8191,34,Male,192,75.6,20.5,Build Muscle,Intermediate,Mixed,6.7,10,2,0.85,77,Upper Body,2,60,622,1
U8192,44,Male,178,90.9,28.7,Gain Strength,Beginner,Gym,6.8,6,4,1,77,Pull,1,70,735,1
U8193,31,Female,164,60.2,22.4,Build Muscle,Intermediate,Gym,7.2,0,4,0.5,67,Push,2,69,678,1
U8194,33,Male,182,87.1,26.3,Gain Strength,Intermediate,Gym,7.8,0,3,0.65,100,Push,2,69,606,1
U8195,32,Male,166,65.6,23.8,Build Muscle,Advanced,Gym,5.3,10,5,0.94,81,Push,3,49,529,1
U8196,24,Male,167,71.1,25.5,Lose Weight,Beginner,Mixed,6.6,3,1,0.79,96,Cardio,1,47,362,1
U8197,27,Male,182,83.8,25.3,Lose Weight,Beginner,Gym,5.5,7,2,0.2,77,Lower Body,1,59,397,0
U8198,36,Female,157,50.3,20.4,Gain Strength,Advanced,Gym,7,8,6,0.57,58,Pull,3,46,425,1
U8199,35,Male,182,70.6,21.3,Gain Strength,Intermediate,Gym,6.4,8,0,0.86,80,Upper Body,2,49,324,1
U8200,25,Male,154,46,19.4,Gain Strength,Beginner,Gym,5.9,1,5,0.79,87,Legs,1,50,395,1
U8201,38,Male,158,72.1,28.9,Build Muscle,Beginner,Gym,6,2,2,0.9,45,Pull,1,53,517,1
U8202,34,Male,186,81.6,23.6,Gain Strength,Beginner,Gym,7.6,9,0,0.35,100,Upper Body,1,46,524,0
U8203,25,Female,167,83.9,30.1,Build Muscle,Intermediate,Home,7.8,0,1,0.55,70,Upper Body,2,45,400,1
U8204,31,Female,150,62.6,27.8,Gain Strength,Beginner,Gym,5.9,5,0,0.69,85,Lower Body,1,65,450,1
U8205,26,Female,176,56.4,18.2,Improve Fitness,Intermediate,Gym,7.5,1,1,0.4,57,Lower Body,2,53,487,0
U8206,39,Male,165,61,22.4,Lose Weight,Intermediate,Gym,7.7,3,6,0.59,73,Full Body,2,53,409,1
U8207,43,Female,159,54.6,21.6,Lose Weight,Intermediate,Home,6.5,10,5,0.95,54,Full Body,2,60,652,1
U8208,42,Male,182,91.8,27.7,Improve Fitness,Advanced,Gym,7.1,4,2,0.62,53,Lower Body,3,45,396,1
U8209,40,Male,161,51.1,19.7,Gain Strength,Intermediate,Mixed,6.3,4,0,0.69,81,Upper Body,2,50,443,1
U8210,25,Female,158,57.9,23.2,Build Muscle,Beginner,Gym,6.8,7,2,0.7,79,Upper Body,1,55,423,1
U8211,41,Female,185,93.1,27.2,Build Muscle,Intermediate,Gym,5.6,5,5,0.67,90,Full Body,2,52,390,1
U8212,45,Female,186,65.7,19,Lose Weight,Beginner,Gym,7.2,6,1,0.69,63,Cardio,1,34,365,1
U8213,23,Male,164,83.9,31.2,Lose Weight,Beginner,Home,7.1,7,4,0.99,72,Full Body,1,44,358,1
U8214,26,Male,194,99.4,26.4,Build Muscle,Intermediate,Gym,6.5,6,1,0.62,78,Upper Body,2,52,590,1
U8215,31,Female,187,92,26.3,Lose Weight,Intermediate,Gym,7.8,5,4,0.79,51,Full Body,2,57,470,1
U8216,42,Female,177,66.1,21.1,Build Muscle,Intermediate,Home,8,1,2,0.37,76,Legs,2,45,368,1
U8217,24,Male,167,66.9,24,Lose Weight,Beginner,Gym,8,9,2,0.79,62,Lower Body,1,42,407,1
U8218,35,Female,164,57.8,21.5,Lose Weight,Intermediate,Mixed,6.5,7,3,0.82,37,Full Body,2,43,439,1
U8219,33,Male,169,72,25.2,Lose Weight,Intermediate,Gym,6.1,1,4,0.75,77,Recovery,2,34,373,1
U8220,31,Male,177,54.8,17.5,Gain Strength,Advanced,Home,6.9,4,5,0.75,73,Legs,3,64,608,1
U8221,33,Male,179,76.9,24,Build Muscle,Intermediate,Mixed,5.8,4,4,0.53,51,Lower Body,2,58,662,0
U8222,33,Female,186,92.7,26.8,Gain Strength,Intermediate,Gym,7,8,2,0.71,46,Legs,2,71,761,0
U8223,28,Female,192,89.9,24.4,Lose Weight,Beginner,Gym,7.8,4,3,0.39,63,Cardio,1,47,404,1
U8224,28,Male,191,65.3,17.9,Gain Strength,Intermediate,Gym,6.6,0,4,0.56,77,Lower Body,2,61,496,1
U8225,20,Female,190,91,25.2,Lose Weight,Advanced,Gym,8.5,7,2,0.71,77,Cardio,3,36,385,1
U8226,31,Male,154,52.6,22.2,Improve Fitness,Beginner,Home,5.9,8,3,0.87,90,Full Body,1,50,408,1
U8227,18,Female,156,66.9,27.5,Lose Weight,Intermediate,Gym,7.2,5,5,0.54,89,Full Body,2,45,468,1
U8228,33,Female,191,98.1,26.9,Improve Fitness,Beginner,Gym,9.3,10,5,0.51,84,Full Body,1,42,281,1
U8229,43,Female,177,84,26.8,Build Muscle,Beginner,Home,6.7,6,3,0.97,78,Pull,1,54,535,1
U8230,20,Male,162,54.1,20.6,Lose Weight,Beginner,Home,7,7,5,0.55,64,Cardio,1,32,211,1
U8231,40,Male,167,76.7,27.5,Lose Weight,Beginner,Gym,8.2,9,4,0.76,60,Lower Body,1,44,365,1
U8232,21,Male,159,66,26.1,Build Muscle,Beginner,Mixed,7.9,1,1,0.37,73,Full Body,1,54,477,1
U8233,44,Male,150,53.3,23.7,Gain Strength,Intermediate,Home,8.1,8,6,0.79,79,Pull,2,56,392,1
U8234,30,Male,178,71.3,22.5,Build Muscle,Intermediate,Gym,7.1,1,4,0.89,71,Push,2,62,561,1
U8235,41,Female,163,67,25.2,Lose Weight,Beginner,Gym,5.4,3,3,0.71,41,Recovery,1,23,253,1
U8236,32,Female,165,60.7,22.3,Improve Fitness,Intermediate,Home,7.2,2,4,0.86,57,Cardio,2,30,320,1
U8237,37,Male,171,76.3,26.1,Lose Weight,Intermediate,Home,8.7,0,5,0.6,48,Full Body,2,42,389,1
U8238,44,Female,172,76,25.7,Build Muscle,Intermediate,Gym,5.8,7,5,0.57,85,Legs,2,70,491,1
U8239,27,Male,193,120.7,32.4,Lose Weight,Beginner,Gym,6,8,4,0.59,65,Lower Body,1,64,449,0
U8240,19,Male,158,55.4,22.2,Lose Weight,Intermediate,Home,9.2,5,1,0.62,66,Full Body,2,44,381,1
U8241,29,Male,179,100.3,31.3,Build Muscle,Beginner,Gym,7.7,6,3,0.9,58,Legs,1,48,461,1
U8242,40,Female,190,80.5,22.3,Lose Weight,Advanced,Home,6,1,5,0.86,90,Lower Body,3,51,523,1
U8243,35,Female,163,58.5,22,Lose Weight,Intermediate,Gym,6.7,0,3,0.66,48,Full Body,2,43,405,1
U8244,38,Male,150,48.8,21.7,Build Muscle,Beginner,Home,8,8,4,0.56,73,Legs,1,59,391,1
U8245,37,Female,161,49.2,19,Improve Fitness,Intermediate,Mixed,6.9,8,5,0.62,53,Recovery,2,29,204,1
U8246,23,Female,168,78.5,27.8,Lose Weight,Beginner,Mixed,8,6,4,0.55,68,Full Body,1,53,345,1
U8247,36,Male,152,57.1,24.7,Lose Weight,Advanced,Gym,5.1,1,6,0.47,91,Full Body,3,50,520,1
U8248,35,Male,168,56.4,20,Gain Strength,Advanced,Gym,8.5,9,5,0.48,81,Upper Body,3,41,460,1
U8249,20,Female,160,59.4,23.2,Build Muscle,Beginner,Gym,6.9,9,1,1,53,Pull,1,47,483,1
U8250,27,Male,168,76.2,27,Lose Weight,Advanced,Gym,7.7,4,3,1,55,Full Body,3,60,462,1
U8251,33,Female,180,71,21.9,Lose Weight,Intermediate,Gym,8,7,6,0.68,65,Full Body,2,50,392,1
U8252,35,Male,179,91.3,28.5,Gain Strength,Advanced,Gym,6.8,9,5,0.56,82,Upper Body,3,41,392,1
U8253,42,Female,166,71.9,26.1,Build Muscle,Intermediate,Gym,6.8,6,4,0.66,58,Full Body,2,44,461,1
U8254,27,Male,177,86.2,27.5,Build Muscle,Beginner,Gym,6.7,8,5,0.58,52,Pull,1,68,774,1
U8255,42,Male,166,71.9,26.1,Lose Weight,Beginner,Mixed,6.5,3,2,0.36,53,Full Body,1,51,434,0
U8256,39,Female,179,75.3,23.5,Build Muscle,Intermediate,Gym,6.9,9,0,0.68,66,Legs,2,69,485,1
U8257,29,Female,184,62,18.3,Gain Strength,Beginner,Home,6.1,3,6,0.93,87,Legs,1,56,505,1
U8258,42,Female,190,97.1,26.9,Gain Strength,Beginner,Mixed,7.6,9,6,0.88,55,Lower Body,1,60,416,1
U8259,27,Male,171,71.9,24.6,Lose Weight,Intermediate,Mixed,5.9,3,2,0.52,77,Full Body,2,42,439,1
U8260,37,Female,161,73.9,28.5,Gain Strength,Beginner,Home,6.9,0,1,1,75,Push,1,50,574,1
U8261,41,Male,169,60.5,21.2,Lose Weight,Beginner,Gym,5.9,6,1,0.9,73,Full Body,1,55,435,1
U8262,19,Male,189,97.5,27.3,Improve Fitness,Intermediate,Gym,4.5,0,3,0.76,64,Cardio,2,36,263,1
U8263,36,Female,183,62.3,18.6,Build Muscle,Beginner,Gym,7,9,3,0.92,100,Push,1,65,731,1
U8264,23,Female,189,91.1,25.5,Build Muscle,Intermediate,Gym,6.3,5,2,0.58,86,Full Body,2,58,462,1
U8265,37,Female,150,45.7,20.3,Build Muscle,Advanced,Mixed,7.8,3,5,0.77,74,Pull,3,53,558,1
U8266,27,Female,184,60.6,17.9,Gain Strength,Beginner,Gym,6.7,10,4,0.46,63,Upper Body,1,57,518,0
U8267,43,Female,163,75.5,28.4,Lose Weight,Beginner,Home,8.5,1,1,0.76,63,Full Body,1,41,339,1
U8268,20,Female,175,95.6,31.2,Gain Strength,Advanced,Gym,6.5,9,4,0.52,82,Legs,3,63,505,1
U8269,37,Female,173,79,26.4,Build Muscle,Beginner,Gym,6.5,9,2,0.74,78,Lower Body,1,56,621,1
U8270,32,Male,163,67.5,25.4,Build Muscle,Beginner,Home,7.6,1,5,0.63,79,Upper Body,1,53,443,1
U8271,23,Male,156,59.9,24.6,Improve Fitness,Beginner,Gym,6.6,9,2,0.68,70,Full Body,1,54,483,1
U8272,43,Male,179,59,18.4,Gain Strength,Intermediate,Gym,6.4,8,5,0.73,51,Legs,2,57,633,1
U8273,31,Male,178,69.4,21.9,Lose Weight,Advanced,Mixed,9.5,9,1,0.52,66,Full Body,3,59,412,1
U8274,20,Female,173,62.9,21,Improve Fitness,Intermediate,Gym,7,2,1,0.57,68,Lower Body,2,58,605,1
U8275,32,Male,174,65.1,21.5,Gain Strength,Beginner,Mixed,8.3,9,2,0.73,56,Legs,1,70,681,1
U8276,30,Male,179,89.7,28,Lose Weight,Beginner,Mixed,6,6,2,0.44,71,Full Body,1,42,428,1
U8277,36,Male,174,98.4,32.5,Gain Strength,Beginner,Home,5.1,6,3,0.48,83,Legs,1,56,447,0
U8278,36,Male,191,79.5,21.8,Lose Weight,Advanced,Home,7.8,0,6,0.57,74,Recovery,3,34,348,1
U8279,38,Female,152,73.5,31.8,Build Muscle,Intermediate,Home,5.8,6,6,0.9,82,Pull,2,48,446,1
U8280,27,Female,187,63.6,18.2,Gain Strength,Intermediate,Gym,7.7,10,0,0.73,73,Lower Body,2,53,370,1
U8281,38,Male,160,66.3,25.9,Lose Weight,Beginner,Gym,6.7,10,6,0.73,75,Full Body,1,42,394,1
U8282,41,Female,175,84.5,27.6,Build Muscle,Beginner,Mixed,5.4,7,1,0.95,54,Lower Body,1,53,395,1
U8283,35,Female,182,91.8,27.7,Build Muscle,Intermediate,Gym,7.2,2,0,0.49,79,Pull,2,55,549,1
U8284,43,Female,150,46.1,20.5,Build Muscle,Advanced,Mixed,8.3,0,1,0.59,49,Push,3,52,406,1
U8285,43,Female,180,100.1,30.9,Lose Weight,Intermediate,Gym,7.3,7,4,0.88,59,Cardio,2,47,501,1
U8286,35,Female,158,42.4,17,Improve Fitness,Beginner,Home,8.9,6,6,0.72,79,Cardio,1,32,296,1
U8287,28,Female,159,69,27.3,Lose Weight,Intermediate,Gym,6.7,1,6,0.76,95,Full Body,2,49,426,1
U8288,28,Female,155,58.6,24.4,Lose Weight,Advanced,Home,8.1,4,5,0.36,88,Cardio,3,50,569,1
U8289,40,Female,153,42.4,18.1,Lose Weight,Intermediate,Mixed,8.2,4,1,0.79,70,Cardio,2,41,349,1
U8290,19,Male,174,73,24.1,Lose Weight,Beginner,Gym,6.8,6,1,0.57,68,Cardio,1,35,322,1
U8291,25,Male,179,108.3,33.8,Build Muscle,Beginner,Gym,8.5,0,4,0.56,76,Lower Body,1,40,453,1
U8292,26,Female,156,60.6,24.9,Gain Strength,Intermediate,Gym,6.9,6,1,0.54,78,Upper Body,2,51,548,0
U8293,37,Male,151,64.1,28.1,Build Muscle,Intermediate,Gym,6.2,0,6,1,94,Legs,2,64,431,1
U8294,26,Male,178,84.9,26.8,Build Muscle,Intermediate,Home,5.7,6,1,0.79,76,Push,2,54,441,1
U8295,33,Female,191,97.4,26.7,Build Muscle,Beginner,Gym,8.8,10,5,0.69,100,Push,1,50,528,1
U8296,26,Female,160,67.1,26.2,Improve Fitness,Beginner,Home,6.8,6,2,1,84,Recovery,1,35,333,1
U8297,27,Male,165,61.5,22.6,Build Muscle,Intermediate,Gym,7.2,5,4,0.83,69,Pull,2,45,456,1
U8298,26,Male,162,65.9,25.1,Build Muscle,Advanced,Gym,6.2,0,6,0.42,73,Push,3,49,374,1
U8299,25,Male,168,70.8,25.1,Gain Strength,Beginner,Gym,7.7,1,2,0.62,51,Legs,1,65,633,1
U8300,40,Male,189,72.9,20.4,Lose Weight,Intermediate,Gym,8.3,5,6,0.6,65,Full Body,2,58,432,1
U8301,29,Female,157,57.2,23.2,Gain Strength,Beginner,Gym,6.4,2,4,0.6,58,Legs,1,49,517,1
U8302,33,Male,192,112.1,30.4,Build Muscle,Advanced,Home,7.8,3,5,0.94,93,Push,3,57,475,1
U8303,39,Male,180,55.1,17,Lose Weight,Beginner,Gym,7.5,0,1,0.61,88,Cardio,1,46,330,1
U8304,31,Female,162,56.2,21.4,Build Muscle,Beginner,Gym,5.9,3,5,0.46,67,Full Body,1,58,465,1
U8305,32,Male,153,66.2,28.3,Gain Strength,Beginner,Mixed,7.4,9,1,0.5,100,Push,1,64,463,1
U8306,24,Female,192,100.3,27.2,Build Muscle,Intermediate,Gym,8,10,0,0.95,47,Lower Body,2,63,698,1
U8307,33,Male,188,73.2,20.7,Build Muscle,Advanced,Gym,8,6,2,0.57,67,Legs,3,68,518,1
U8308,28,Female,179,77.5,24.2,Gain Strength,Beginner,Home,5.7,2,6,0.66,85,Push,1,46,435,1
U8309,33,Female,189,98.6,27.6,Build Muscle,Intermediate,Mixed,8.3,7,3,0.9,78,Upper Body,2,52,374,1
U8310,20,Male,166,71.4,25.9,Lose Weight,Intermediate,Gym,7.4,10,6,0.61,56,Lower Body,2,57,416,1
U8311,22,Male,152,49.9,21.6,Build Muscle,Advanced,Gym,6.7,0,4,0.6,78,Push,3,56,465,1
U8312,43,Female,163,67.2,25.3,Lose Weight,Beginner,Gym,7.4,10,4,0.78,89,Cardio,1,39,386,1
U8313,44,Female,195,93.2,24.5,Build Muscle,Beginner,Home,8.2,5,6,0.81,88,Legs,1,61,516,1
U8314,21,Female,157,77.2,31.3,Lose Weight,Intermediate,Gym,7.7,10,1,0.74,73,Recovery,2,22,208,1
U8315,20,Male,159,56.9,22.5,Build Muscle,Intermediate,Gym,6.5,4,0,0.88,57,Pull,2,55,605,1
U8316,21,Male,190,113,31.3,Lose Weight,Beginner,Gym,6.9,7,6,1,61,Recovery,1,33,309,1
U8317,20,Female,152,59.1,25.6,Gain Strength,Beginner,Mixed,6.7,8,6,0.58,87,Push,1,69,783,1
U8318,39,Male,171,58.2,19.9,Build Muscle,Intermediate,Home,6.4,6,2,0.83,83,Upper Body,2,53,345,1
U8319,37,Male,166,51.5,18.7,Improve Fitness,Advanced,Gym,7.7,2,2,0.74,58,Cardio,3,34,228,1
U8320,38,Female,171,62,21.2,Improve Fitness,Beginner,Gym,4.9,9,1,1,87,Cardio,1,42,355,1
U8321,37,Female,177,59.8,19.1,Lose Weight,Beginner,Gym,8,9,2,0.62,85,Recovery,1,24,236,1
U8322,33,Female,164,60.2,22.4,Lose Weight,Intermediate,Gym,6.7,3,0,0.67,62,Full Body,2,45,373,1
U8323,19,Male,185,104,30.4,Build Muscle,Advanced,Home,8.1,5,5,0.74,87,Pull,3,70,578,1
U8324,24,Female,190,63.9,17.7,Build Muscle,Beginner,Gym,5.7,0,0,0.81,83,Lower Body,1,40,439,1
U8325,31,Female,166,70.8,25.7,Lose Weight,Beginner,Gym,5,2,1,0.53,78,Full Body,1,50,446,1
U8326,19,Male,193,129.3,34.7,Lose Weight,Intermediate,Gym,8.4,7,2,1,77,Recovery,2,33,303,1
U8327,19,Male,193,96.5,25.9,Build Muscle,Beginner,Gym,6,3,5,0.89,70,Pull,1,53,542,1
U8328,35,Female,156,66.7,27.4,Gain Strength,Intermediate,Home,7.1,9,5,0.77,70,Push,2,58,455,1
U8329,45,Male,166,70,25.4,Build Muscle,Intermediate,Gym,8.2,10,2,0.49,49,Push,2,59,635,0
U8330,26,Male,161,68.2,26.3,Build Muscle,Intermediate,Gym,8.7,5,1,1,53,Legs,2,58,517,1
U8331,18,Female,150,51.3,22.8,Improve Fitness,Intermediate,Gym,5.5,8,4,0.62,88,Cardio,2,50,447,1
U8332,23,Female,158,60.9,24.4,Gain Strength,Beginner,Gym,6.7,1,4,0.82,60,Push,1,65,696,1
U8333,35,Male,177,97.7,31.2,Build Muscle,Intermediate,Mixed,7.1,0,5,0.65,80,Push,2,47,488,1
U8334,23,Female,165,77.3,28.4,Build Muscle,Beginner,Mixed,8.9,2,1,0.68,88,Pull,1,66,601,1
U8335,35,Male,168,70.3,24.9,Lose Weight,Intermediate,Gym,6.4,6,0,0.58,55,Lower Body,2,41,296,0
U8336,40,Female,159,54.1,21.4,Gain Strength,Beginner,Home,8.3,5,1,0.85,53,Legs,1,74,618,1
U8337,40,Male,163,45.7,17.2,Build Muscle,Intermediate,Gym,5.9,6,6,0.58,67,Pull,2,46,410,1
U8338,25,Male,179,94.2,29.4,Improve Fitness,Intermediate,Home,6.5,1,6,1,46,Lower Body,2,64,597,1
U8339,21,Male,156,56,23,Build Muscle,Beginner,Mixed,8,9,4,0.87,66,Pull,1,58,412,1
U8340,30,Male,151,65.4,28.7,Build Muscle,Beginner,Gym,8,0,0,0.6,76,Full Body,1,54,423,1
U8341,26,Female,191,100.3,27.5,Lose Weight,Intermediate,Gym,6.4,9,4,1,59,Cardio,2,31,353,1
U8342,19,Female,195,95.4,25.1,Gain Strength,Advanced,Mixed,5.7,5,5,0.74,55,Upper Body,3,48,520,1
U8343,44,Female,167,65,23.3,Gain Strength,Advanced,Gym,5.4,6,5,0.86,77,Lower Body,3,55,444,1
U8344,24,Female,191,106.2,29.1,Build Muscle,Intermediate,Gym,6.7,0,5,0.92,72,Upper Body,2,57,377,1
U8345,24,Female,192,92.2,25,Lose Weight,Advanced,Home,9.4,6,4,0.63,90,Cardio,3,40,305,1
U8346,26,Female,154,62.8,26.5,Build Muscle,Beginner,Home,6.5,3,1,0.48,56,Legs,1,63,721,1
U8347,32,Male,158,72.9,29.2,Build Muscle,Intermediate,Gym,9,10,1,0.74,74,Legs,2,55,424,1
U8348,20,Female,168,78.5,27.8,Gain Strength,Advanced,Gym,7.2,5,1,0.92,76,Pull,3,70,690,1
U8349,28,Male,181,82.2,25.1,Gain Strength,Advanced,Gym,6.3,1,2,0.55,30,Legs,3,63,580,1
U8350,27,Female,154,70.4,29.7,Lose Weight,Intermediate,Home,6.9,4,0,0.65,42,Recovery,2,26,215,0
U8351,28,Male,187,76.2,21.8,Gain Strength,Beginner,Gym,6.3,9,4,0.58,76,Pull,1,54,534,1
U8352,26,Female,188,88.4,25,Lose Weight,Intermediate,Gym,5.6,2,6,0.49,52,Lower Body,2,63,714,1
U8353,32,Female,194,120.8,32.1,Gain Strength,Beginner,Gym,8.7,9,2,0.57,42,Push,1,60,494,0
U8354,44,Female,188,88.4,25,Lose Weight,Beginner,Gym,7.2,2,6,0.78,83,Full Body,1,43,444,1
U8355,30,Male,162,69.3,26.4,Lose Weight,Beginner,Mixed,5.9,5,5,0.77,84,Lower Body,1,51,487,1
U8356,20,Female,154,51,21.5,Improve Fitness,Beginner,Gym,7.4,2,1,0.62,100,Upper Body,1,45,509,1
U8357,42,Male,188,66.8,18.9,Gain Strength,Intermediate,Home,8.4,10,6,0.42,98,Push,2,59,504,1
U8358,32,Female,161,51.1,19.7,Gain Strength,Intermediate,Gym,7.3,1,1,0.43,51,Legs,2,74,528,0
U8359,41,Female,160,72.4,28.3,Improve Fitness,Intermediate,Gym,8.2,8,3,0.76,83,Full Body,2,47,535,1
U8360,41,Female,172,85.5,28.9,Improve Fitness,Intermediate,Mixed,6.3,10,3,0.47,71,Full Body,2,50,371,0
U8361,29,Female,153,51.7,22.1,Build Muscle,Beginner,Gym,7.5,10,0,0.82,61,Lower Body,1,55,604,1
U8362,25,Female,183,92.1,27.5,Lose Weight,Beginner,Home,7.8,4,0,0.85,65,Full Body,1,42,419,1
U8363,43,Female,167,77.5,27.8,Lose Weight,Intermediate,Gym,7.7,9,0,0.84,97,Full Body,2,43,348,1
U8364,31,Male,175,79.3,25.9,Gain Strength,Advanced,Home,6.4,5,0,0.52,88,Legs,3,75,588,1
U8365,27,Female,194,97.9,26,Lose Weight,Beginner,Gym,8.9,7,3,0.35,85,Cardio,1,33,274,1
U8366,22,Female,167,65.3,23.4,Improve Fitness,Beginner,Gym,6.7,7,0,0.58,85,Recovery,1,25,228,0
U8367,28,Female,155,65.1,27.1,Lose Weight,Beginner,Gym,5.8,3,0,0.75,82,Cardio,1,36,234,1
U8368,28,Male,173,75.4,25.2,Lose Weight,Intermediate,Gym,8.3,6,2,0.67,38,Full Body,2,55,627,1
U8369,30,Female,155,60.8,25.3,Improve Fitness,Advanced,Gym,7.3,8,6,0.78,88,Full Body,3,53,373,1
U8370,44,Female,183,56.9,17,Build Muscle,Beginner,Home,6.8,4,1,0.55,53,Legs,1,65,442,1
U8371,32,Male,171,70.8,24.2,Improve Fitness,Beginner,Home,7.9,0,3,0.77,61,Upper Body,1,45,504,1
U8372,23,Male,150,53.8,23.9,Build Muscle,Intermediate,Gym,8.1,8,6,0.84,63,Legs,2,64,434,1
U8373,39,Female,166,60.3,21.9,Lose Weight,Beginner,Gym,5.2,7,2,0.64,45,Cardio,1,33,308,0
U8374,34,Female,179,106.4,33.2,Lose Weight,Advanced,Mixed,6.2,3,4,0.92,99,Full Body,3,43,303,1
U8375,18,Female,167,70.8,25.4,Lose Weight,Intermediate,Gym,7,5,4,0.48,64,Full Body,2,57,376,1
U8376,29,Male,182,103.3,31.2,Gain Strength,Intermediate,Mixed,7.5,7,1,0.73,91,Pull,2,59,616,1
U8377,36,Female,156,66.7,27.4,Build Muscle,Intermediate,Mixed,6.9,7,5,0.76,60,Full Body,2,46,448,1
U8378,19,Female,195,84,22.1,Gain Strength,Beginner,Gym,6.9,2,2,0.82,53,Upper Body,1,65,522,1
U8379,31,Female,152,57.3,24.8,Build Muscle,Beginner,Gym,6.7,7,2,0.56,66,Full Body,1,44,422,0
U8380,26,Female,153,39.8,17,Lose Weight,Beginner,Mixed,6.3,3,6,0.52,67,Cardio,1,48,441,1
U8381,25,Male,163,45.2,17,Build Muscle,Beginner,Gym,7.3,8,1,0.88,70,Push,1,45,426,1
U8382,35,Male,193,99.1,26.6,Build Muscle,Beginner,Gym,6.5,1,6,0.44,72,Lower Body,1,52,378,1
U8383,33,Male,195,104.2,27.4,Gain Strength,Intermediate,Home,5.6,8,5,0.64,68,Push,2,55,573,1
U8384,19,Male,163,95.6,36,Build Muscle,Intermediate,Gym,7.3,7,1,0.38,39,Push,2,60,479,0
U8385,18,Male,151,62.9,27.6,Build Muscle,Beginner,Home,9.5,8,4,0.67,66,Pull,1,47,425,1
U8386,32,Female,163,69.9,26.3,Build Muscle,Beginner,Home,6.2,2,1,0.26,87,Legs,1,57,538,0
U8387,24,Male,155,52.6,21.9,Build Muscle,Intermediate,Home,8.3,3,0,0.58,73,Upper Body,2,58,544,1
U8388,37,Female,176,87,28.1,Build Muscle,Intermediate,Gym,8.3,3,2,0.76,74,Push,2,64,654,1
U8389,18,Male,189,96.8,27.1,Gain Strength,Intermediate,Gym,7.6,2,4,0.49,52,Push,2,67,655,1
U8390,25,Female,190,61.4,17,Improve Fitness,Advanced,Mixed,7.9,8,2,0.65,84,Recovery,3,21,158,1
U8391,35,Female,169,74.8,26.2,Build Muscle,Beginner,Gym,6,1,2,0.7,65,Legs,1,75,780,1
U8392,36,Male,195,83.3,21.9,Gain Strength,Beginner,Home,8.1,7,3,1,88,Pull,1,47,390,1
U8393,25,Male,187,85.3,24.4,Gain Strength,Beginner,Home,8.5,5,4,1,51,Legs,1,73,488,1
U8394,24,Female,165,80.6,29.6,Lose Weight,Intermediate,Gym,7.9,2,2,0.93,84,Cardio,2,48,515,1
U8395,32,Male,166,64.8,23.5,Lose Weight,Intermediate,Gym,9.3,0,1,0.78,65,Cardio,2,48,503,1
U8396,33,Female,167,74.2,26.6,Build Muscle,Advanced,Mixed,8.2,8,2,0.74,77,Pull,3,47,357,1
U8397,33,Female,190,89.9,24.9,Improve Fitness,Intermediate,Home,6.4,2,4,0.57,50,Full Body,2,51,542,1
U8398,34,Male,154,73.3,30.9,Gain Strength,Beginner,Mixed,6.9,5,6,0.2,77,Lower Body,1,40,335,0
U8399,25,Female,189,93.2,26.1,Improve Fitness,Beginner,Home,5,6,3,0.57,58,Lower Body,1,63,536,0
U8400,38,Female,170,61.8,21.4,Lose Weight,Intermediate,Gym,8.4,5,5,0.69,65,Full Body,2,40,267,1
U8401,30,Male,172,86.4,29.2,Build Muscle,Beginner,Gym,7.6,6,4,0.41,62,Pull,1,64,669,1
U8402,40,Male,172,76.6,25.9,Gain Strength,Beginner,Gym,6.1,7,3,1,73,Lower Body,1,60,588,1
U8403,26,Female,163,56.6,21.3,Lose Weight,Intermediate,Gym,5.9,3,6,0.89,62,Lower Body,2,65,640,1
U8404,45,Male,183,87.4,26.1,Build Muscle,Beginner,Home,5.8,3,5,0.73,62,Lower Body,1,54,494,1
U8405,28,Male,174,70.2,23.2,Build Muscle,Beginner,Gym,6.2,5,2,0.9,64,Full Body,1,55,603,1
U8406,19,Male,188,84.5,23.9,Lose Weight,Beginner,Home,7,9,0,1,85,Full Body,1,43,411,1
U8407,18,Male,177,87.1,27.8,Build Muscle,Beginner,Gym,5.4,3,0,0.6,89,Pull,1,49,350,1
U8408,44,Male,174,59.3,19.6,Gain Strength,Beginner,Gym,7.2,3,0,0.53,57,Upper Body,1,41,343,0
U8409,35,Male,186,109.3,31.6,Improve Fitness,Intermediate,Home,7.9,6,5,0.9,83,Full Body,2,47,359,1
U8410,21,Male,192,88.1,23.9,Build Muscle,Intermediate,Home,6.3,2,6,0.65,69,Push,2,56,480,1
U8411,24,Female,168,90.3,32,Gain Strength,Intermediate,Gym,5.6,2,2,0.62,58,Push,2,45,489,1
U8412,40,Female,165,78.7,28.9,Build Muscle,Beginner,Gym,9.1,2,2,0.78,77,Pull,1,50,502,1
U8413,24,Female,168,70.3,24.9,Build Muscle,Beginner,Home,7.6,3,0,0.86,78,Legs,1,69,614,1
U8414,21,Male,169,76,26.6,Build Muscle,Beginner,Home,8,8,2,0.4,72,Pull,1,47,341,0
U8415,39,Female,157,63.6,25.8,Gain Strength,Beginner,Gym,7.6,2,0,0.69,74,Legs,1,75,780,1
U8416,38,Female,151,49,21.5,Lose Weight,Advanced,Gym,5.1,5,4,0.9,54,Cardio,3,39,309,1
U8417,18,Female,150,53.6,23.8,Build Muscle,Intermediate,Home,6.3,4,4,1,70,Upper Body,2,62,574,1
U8418,33,Male,192,85.5,23.2,Gain Strength,Beginner,Gym,7.9,0,2,1,78,Legs,1,61,436,1
U8419,28,Male,183,76.7,22.9,Lose Weight,Advanced,Mixed,7.9,0,1,0.44,72,Full Body,3,55,360,1
U8420,35,Male,150,74,32.9,Lose Weight,Beginner,Gym,7.3,6,1,0.74,72,Full Body,1,56,390,1
U8421,18,Male,187,79.7,22.8,Build Muscle,Intermediate,Gym,7.4,6,6,0.86,67,Lower Body,2,55,412,1
U8422,37,Male,190,61.4,17,Lose Weight,Beginner,Mixed,7.6,10,2,1,66,Full Body,1,59,652,1
U8423,19,Female,184,62,18.3,Improve Fitness,Intermediate,Home,7.8,0,2,1,79,Lower Body,2,59,566,1
U8424,31,Female,190,114.4,31.7,Improve Fitness,Advanced,Gym,8,4,5,0.85,64,Full Body,3,41,358,1
U8425,20,Male,161,66.6,25.7,Build Muscle,Intermediate,Home,7.1,6,2,0.71,68,Legs,2,60,526,1
U8426,32,Female,188,89.8,25.4,Lose Weight,Intermediate,Gym,5.7,4,6,0.87,58,Cardio,2,37,423,1
U8427,40,Male,164,62.9,23.4,Build Muscle,Intermediate,Gym,7.5,7,0,0.55,42,Full Body,2,48,493,0
U8428,41,Male,187,80.1,22.9,Lose Weight,Advanced,Mixed,5.5,0,4,0.85,54,Recovery,3,31,217,1
U8429,23,Male,163,81.6,30.7,Build Muscle,Intermediate,Mixed,7.1,9,5,0.73,42,Push,2,57,597,1
U8430,18,Female,190,90.6,25.1,Improve Fitness,Beginner,Mixed,7,1,1,0.49,73,Cardio,1,39,402,1
U8431,20,Female,167,63.6,22.8,Gain Strength,Beginner,Gym,6.9,8,0,0.72,64,Upper Body,1,65,475,0
U8432,34,Female,176,79,25.5,Gain Strength,Beginner,Gym,7,9,3,0.81,64,Upper Body,1,41,430,1
U8433,18,Female,163,53.1,20,Gain Strength,Beginner,Gym,6.3,0,4,0.98,86,Pull,1,69,458,1
U8434,24,Male,159,74.8,29.6,Gain Strength,Beginner,Home,8.5,8,6,0.64,76,Lower Body,1,45,511,1
U8435,34,Male,163,65.9,24.8,Build Muscle,Advanced,Mixed,7.8,6,3,0.67,73,Upper Body,3,42,456,1
U8436,32,Female,182,82.1,24.8,Build Muscle,Beginner,Mixed,7.7,1,4,0.84,73,Lower Body,1,57,373,1
U8437,36,Female,155,60.1,25,Build Muscle,Advanced,Home,7.3,1,3,1,46,Lower Body,3,40,263,1
U8438,30,Female,188,72.1,20.4,Lose Weight,Beginner,Gym,7.8,1,5,0.77,75,Full Body,1,42,314,1
U8439,30,Male,174,82.7,27.3,Build Muscle,Intermediate,Mixed,7.3,4,1,0.62,81,Upper Body,2,50,335,1
U8440,36,Female,158,61.4,24.6,Build Muscle,Intermediate,Mixed,6.6,0,4,0.84,81,Upper Body,2,57,619,1
U8441,26,Male,182,84.1,25.4,Build Muscle,Intermediate,Mixed,9,2,5,0.96,87,Full Body,2,54,498,1
U8442,39,Male,156,85.9,35.3,Build Muscle,Intermediate,Gym,6.9,1,2,0.64,84,Upper Body,2,54,425,1
U8443,30,Male,181,76.7,23.4,Lose Weight,Advanced,Gym,7.1,4,2,0.54,81,Lower Body,3,49,466,1
U8444,20,Female,162,48,18.3,Build Muscle,Beginner,Gym,7,3,1,0.72,65,Push,1,51,491,1
U8445,34,Female,170,49.4,17.1,Gain Strength,Beginner,Home,5.2,0,6,0.59,80,Legs,1,62,464,1
U8446,24,Male,184,87,25.7,Build Muscle,Intermediate,Gym,7.1,4,0,0.56,77,Lower Body,2,42,367,1
U8447,44,Male,183,56.9,17,Gain Strength,Intermediate,Mixed,4.5,7,3,0.68,63,Upper Body,2,45,294,0
U8448,18,Male,155,69.2,28.8,Build Muscle,Beginner,Mixed,7.3,9,2,1,63,Legs,1,48,360,1
U8449,40,Male,180,85.9,26.5,Lose Weight,Intermediate,Gym,6.8,4,4,0.97,68,Cardio,2,30,333,1
U8450,29,Female,154,66.6,28.1,Build Muscle,Beginner,Gym,5.9,8,0,0.65,70,Legs,1,47,407,1
U8451,40,Male,181,97.6,29.8,Gain Strength,Intermediate,Gym,4.7,2,5,0.66,66,Pull,2,47,494,1
U8452,27,Female,195,64.6,17,Lose Weight,Beginner,Gym,6.6,2,2,0.44,37,Lower Body,1,59,500,0
U8453,26,Female,162,61.4,23.4,Lose Weight,Intermediate,Home,6.8,4,1,0.68,75,Lower Body,2,57,595,1
U8454,39,Male,150,46.8,20.8,Lose Weight,Beginner,Gym,9.1,10,5,0.71,91,Full Body,1,43,437,1
U8455,22,Female,154,41.3,17.4,Gain Strength,Advanced,Gym,6.2,9,1,0.84,68,Pull,3,58,590,1
U8456,44,Female,160,51.2,20,Build Muscle,Beginner,Gym,5.1,10,5,0.85,81,Legs,1,63,546,1
U8457,31,Female,169,72.8,25.5,Build Muscle,Beginner,Home,6.6,0,5,0.52,71,Legs,1,46,472,1
U8458,18,Female,171,55.6,19,Lose Weight,Beginner,Gym,6.3,3,6,0.95,44,Recovery,1,32,233,1
U8459,20,Female,188,96.5,27.3,Improve Fitness,Intermediate,Gym,8.7,0,6,0.87,77,Upper Body,2,55,596,1
U8460,31,Female,161,58.6,22.6,Lose Weight,Advanced,Mixed,6.4,1,4,0.32,72,Full Body,3,42,423,1
U8461,38,Male,173,68.2,22.8,Improve Fitness,Intermediate,Gym,6.3,9,4,0.72,72,Recovery,2,24,199,1
U8462,34,Female,192,80.4,21.8,Build Muscle,Beginner,Gym,8.9,7,2,0.85,85,Full Body,1,58,627,1
U8463,27,Male,178,76.4,24.1,Build Muscle,Beginner,Home,7.7,5,6,0.56,81,Legs,1,49,343,1
U8464,43,Male,192,87,23.6,Lose Weight,Intermediate,Home,6,5,6,0.72,67,Full Body,2,53,385,1
U8465,45,Male,188,121.2,34.3,Improve Fitness,Advanced,Home,7.6,10,0,1,88,Full Body,3,60,458,1
U8466,28,Male,175,75.6,24.7,Build Muscle,Beginner,Mixed,6.6,3,1,0.41,58,Push,1,57,450,0
U8467,20,Female,163,72.5,27.3,Build Muscle,Advanced,Gym,6.8,9,3,0.79,41,Legs,3,67,616,1
U8468,35,Female,164,71,26.4,Gain Strength,Beginner,Mixed,8.3,6,6,0.4,77,Push,1,61,475,1
U8469,40,Male,174,91.1,30.1,Lose Weight,Intermediate,Gym,8.9,9,4,0.63,83,Cardio,2,43,338,1
U8470,35,Male,164,82,30.5,Build Muscle,Intermediate,Gym,7.5,9,6,0.95,71,Upper Body,2,49,400,1
U8471,34,Female,176,81.2,26.2,Build Muscle,Beginner,Mixed,6.4,1,4,0.69,78,Upper Body,1,45,470,1
U8472,33,Female,157,53.2,21.6,Lose Weight,Advanced,Gym,6.9,2,6,0.86,100,Full Body,3,58,447,1
U8473,31,Female,194,64,17,Gain Strength,Intermediate,Mixed,9.3,2,3,0.67,86,Upper Body,2,42,378,1
U8474,23,Female,193,109.5,29.4,Lose Weight,Beginner,Gym,8.8,5,1,0.59,68,Cardio,1,37,319,1
U8475,32,Male,169,69.4,24.3,Improve Fitness,Beginner,Mixed,6.7,4,5,0.96,70,Upper Body,1,53,524,1
U8476,26,Male,170,51.2,17.7,Build Muscle,Beginner,Mixed,6.4,0,1,0.44,68,Push,1,69,494,1
U8477,28,Male,171,79.8,27.3,Improve Fitness,Intermediate,Home,6.4,4,2,0.65,67,Full Body,2,57,636,1
U8478,35,Male,158,62.7,25.1,Build Muscle,Advanced,Gym,7.7,0,2,0.87,100,Legs,3,55,467,1
U8479,43,Male,170,72.2,25,Build Muscle,Intermediate,Home,7.9,2,3,0.43,66,Full Body,2,57,435,1
U8480,24,Female,194,88.1,23.4,Lose Weight,Intermediate,Gym,6,4,5,0.62,70,Full Body,2,51,356,1
U8481,41,Male,174,67.8,22.4,Gain Strength,Intermediate,Mixed,9.5,4,1,0.81,100,Lower Body,2,50,426,1
U8482,40,Male,172,91.1,30.8,Build Muscle,Beginner,Mixed,6.4,7,1,0.73,65,Legs,1,59,672,1
U8483,29,Male,164,64,23.8,Lose Weight,Advanced,Gym,6,8,5,0.64,77,Lower Body,3,46,474,1
U8484,41,Female,155,62.2,25.9,Build Muscle,Beginner,Gym,7.4,5,2,0.71,84,Upper Body,1,62,645,1
U8485,25,Male,164,62.9,23.4,Lose Weight,Beginner,Mixed,8.6,4,3,0.39,81,Cardio,1,43,489,1
U8486,42,Female,177,83.3,26.6,Lose Weight,Beginner,Mixed,6.4,8,3,0.66,78,Lower Body,1,55,378,1
U8487,35,Male,161,73.4,28.3,Gain Strength,Intermediate,Gym,5.2,6,4,0.83,65,Pull,2,48,381,1
U8488,25,Male,160,74.8,29.2,Build Muscle,Intermediate,Mixed,5.1,0,5,1,58,Full Body,2,51,480,1
U8489,37,Male,168,86.1,30.5,Lose Weight,Beginner,Mixed,7,0,4,0.57,75,Cardio,1,38,340,1
U8490,24,Female,161,74.7,28.8,Build Muscle,Beginner,Gym,5.4,3,1,0.85,71,Legs,1,71,480,1
U8491,42,Male,157,66.3,26.9,Lose Weight,Intermediate,Mixed,7.1,0,2,0.62,55,Cardio,2,41,325,1
U8492,45,Male,184,92.4,27.3,Lose Weight,Beginner,Home,7.8,4,3,0.84,78,Cardio,1,45,298,1
U8493,37,Female,192,105.1,28.5,Lose Weight,Beginner,Gym,8.6,10,4,0.38,36,Cardio,1,35,308,0
U8494,40,Male,153,74.2,31.7,Gain Strength,Beginner,Gym,5.6,2,4,0.52,67,Lower Body,1,59,675,1
U8495,23,Male,167,49.1,17.6,Gain Strength,Advanced,Mixed,6.7,1,5,0.55,68,Lower Body,3,62,405,1
U8496,27,Female,158,64.2,25.7,Gain Strength,Intermediate,Gym,6.7,6,6,0.65,75,Push,2,62,627,1
U8497,35,Male,151,65.9,28.9,Gain Strength,Advanced,Gym,8.9,3,2,0.68,99,Legs,3,55,631,1
U8498,36,Male,180,91.4,28.2,Lose Weight,Intermediate,Gym,5.7,1,0,0.49,63,Lower Body,2,63,711,0
U8499,24,Male,166,84.3,30.6,Improve Fitness,Beginner,Gym,6.5,4,6,0.38,68,Full Body,1,56,505,1
U8500,27,Female,195,64.6,17,Lose Weight,Intermediate,Gym,5.9,4,5,0.61,74,Recovery,2,27,305,1
U8501,22,Male,153,67.4,28.8,Build Muscle,Intermediate,Home,7.9,9,2,0.51,66,Lower Body,2,62,412,0
U8502,32,Female,184,84,24.8,Gain Strength,Beginner,Gym,6.8,3,2,0.67,46,Pull,1,46,378,1
U8503,37,Female,191,71.9,19.7,Build Muscle,Advanced,Gym,6.7,7,3,0.2,81,Upper Body,3,57,489,0
U8504,44,Female,180,60.6,18.7,Lose Weight,Intermediate,Home,7.9,0,5,0.83,63,Cardio,2,38,366,1
U8505,38,Female,159,72.6,28.7,Build Muscle,Beginner,Gym,7.9,4,0,0.66,65,Push,1,48,402,1
U8506,44,Female,150,65.5,29.1,Gain Strength,Beginner,Gym,7.4,8,4,0.91,36,Legs,1,49,468,1
U8507,31,Male,190,89.9,24.9,Build Muscle,Intermediate,Mixed,5.4,10,4,0.72,82,Push,2,51,518,1
U8508,30,Female,152,73.5,31.8,Lose Weight,Beginner,Gym,6.1,0,2,0.63,70,Full Body,1,55,515,1
U8509,43,Female,168,57.6,20.4,Improve Fitness,Advanced,Mixed,8.2,0,0,0.71,73,Upper Body,3,43,326,1
U8510,30,Female,175,83,27.1,Build Muscle,Intermediate,Home,7,10,1,0.57,71,Push,2,48,428,0
U8511,34,Female,166,57.6,20.9,Gain Strength,Intermediate,Home,7.2,8,6,0.9,54,Legs,2,59,663,1
U8512,27,Male,195,68.8,18.1,Lose Weight,Intermediate,Gym,7.2,2,1,0.58,72,Full Body,2,55,358,1
U8513,18,Female,193,96.1,25.8,Build Muscle,Intermediate,Home,4.7,4,2,0.84,54,Lower Body,2,47,315,1
U8514,33,Female,186,84.4,24.4,Lose Weight,Beginner,Home,6.4,1,1,0.62,97,Cardio,1,49,361,1
U8515,20,Female,175,79,25.8,Lose Weight,Beginner,Gym,8.1,6,2,0.75,81,Full Body,1,52,553,1
U8516,34,Male,184,89,26.3,Build Muscle,Beginner,Gym,7.4,10,3,0.92,74,Lower Body,1,49,546,1
U8517,18,Male,180,110.5,34.1,Build Muscle,Beginner,Gym,8.2,2,6,0.51,69,Legs,1,54,518,1
U8518,30,Male,168,73.9,26.2,Build Muscle,Intermediate,Home,7.1,4,2,0.84,83,Upper Body,2,54,524,1
U8519,21,Female,155,45.2,18.8,Improve Fitness,Beginner,Home,8.5,1,5,0.63,63,Recovery,1,25,276,1
U8520,32,Male,150,49.5,22,Lose Weight,Intermediate,Mixed,8,0,6,0.67,62,Full Body,2,54,362,1
U8521,45,Male,174,68.7,22.7,Build Muscle,Intermediate,Gym,5.1,4,3,0.57,53,Pull,2,61,601,1
U8522,20,Male,158,58.4,23.4,Lose Weight,Beginner,Gym,7.8,6,4,0.82,90,Full Body,1,47,308,1
U8523,45,Male,161,74.7,28.8,Lose Weight,Beginner,Gym,6.5,10,1,0.72,71,Full Body,1,54,398,1
U8524,25,Male,175,52.1,17,Build Muscle,Beginner,Gym,5.8,9,1,0.69,69,Legs,1,65,738,1
U8525,23,Male,167,74.5,26.7,Improve Fitness,Beginner,Gym,7.6,9,3,0.4,79,Lower Body,1,48,393,0
U8526,19,Male,163,67.2,25.3,Lose Weight,Intermediate,Home,7.8,7,1,0.91,69,Lower Body,2,44,408,1
U8527,43,Female,184,100.6,29.7,Build Muscle,Advanced,Home,6.1,5,6,0.55,78,Push,3,65,488,1
U8528,19,Male,164,61.9,23,Lose Weight,Intermediate,Gym,7.4,6,2,1,77,Full Body,2,41,345,1
U8529,26,Male,186,87.9,25.4,Improve Fitness,Intermediate,Gym,6.1,1,4,0.41,70,Lower Body,2,54,589,1
U8530,21,Female,150,65.2,29,Lose Weight,Intermediate,Home,6.7,5,0,0.79,93,Cardio,2,30,323,1
U8531,28,Female,186,105.2,30.4,Improve Fitness,Intermediate,Gym,7.6,2,0,0.75,49,Full Body,2,55,580,1
U8532,21,Female,184,74.1,21.9,Gain Strength,Beginner,Gym,6.8,0,6,0.57,75,Upper Body,1,65,620,1
U8533,38,Male,189,116.1,32.5,Lose Weight,Beginner,Gym,8.8,7,1,0.76,83,Full Body,1,55,486,1
U8534,33,Male,159,54.1,21.4,Improve Fitness,Intermediate,Gym,8.7,0,0,0.44,85,Cardio,2,39,307,1
U8535,43,Female,165,72.4,26.6,Lose Weight,Beginner,Home,6.3,10,3,0.68,54,Lower Body,1,53,383,0
U8536,39,Female,173,59.6,19.9,Build Muscle,Intermediate,Gym,5.3,7,6,0.86,90,Lower Body,2,52,405,1
U8537,28,Female,162,44.6,17,Build Muscle,Intermediate,Gym,9.1,9,2,0.72,76,Upper Body,2,43,471,1
U8538,25,Male,176,56.7,18.3,Build Muscle,Advanced,Gym,8.6,3,1,0.76,89,Lower Body,3,48,396,1
U8539,24,Female,166,81.6,29.6,Build Muscle,Intermediate,Gym,8.6,5,2,0.6,68,Push,2,53,380,1
U8540,32,Female,165,59.6,21.9,Build Muscle,Beginner,Home,8.1,2,3,0.78,88,Full Body,1,54,432,1
U8541,31,Female,181,95.7,29.2,Gain Strength,Advanced,Gym,5.2,0,3,0.96,86,Legs,3,63,478,1
U8542,43,Male,188,80.9,22.9,Gain Strength,Beginner,Mixed,7.5,6,2,0.7,81,Push,1,53,465,1
U8543,38,Female,177,71.7,22.9,Lose Weight,Beginner,Gym,7.6,7,6,0.73,65,Cardio,1,46,308,1
U8544,44,Male,193,94.2,25.3,Gain Strength,Intermediate,Gym,9.5,4,1,0.6,68,Pull,2,49,381,1
U8545,23,Female,172,64.2,21.7,Improve Fitness,Intermediate,Home,6.5,6,1,0.87,82,Full Body,2,52,489,1
U8546,27,Female,163,65.1,24.5,Gain Strength,Intermediate,Home,8.2,6,5,0.86,69,Upper Body,2,62,651,1
U8547,22,Female,172,53.5,18.1,Build Muscle,Intermediate,Mixed,8,5,5,0.75,72,Lower Body,2,44,332,1
U8548,22,Female,173,67.3,22.5,Gain Strength,Intermediate,Mixed,7.9,9,5,0.78,68,Upper Body,2,53,497,1
U8549,32,Female,163,51.5,19.4,Build Muscle,Advanced,Gym,8.3,3,1,0.83,75,Pull,3,51,424,1
U8550,42,Female,181,55.7,17,Build Muscle,Advanced,Gym,7.1,8,4,0.68,62,Lower Body,3,59,598,1
U8551,45,Male,153,64.8,27.7,Build Muscle,Advanced,Gym,7.9,6,6,0.8,87,Push,3,66,677,1
U8552,26,Female,154,47.9,20.2,Build Muscle,Beginner,Mixed,6.6,6,6,0.73,62,Push,1,60,410,1
U8553,20,Female,162,72.4,27.6,Lose Weight,Beginner,Mixed,6.5,5,6,0.95,58,Full Body,1,54,548,1
U8554,37,Male,192,123.5,33.5,Lose Weight,Intermediate,Mixed,9.3,3,0,0.7,89,Recovery,2,22,188,1
U8555,22,Male,152,52.7,22.8,Build Muscle,Intermediate,Gym,8.2,2,1,0.69,52,Upper Body,2,60,429,1
U8556,32,Female,155,40.8,17,Gain Strength,Intermediate,Home,6.8,3,3,0.77,91,Pull,2,64,523,1
U8557,35,Male,179,79.1,24.7,Build Muscle,Intermediate,Gym,8.2,9,4,0.64,66,Legs,2,54,584,1
U8558,21,Male,153,67.7,28.9,Build Muscle,Beginner,Gym,4.5,5,4,0.72,66,Pull,1,53,386,1
U8559,37,Female,172,89.3,30.2,Build Muscle,Beginner,Gym,6.5,4,1,0.81,85,Push,1,66,492,1
U8560,32,Male,157,44.9,18.2,Gain Strength,Intermediate,Gym,6.9,4,1,0.64,86,Pull,2,70,761,1
U8561,36,Male,190,98.6,27.3,Lose Weight,Beginner,Home,6.8,2,3,0.53,87,Cardio,1,41,383,1
U8562,18,Female,190,87.4,24.2,Lose Weight,Intermediate,Mixed,5.3,9,0,0.44,78,Cardio,2,32,361,0
U8563,34,Male,184,64.7,19.1,Build Muscle,Beginner,Gym,9.1,1,5,0.55,71,Push,1,65,723,1
U8564,18,Female,154,59.8,25.2,Gain Strength,Intermediate,Gym,6.3,5,6,0.32,74,Pull,2,64,555,0
U8565,27,Female,167,59.4,21.3,Build Muscle,Intermediate,Gym,7.2,7,0,0.7,75,Pull,2,69,603,1
U8566,41,Male,164,83.6,31.1,Improve Fitness,Beginner,Gym,6.5,0,2,0.64,47,Lower Body,1,63,665,1
U8567,23,Female,163,63,23.7,Build Muscle,Intermediate,Gym,7.6,6,6,0.63,78,Push,2,69,531,1
U8568,19,Female,157,58.7,23.8,Gain Strength,Beginner,Gym,5.7,8,5,0.78,68,Legs,1,72,665,1
U8569,19,Female,161,64.8,25,Gain Strength,Advanced,Gym,6.5,10,4,0.6,74,Upper Body,3,55,512,1
U8570,27,Male,155,56.5,23.5,Lose Weight,Intermediate,Mixed,9,3,4,0.86,80,Lower Body,2,55,428,1
U8571,43,Female,186,82.3,23.8,Gain Strength,Beginner,Mixed,4.9,5,1,0.57,62,Pull,1,63,633,0
U8572,44,Male,172,68.9,23.3,Gain Strength,Beginner,Mixed,7.1,10,5,0.84,76,Upper Body,1,43,450,1
U8573,32,Female,166,81,29.4,Build Muscle,Advanced,Home,6.8,1,2,0.77,77,Upper Body,3,51,364,1
U8574,25,Male,178,80.8,25.5,Build Muscle,Beginner,Mixed,8.5,4,1,0.86,52,Upper Body,1,52,448,1
U8575,18,Male,183,80.4,24,Gain Strength,Intermediate,Gym,7.1,9,0,1,67,Upper Body,2,40,395,1
U8576,27,Male,184,69.1,20.4,Gain Strength,Intermediate,Gym,7.6,8,0,0.81,70,Push,2,64,635,1
U8577,32,Male,175,72.3,23.6,Build Muscle,Advanced,Gym,8.1,8,5,0.57,66,Legs,3,52,366,1
U8578,26,Female,157,55,22.3,Build Muscle,Advanced,Mixed,8.3,9,2,0.77,56,Legs,3,68,523,1
U8579,27,Female,165,55.5,20.4,Lose Weight,Intermediate,Home,9.2,3,5,0.91,84,Cardio,2,38,314,1
U8580,19,Female,184,83.3,24.6,Lose Weight,Beginner,Gym,8.8,7,3,0.52,83,Full Body,1,43,306,1
U8581,39,Male,167,63,22.6,Build Muscle,Intermediate,Gym,6.8,8,1,0.85,69,Pull,2,70,743,1
U8582,27,Female,194,85.4,22.7,Lose Weight,Advanced,Gym,6.6,9,5,0.36,83,Cardio,3,31,338,1
U8583,21,Female,156,49.4,20.3,Gain Strength,Intermediate,Mixed,9.1,1,3,0.67,91,Lower Body,2,41,346,1
U8584,19,Female,153,39.8,17,Lose Weight,Beginner,Home,7.9,10,2,0.9,91,Cardio,1,44,452,1
U8585,21,Female,185,61.9,18.1,Lose Weight,Beginner,Gym,6.3,3,1,0.82,74,Full Body,1,58,503,1
U8586,41,Female,175,78.7,25.7,Lose Weight,Beginner,Mixed,6.7,4,0,1,100,Cardio,1,35,269,1
U8587,24,Male,162,65.3,24.9,Gain Strength,Intermediate,Home,7.6,4,5,0.73,91,Pull,2,65,669,1
U8588,36,Female,183,93.8,28,Lose Weight,Beginner,Mixed,5.9,6,6,0.61,56,Full Body,1,51,332,1
U8589,34,Female,181,117.3,35.8,Lose Weight,Intermediate,Mixed,7.8,10,6,0.61,61,Full Body,2,50,483,1
U8590,23,Female,188,98.6,27.9,Improve Fitness,Intermediate,Gym,8.1,7,5,0.86,65,Cardio,2,34,346,1
U8591,35,Female,177,80.8,25.8,Build Muscle,Beginner,Home,7.2,0,3,0.55,58,Pull,1,63,445,1
U8592,35,Female,187,91.6,26.2,Build Muscle,Beginner,Gym,7.3,4,1,0.82,83,Legs,1,62,614,1
U8593,44,Female,176,95.4,30.8,Lose Weight,Intermediate,Gym,6.2,4,0,0.83,83,Lower Body,2,47,431,1
U8594,41,Female,158,57.9,23.2,Gain Strength,Beginner,Mixed,7.2,4,0,0.67,100,Lower Body,1,61,407,1
U8595,28,Male,195,94.7,24.9,Build Muscle,Intermediate,Gym,7.6,8,2,0.67,64,Pull,2,58,561,1
U8596,21,Female,180,61.6,19,Build Muscle,Beginner,Gym,8.3,5,4,0.86,67,Pull,1,50,340,1
U8597,23,Male,162,54.3,20.7,Build Muscle,Intermediate,Home,7.3,1,2,0.63,68,Upper Body,2,54,447,1
U8598,34,Male,170,55.5,19.2,Gain Strength,Intermediate,Gym,7.3,1,6,0.76,88,Lower Body,2,43,281,1
U8599,24,Female,154,56.7,23.9,Lose Weight,Intermediate,Gym,6.7,2,0,0.44,88,Cardio,2,43,313,1
U8600,22,Female,181,92.4,28.2,Gain Strength,Beginner,Mixed,7.1,3,5,0.48,53,Legs,1,49,410,1
U8601,35,Male,154,52.6,22.2,Improve Fitness,Intermediate,Mixed,8.2,10,0,0.77,49,Recovery,2,26,187,0
U8602,33,Female,162,68.8,26.2,Gain Strength,Intermediate,Gym,6.2,5,6,0.63,86,Lower Body,2,58,652,1
U8603,32,Male,177,86.8,27.7,Improve Fitness,Intermediate,Gym,8.3,6,4,0.72,85,Full Body,2,47,449,1
U8604,35,Male,193,81.9,22,Improve Fitness,Beginner,Gym,6.8,1,4,0.66,72,Full Body,1,45,354,1
U8605,43,Male,195,72.6,19.1,Improve Fitness,Advanced,Home,6.9,2,2,0.98,55,Cardio,3,48,529,1
U8606,33,Female,176,58.5,18.9,Build Muscle,Intermediate,Home,5.7,2,0,1,78,Lower Body,2,57,638,1
U8607,31,Female,190,84.5,23.4,Build Muscle,Beginner,Home,7.2,2,4,0.76,62,Upper Body,1,54,583,1
U8608,30,Male,195,84.8,22.3,Gain Strength,Intermediate,Home,6.9,10,1,0.59,66,Lower Body,2,57,638,0
U8609,22,Male,172,76.9,26,Build Muscle,Beginner,Gym,6,4,6,1,83,Pull,1,52,422,1
U8610,44,Male,161,49.8,19.2,Improve Fitness,Beginner,Gym,4.5,4,4,0.6,82,Upper Body,1,54,520,1
U8611,39,Female,178,84.3,26.6,Lose Weight,Intermediate,Gym,7,8,5,0.61,58,Full Body,2,41,398,1
U8612,22,Female,155,54.8,22.8,Build Muscle,Beginner,Gym,6,1,3,0.65,91,Pull,1,52,382,1
U8613,31,Male,163,56.6,21.3,Gain Strength,Intermediate,Home,7.8,5,1,0.86,55,Push,2,61,659,1
U8614,33,Male,174,63.6,21,Lose Weight,Advanced,Gym,8.3,6,4,0.55,71,Lower Body,3,44,286,1
U8615,41,Male,176,102.5,33.1,Gain Strength,Beginner,Home,8.2,6,3,0.74,84,Lower Body,1,59,462,1
U8616,37,Female,179,77.9,24.3,Lose Weight,Beginner,Mixed,8.2,5,4,0.35,69,Recovery,1,27,214,1
U8617,24,Male,183,56.9,17,Build Muscle,Beginner,Home,7.3,10,1,0.68,92,Push,1,58,404,1
U8618,39,Female,166,75.8,27.5,Build Muscle,Intermediate,Gym,6.5,7,6,0.65,77,Push,2,52,368,1
U8619,34,Female,155,53.1,22.1,Lose Weight,Intermediate,Gym,7.1,7,4,0.96,59,Cardio,2,45,372,1
U8620,44,Male,164,60.8,22.6,Lose Weight,Intermediate,Gym,6.8,4,1,1,81,Recovery,2,26,288,1
U8621,21,Male,156,71.3,29.3,Gain Strength,Beginner,Home,7.9,4,2,0.87,79,Lower Body,1,46,320,1
U8622,32,Female,164,69.9,26,Gain Strength,Beginner,Home,5.5,7,3,0.78,70,Legs,1,75,563,1
U8623,41,Male,151,61.1,26.8,Lose Weight,Beginner,Gym,7,2,1,0.86,86,Full Body,1,58,427,1
U8624,42,Female,165,46.3,17,Lose Weight,Beginner,Gym,6.6,8,3,0.39,75,Lower Body,1,40,319,0
U8625,43,Male,177,72.7,23.2,Gain Strength,Beginner,Home,8.6,0,3,0.76,64,Push,1,63,681,1
U8626,41,Male,175,87,28.4,Lose Weight,Beginner,Gym,6.7,1,1,0.63,77,Full Body,1,48,325,1
U8627,33,Female,170,90.5,31.3,Gain Strength,Advanced,Gym,8,9,1,0.82,100,Pull,3,60,617,1
U8628,43,Female,183,71.7,21.4,Lose Weight,Beginner,Gym,6.3,4,4,0.75,94,Cardio,1,35,354,1
U8629,33,Female,190,74,20.5,Lose Weight,Intermediate,Gym,9,7,3,0.46,70,Cardio,2,35,254,1
U8630,36,Male,189,90,25.2,Lose Weight,Beginner,Mixed,6.1,6,2,0.61,83,Lower Body,1,57,583,1
U8631,41,Male,193,114,30.6,Gain Strength,Beginner,Gym,4.8,7,5,0.75,70,Pull,1,65,638,1
U8632,37,Female,182,82.8,25,Build Muscle,Intermediate,Mixed,6.8,8,5,0.49,95,Upper Body,2,53,582,1
U8633,38,Female,187,102.8,29.4,Build Muscle,Beginner,Gym,7,0,1,0.63,62,Pull,1,63,499,1
U8634,34,Male,174,51.5,17,Improve Fitness,Beginner,Gym,7.5,9,3,0.86,74,Lower Body,1,48,456,1
U8635,37,Female,168,68,24.1,Build Muscle,Advanced,Gym,7.2,4,1,0.57,64,Push,3,54,594,1
U8636,18,Male,185,81.5,23.8,Lose Weight,Intermediate,Gym,7.9,10,3,0.97,68,Recovery,2,27,253,1
U8637,37,Female,154,47.7,20.1,Build Muscle,Intermediate,Gym,7.1,3,2,1,57,Upper Body,2,51,449,1
U8638,34,Female,189,100.7,28.2,Lose Weight,Beginner,Mixed,8.6,9,4,0.66,61,Cardio,1,38,411,1
U8639,35,Female,155,64.6,26.9,Gain Strength,Beginner,Gym,7.5,10,5,0.85,100,Lower Body,1,54,582,1
U8640,33,Male,153,59,25.2,Build Muscle,Beginner,Gym,5.8,9,4,0.73,75,Legs,1,68,563,1
U8641,21,Male,162,78.2,29.8,Improve Fitness,Intermediate,Home,6.9,7,2,0.65,51,Full Body,2,48,490,0
U8642,22,Male,194,100.9,26.8,Build Muscle,Intermediate,Home,9.5,8,5,0.68,78,Legs,2,50,374,1
U8643,38,Male,180,71.9,22.2,Gain Strength,Intermediate,Gym,5.7,1,6,0.8,72,Lower Body,2,64,703,1
U8644,35,Female,170,49.1,17,Build Muscle,Beginner,Gym,8.9,6,0,0.79,73,Upper Body,1,65,688,1
U8645,44,Male,190,81.9,22.7,Lose Weight,Beginner,Gym,7.5,6,4,0.8,78,Full Body,1,47,378,1
U8646,45,Female,180,94,29,Build Muscle,Beginner,Mixed,8.5,8,5,1,59,Upper Body,1,42,460,1
U8647,23,Female,180,71.6,22.1,Improve Fitness,Intermediate,Gym,7.5,7,3,0.58,62,Lower Body,2,40,348,1
U8648,37,Female,184,89.7,26.5,Build Muscle,Intermediate,Gym,8.1,10,4,0.95,69,Upper Body,2,58,416,1
U8649,28,Male,176,81.8,26.4,Build Muscle,Intermediate,Gym,7.4,0,3,0.72,59,Legs,2,75,584,1
U8650,29,Male,178,65,20.5,Build Muscle,Beginner,Home,7.8,2,6,0.57,45,Lower Body,1,55,563,1
U8651,45,Female,190,88.1,24.4,Build Muscle,Beginner,Gym,8.7,8,2,0.22,67,Upper Body,1,55,473,0
U8652,40,Male,192,100.6,27.3,Lose Weight,Intermediate,Mixed,5.1,5,4,0.68,54,Cardio,2,50,341,1
U8653,33,Male,187,71,20.3,Gain Strength,Intermediate,Mixed,6.7,4,3,0.52,53,Lower Body,2,58,602,0
U8654,43,Female,195,92.4,24.3,Build Muscle,Intermediate,Gym,9.5,8,5,0.86,87,Pull,2,67,688,1
U8655,37,Male,171,81.3,27.8,Lose Weight,Advanced,Gym,6.3,0,6,0.78,88,Lower Body,3,49,482,1
U8656,44,Female,169,80,28,Build Muscle,Beginner,Home,7.3,1,3,0.81,100,Push,1,55,525,1
U8657,45,Female,183,93.8,28,Build Muscle,Beginner,Mixed,6.8,5,2,0.71,56,Pull,1,59,495,1
U8658,21,Male,194,129.5,34.4,Lose Weight,Intermediate,Mixed,8.9,4,4,0.73,100,Recovery,2,30,249,1
U8659,31,Male,172,80.5,27.2,Lose Weight,Beginner,Gym,6.6,3,0,0.88,77,Cardio,1,30,230,1
U8660,44,Female,164,75.3,28,Build Muscle,Intermediate,Home,5.6,1,0,0.57,94,Push,2,47,366,1
U8661,42,Female,179,101.2,31.6,Build Muscle,Intermediate,Mixed,8.7,10,3,1,80,Full Body,2,44,352,1
U8662,20,Male,171,77.8,26.6,Build Muscle,Advanced,Gym,6.1,8,6,0.62,42,Full Body,3,60,623,1
U8663,32,Male,175,70.7,23.1,Lose Weight,Beginner,Home,4.8,0,3,0.91,77,Full Body,1,42,427,1
U8664,38,Female,185,58.2,17,Build Muscle,Beginner,Gym,6.9,9,2,1,70,Push,1,48,331,1
U8665,30,Female,173,60.8,20.3,Lose Weight,Beginner,Gym,5.1,9,2,0.4,80,Recovery,1,20,193,0
U8666,37,Male,167,63.3,22.7,Build Muscle,Intermediate,Gym,6.7,1,2,0.64,69,Pull,2,52,413,1
U8667,18,Female,188,68.2,19.3,Gain Strength,Beginner,Gym,7.4,8,3,0.46,60,Legs,1,54,398,0
U8668,19,Female,178,90.9,28.7,Improve Fitness,Beginner,Home,7.5,4,3,0.84,100,Full Body,1,60,501,1
U8669,19,Female,174,73.3,24.2,Improve Fitness,Beginner,Home,7.1,4,3,0.67,65,Full Body,1,44,376,1
U8670,44,Female,189,72.5,20.3,Improve Fitness,Advanced,Mixed,7.2,3,0,0.78,78,Recovery,3,31,209,1
U8671,20,Male,162,65.1,24.8,Gain Strength,Intermediate,Gym,8.1,9,4,0.73,65,Push,2,45,294,1
U8672,32,Female,150,46.4,20.6,Build Muscle,Intermediate,Home,5.4,5,4,0.98,61,Upper Body,2,55,476,1
U8673,42,Male,191,75.2,20.6,Improve Fitness,Beginner,Home,6.6,3,0,0.67,96,Full Body,1,50,515,1
U8674,25,Male,157,56.9,23.1,Improve Fitness,Beginner,Home,9.5,2,2,0.73,100,Cardio,1,40,297,1
U8675,28,Female,178,89.7,28.3,Improve Fitness,Intermediate,Gym,7.5,0,6,1,88,Cardio,2,34,345,1
U8676,40,Female,191,99.2,27.2,Improve Fitness,Beginner,Home,9.5,8,5,0.63,57,Recovery,1,23,212,1
U8677,35,Male,193,80.8,21.7,Improve Fitness,Intermediate,Mixed,9,1,3,0.98,64,Recovery,2,21,207,1
U8678,27,Female,176,52.7,17,Build Muscle,Intermediate,Mixed,6.9,1,4,0.54,64,Push,2,49,374,1
U8679,36,Female,155,48.3,20.1,Build Muscle,Intermediate,Gym,5.3,3,5,1,61,Upper Body,2,59,671,1
U8680,44,Male,192,112.1,30.4,Lose Weight,Intermediate,Mixed,6.9,8,1,0.52,79,Lower Body,2,58,561,0
U8681,21,Male,186,79.2,22.9,Build Muscle,Intermediate,Mixed,6.9,7,5,0.75,59,Lower Body,2,58,576,1
U8682,36,Male,150,39.8,17.7,Lose Weight,Beginner,Gym,7,4,6,0.89,58,Full Body,1,55,445,1
U8683,32,Female,187,87.8,25.1,Build Muscle,Intermediate,Mixed,8.8,8,2,0.7,73,Upper Body,2,46,431,1
U8684,30,Male,159,62.4,24.7,Build Muscle,Beginner,Gym,6.3,7,6,0.54,57,Push,1,64,563,1
U8685,21,Female,184,88,26,Lose Weight,Intermediate,Mixed,7.9,6,5,0.86,66,Full Body,2,51,583,1
U8686,28,Female,151,66.4,29.1,Build Muscle,Intermediate,Gym,7.4,8,5,0.73,30,Pull,2,63,719,1
U8687,30,Female,160,54,21.1,Improve Fitness,Intermediate,Gym,5.4,10,4,0.83,73,Lower Body,2,40,430,1
U8688,43,Female,155,48.1,20,Gain Strength,Intermediate,Gym,7.4,6,6,0.46,56,Legs,2,63,508,1
U8689,25,Male,173,64.3,21.5,Lose Weight,Beginner,Gym,7.7,5,3,0.97,63,Full Body,1,44,469,1
U8690,23,Female,182,99.7,30.1,Lose Weight,Advanced,Gym,7.2,6,2,0.76,71,Cardio,3,39,387,1
U8691,37,Male,191,86.5,23.7,Build Muscle,Intermediate,Gym,7.6,6,1,0.85,58,Pull,2,68,538,1
U8692,23,Female,186,82,23.7,Lose Weight,Beginner,Gym,8.9,8,0,0.75,76,Cardio,1,36,384,1
U8693,31,Female,184,99.5,29.4,Build Muscle,Intermediate,Mixed,6.5,1,0,0.71,84,Legs,2,63,679,1
U8694,38,Female,187,103.9,29.7,Gain Strength,Beginner,Gym,4.5,5,0,0.59,57,Pull,1,68,584,0
U8695,26,Male,162,63,24,Improve Fitness,Intermediate,Gym,6.1,8,4,0.84,74,Full Body,2,45,493,1
U8696,43,Male,187,98.6,28.2,Build Muscle,Beginner,Mixed,8.1,1,0,0.84,66,Upper Body,1,51,477,1
U8697,41,Male,194,93.7,24.9,Improve Fitness,Beginner,Gym,6.6,3,3,0.47,86,Cardio,1,37,356,1
U8698,33,Female,195,91.6,24.1,Build Muscle,Intermediate,Home,5.4,10,2,0.82,68,Upper Body,2,55,451,1
U8699,26,Male,150,38.2,17,Improve Fitness,Beginner,Mixed,5.6,10,2,0.59,75,Full Body,1,54,528,0
U8700,43,Male,150,62.6,27.8,Lose Weight,Intermediate,Mixed,7.9,0,3,0.83,71,Cardio,2,44,410,1
U8701,43,Male,165,86.3,31.7,Lose Weight,Intermediate,Mixed,7.9,2,3,0.76,80,Lower Body,2,55,474,1
U8702,32,Female,177,71.4,22.8,Build Muscle,Advanced,Home,7,8,1,0.35,66,Lower Body,3,52,479,0
U8703,42,Female,163,84.8,31.9,Lose Weight,Beginner,Gym,7.3,10,5,0.74,86,Cardio,1,41,455,1
U8704,41,Female,153,60.9,26,Build Muscle,Beginner,Gym,6.2,10,2,0.72,54,Upper Body,1,62,489,1
U8705,31,Male,175,77.5,25.3,Build Muscle,Beginner,Mixed,6.2,4,0,0.89,64,Lower Body,1,61,500,1
U8706,25,Female,184,71.1,21,Lose Weight,Intermediate,Mixed,7,0,5,0.79,53,Cardio,2,31,321,1
U8707,23,Male,178,70.7,22.3,Lose Weight,Beginner,Gym,7.2,10,1,0.96,34,Full Body,1,48,497,1
U8708,24,Female,165,73.8,27.1,Gain Strength,Intermediate,Home,6.7,2,6,0.63,61,Pull,2,58,449,1
U8709,41,Male,188,81.3,23,Lose Weight,Advanced,Mixed,7.8,5,2,0.62,96,Cardio,3,42,409,1
U8710,40,Male,170,78.3,27.1,Lose Weight,Beginner,Mixed,7.3,3,6,0.69,89,Cardio,1,31,293,1
U8711,24,Male,184,101.9,30.1,Build Muscle,Intermediate,Home,5.8,8,5,0.59,81,Push,2,53,437,1
U8712,28,Female,193,105.8,28.4,Gain Strength,Intermediate,Gym,6.8,6,2,0.59,73,Legs,2,70,639,1
U8713,33,Male,180,99.5,30.7,Improve Fitness,Beginner,Home,7.1,5,4,0.49,73,Lower Body,1,59,595,1
U8714,33,Male,189,99.3,27.8,Improve Fitness,Intermediate,Gym,7,7,2,0.95,84,Full Body,2,47,420,1
U8715,41,Female,184,81.9,24.2,Gain Strength,Beginner,Home,7.1,7,1,0.39,90,Pull,1,60,630,0
U8716,42,Female,174,69.9,23.1,Improve Fitness,Intermediate,Gym,6.7,10,1,0.62,78,Lower Body,2,40,425,0
U8717,36,Male,184,67,19.8,Lose Weight,Beginner,Gym,6,7,3,0.71,62,Recovery,1,22,220,1
U8718,42,Male,164,69.7,25.9,Lose Weight,Beginner,Gym,6.5,8,0,1,82,Full Body,1,43,350,1
U8719,38,Male,172,81.1,27.4,Build Muscle,Advanced,Gym,6.4,4,1,1,65,Legs,3,65,610,1
U8720,28,Female,160,55,21.5,Build Muscle,Beginner,Gym,7.9,0,1,0.76,59,Push,1,54,527,1
U8721,41,Female,163,89.5,33.7,Build Muscle,Intermediate,Home,8.2,6,2,0.72,100,Push,2,52,381,1
U8722,33,Female,174,84.5,27.9,Build Muscle,Intermediate,Gym,7.1,0,3,1,81,Legs,2,54,437,1
U8723,45,Male,169,77.4,27.1,Lose Weight,Beginner,Gym,6.7,6,2,0.73,65,Recovery,1,31,216,1
U8724,28,Female,179,97.7,30.5,Lose Weight,Beginner,Home,5.3,3,3,0.97,58,Full Body,1,60,560,1
U8725,44,Female,153,56.9,24.3,Improve Fitness,Beginner,Gym,6.8,5,4,0.63,82,Upper Body,1,48,389,1
U8726,33,Male,154,58.1,24.5,Lose Weight,Intermediate,Gym,6.4,8,1,0.75,61,Full Body,2,44,377,1
U8727,21,Female,161,57.5,22.2,Lose Weight,Beginner,Home,5.5,10,1,0.64,79,Full Body,1,50,364,1
U8728,27,Male,156,60.1,24.7,Build Muscle,Beginner,Gym,9.1,4,6,1,65,Full Body,1,59,538,1
U8729,25,Female,180,68,21,Build Muscle,Intermediate,Gym,8.3,4,1,0.78,89,Push,2,63,549,1
U8730,31,Female,162,68.8,26.2,Build Muscle,Advanced,Gym,6.9,1,2,0.69,78,Push,3,53,426,1
U8731,30,Female,191,86.1,23.6,Lose Weight,Beginner,Mixed,8.4,6,6,0.49,90,Cardio,1,41,344,1
U8732,26,Male,153,39.8,17,Gain Strength,Intermediate,Home,7.3,2,2,0.66,49,Push,2,69,610,1
U8733,25,Male,157,41.9,17,Lose Weight,Advanced,Mixed,5.9,5,0,0.73,62,Recovery,3,23,235,1
U8734,35,Male,184,68.1,20.1,Lose Weight,Intermediate,Gym,8.6,1,1,0.5,82,Full Body,2,43,349,1
U8735,19,Male,188,73.5,20.8,Build Muscle,Beginner,Gym,5.9,1,4,0.61,81,Push,1,65,593,1
U8736,43,Female,180,60.6,18.7,Build Muscle,Beginner,Mixed,7.4,5,2,0.55,60,Full Body,1,59,539,1
U8737,35,Male,156,63.8,26.2,Improve Fitness,Beginner,Home,9.5,0,3,0.56,82,Full Body,1,58,556,1
U8738,40,Male,183,77.7,23.2,Lose Weight,Intermediate,Mixed,6.6,5,3,0.91,59,Recovery,2,24,259,1
U8739,20,Male,154,46.7,19.7,Gain Strength,Beginner,Mixed,7.6,2,2,1,83,Push,1,65,640,1
U8740,34,Female,179,59.6,18.6,Build Muscle,Beginner,Gym,6.4,10,1,0.9,95,Full Body,1,49,421,1
U8741,38,Male,166,70.3,25.5,Gain Strength,Beginner,Gym,6.5,8,6,1,70,Legs,1,52,385,1
U8742,28,Male,161,57,22,Build Muscle,Intermediate,Gym,6.2,7,4,0.5,100,Legs,2,54,423,1
U8743,39,Female,180,98.8,30.5,Lose Weight,Advanced,Gym,6.4,8,4,1,79,Cardio,3,41,301,1
U8744,38,Male,157,65.3,26.5,Gain Strength,Advanced,Gym,6.3,1,1,0.63,71,Legs,3,73,525,1
U8745,24,Female,182,56.3,17,Improve Fitness,Intermediate,Home,6.6,3,0,0.72,91,Full Body,2,55,551,1
U8746,42,Male,185,75,21.9,Improve Fitness,Intermediate,Gym,8,4,4,0.35,89,Cardio,2,33,220,1
U8747,39,Male,171,60.5,20.7,Lose Weight,Beginner,Home,7.2,2,1,0.79,75,Cardio,1,46,304,1
U8748,34,Female,166,66.4,24.1,Gain Strength,Beginner,Home,5.7,9,5,0.56,86,Upper Body,1,50,543,1
U8749,30,Female,192,81.1,22,Lose Weight,Beginner,Gym,7,1,4,0.45,84,Cardio,1,47,399,1
U8750,31,Female,157,46.8,19,Build Muscle,Intermediate,Home,8.1,6,5,0.53,87,Legs,2,52,596,1
U8751,42,Female,152,56.6,24.5,Lose Weight,Intermediate,Mixed,6.5,6,2,1,70,Recovery,2,31,264,1
U8752,36,Male,187,80.4,23,Build Muscle,Intermediate,Home,8.1,5,2,0.45,34,Push,2,61,555,0
U8753,28,Female,172,87,29.4,Gain Strength,Beginner,Gym,6.2,3,0,0.88,72,Upper Body,1,64,508,1
U8754,44,Female,187,68.5,19.6,Lose Weight,Beginner,Home,7.8,0,0,0.65,55,Lower Body,1,60,490,1
U8755,40,Female,191,73.3,20.1,Lose Weight,Intermediate,Gym,5.2,8,3,0.79,57,Cardio,2,47,506,1
U8756,42,Female,155,58.6,24.4,Improve Fitness,Beginner,Home,6.9,6,2,0.55,49,Cardio,1,42,433,0
U8757,44,Female,174,106.3,35.1,Improve Fitness,Beginner,Gym,7,10,1,1,89,Full Body,1,43,408,1
U8758,32,Male,189,82.9,23.2,Build Muscle,Beginner,Gym,7.3,8,2,0.75,99,Push,1,47,422,1
U8759,40,Male,181,91.7,28,Build Muscle,Advanced,Gym,6.2,2,1,0.78,84,Push,3,46,335,1
U8760,37,Male,154,46.5,19.6,Lose Weight,Intermediate,Home,7.6,9,2,0.96,59,Recovery,2,28,185,1
U8761,30,Male,173,64.3,21.5,Lose Weight,Intermediate,Gym,8.4,10,2,0.66,57,Recovery,2,28,185,1
U8762,37,Male,180,91.4,28.2,Lose Weight,Beginner,Gym,7.7,5,5,0.74,88,Recovery,1,34,302,1
U8763,22,Female,154,70,29.5,Build Muscle,Beginner,Gym,7,0,6,1,95,Legs,1,74,579,1
U8764,32,Female,152,39.3,17,Build Muscle,Advanced,Mixed,6,8,3,0.31,67,Push,3,61,579,0
U8765,26,Female,170,56.1,19.4,Gain Strength,Intermediate,Gym,6.2,2,1,0.92,45,Push,2,58,519,1
U8766,28,Female,156,60.8,25,Build Muscle,Intermediate,Gym,7.2,0,6,0.71,73,Pull,2,62,441,1
U8767,22,Male,150,38.2,17,Build Muscle,Beginner,Gym,6.2,2,5,1,54,Lower Body,1,51,521,1
U8768,20,Male,151,71.8,31.5,Improve Fitness,Intermediate,Mixed,5.6,2,6,0.45,57,Upper Body,2,54,463,1
U8769,30,Female,163,77.6,29.2,Improve Fitness,Beginner,Mixed,6.5,1,5,0.78,73,Lower Body,1,62,599,1
U8770,22,Male,165,66.2,24.3,Build Muscle,Beginner,Home,8.5,2,5,0.86,54,Legs,1,55,398,1
U8771,29,Male,187,81.5,23.3,Improve Fitness,Advanced,Mixed,9,7,0,0.78,49,Full Body,3,50,368,1
U8772,22,Female,180,59.9,18.5,Gain Strength,Beginner,Gym,8.1,0,4,0.85,58,Pull,1,45,426,1
U8773,28,Female,178,87.4,27.6,Improve Fitness,Beginner,Gym,8.9,6,0,0.98,96,Cardio,1,32,257,1
U8774,30,Female,155,64.4,26.8,Gain Strength,Advanced,Gym,6.9,7,4,0.65,71,Upper Body,3,51,547,1
U8775,20,Male,191,75.9,20.8,Gain Strength,Advanced,Gym,6.7,6,1,0.95,47,Pull,3,59,529,1
U8776,34,Male,179,57.7,18,Build Muscle,Beginner,Gym,8,4,3,0.66,43,Push,1,53,351,1
U8777,36,Male,195,92,24.2,Gain Strength,Beginner,Gym,6.9,6,6,0.64,82,Pull,1,70,522,1
U8778,43,Female,156,46,18.9,Build Muscle,Intermediate,Home,7.1,10,0,0.68,72,Push,2,46,373,1
U8779,37,Male,188,60.8,17.2,Build Muscle,Beginner,Home,6.5,5,0,0.72,80,Pull,1,70,571,1
U8780,42,Female,174,97.8,32.3,Lose Weight,Intermediate,Mixed,8,0,3,0.8,91,Full Body,2,47,416,1
U8781,26,Female,151,52.9,23.2,Build Muscle,Beginner,Gym,8.8,2,4,0.92,65,Full Body,1,47,327,1
U8782,32,Female,185,111.6,32.6,Lose Weight,Advanced,Mixed,7.6,0,1,1,76,Cardio,3,40,329,1
U8783,34,Female,178,70,22.1,Build Muscle,Beginner,Gym,6.3,7,4,0.66,63,Legs,1,56,640,1
U8784,29,Female,162,78.2,29.8,Build Muscle,Beginner,Home,7.1,10,3,0.43,75,Pull,1,62,503,0
U8785,29,Female,173,74.8,25,Lose Weight,Beginner,Mixed,6.6,8,4,0.77,71,Lower Body,1,58,632,1
U8786,26,Male,152,62.8,27.2,Lose Weight,Intermediate,Gym,7.7,9,5,0.79,52,Cardio,2,39,286,1
U8787,35,Male,186,115.6,33.4,Lose Weight,Beginner,Gym,5.4,3,3,0.7,55,Full Body,1,54,497,1
U8788,25,Male,181,85.8,26.2,Build Muscle,Intermediate,Gym,7.3,10,0,0.69,94,Lower Body,2,60,547,1
U8789,26,Female,179,93.6,29.2,Lose Weight,Beginner,Gym,6.7,7,4,0.86,95,Lower Body,1,44,461,1
U8790,28,Male,158,72.6,29.1,Gain Strength,Beginner,Home,7,10,1,0.43,76,Push,1,49,544,0
U8791,43,Female,152,63.1,27.3,Lose Weight,Intermediate,Mixed,6.3,3,2,0.72,70,Cardio,2,44,474,1
U8792,19,Male,160,77.6,30.3,Improve Fitness,Beginner,Mixed,9.1,10,2,0.93,70,Cardio,1,32,309,1
U8793,33,Male,175,89.7,29.3,Improve Fitness,Advanced,Gym,7.8,5,0,0.71,100,Recovery,3,25,228,1
U8794,42,Female,176,66.3,21.4,Lose Weight,Intermediate,Mixed,7.8,9,3,0.87,67,Recovery,2,26,280,1
U8795,19,Male,171,78.4,26.8,Lose Weight,Intermediate,Gym,8.1,7,3,0.76,79,Recovery,2,32,320,1
U8796,44,Male,167,69.4,24.9,Improve Fitness,Beginner,Gym,8,8,3,0.68,67,Full Body,1,55,542,1
U8797,26,Male,169,70.3,24.6,Improve Fitness,Beginner,Gym,8.4,3,4,0.41,58,Cardio,1,37,384,1
U8798,18,Female,181,111.7,34.1,Build Muscle,Intermediate,Gym,7.4,10,5,0.65,83,Push,2,67,633,1
U8799,37,Male,179,67.9,21.2,Build Muscle,Beginner,Mixed,4.8,1,5,0.78,61,Push,1,50,573,1
U8800,30,Female,183,83.4,24.9,Gain Strength,Beginner,Gym,7.5,7,1,0.75,46,Push,1,49,408,1
U8801,30,Female,169,70.3,24.6,Build Muscle,Intermediate,Gym,7.6,1,1,0.47,49,Legs,2,75,829,1
U8802,43,Female,159,50.6,20,Gain Strength,Intermediate,Mixed,7.9,2,5,0.36,84,Pull,2,70,559,1
U8803,21,Female,190,94.2,26.1,Build Muscle,Intermediate,Gym,6.8,5,1,0.45,60,Push,2,47,405,0
U8804,21,Male,163,73.9,27.8,Lose Weight,Beginner,Gym,8.5,2,2,0.53,89,Full Body,1,53,518,1
U8805,30,Female,194,103.1,27.4,Build Muscle,Intermediate,Mixed,7.1,1,0,0.59,63,Pull,2,64,647,1
U8806,30,Male,192,118.7,32.2,Gain Strength,Beginner,Gym,7.3,10,1,0.96,75,Legs,1,53,420,1
U8807,20,Female,174,68.4,22.6,Gain Strength,Intermediate,Gym,7.7,7,2,1,62,Pull,2,69,725,1
U8808,45,Female,161,73.4,28.3,Improve Fitness,Beginner,Mixed,7.3,7,4,0.46,49,Full Body,1,45,478,0
U8809,27,Female,164,60.8,22.6,Gain Strength,Advanced,Home,7.5,9,3,0.88,48,Push,3,63,452,1
U8810,22,Female,186,94.1,27.2,Build Muscle,Beginner,Gym,7,2,1,0.72,80,Push,1,65,489,1
U8811,27,Male,168,89.8,31.8,Gain Strength,Intermediate,Mixed,7.4,4,5,0.48,69,Lower Body,2,54,577,1
U8812,33,Male,171,82.2,28.1,Improve Fitness,Beginner,Mixed,8.1,3,5,0.84,64,Cardio,1,41,356,1
U8813,31,Male,186,65,18.8,Gain Strength,Beginner,Gym,7.7,10,3,0.5,82,Upper Body,1,52,429,0
U8814,27,Male,192,101,27.4,Build Muscle,Beginner,Gym,6.6,4,6,0.7,74,Pull,1,59,391,1
U8815,26,Female,159,55.4,21.9,Lose Weight,Advanced,Mixed,5.6,4,6,0.71,72,Full Body,3,50,459,1
U8816,21,Female,153,70.7,30.2,Gain Strength,Beginner,Mixed,6.2,7,5,0.91,54,Legs,1,62,700,1
U8817,45,Female,183,63.3,18.9,Improve Fitness,Beginner,Home,6.8,5,3,0.55,51,Cardio,1,35,330,0
U8818,42,Male,195,124.3,32.7,Improve Fitness,Advanced,Gym,6.6,3,5,1,57,Recovery,3,22,251,1
U8819,33,Female,180,56.1,17.3,Lose Weight,Intermediate,Gym,8.5,0,0,0.59,74,Full Body,2,43,282,1
U8820,27,Male,168,53.1,18.8,Build Muscle,Beginner,Mixed,7.1,9,5,0.47,70,Upper Body,1,52,567,1
U8821,28,Female,189,80.4,22.5,Gain Strength,Intermediate,Gym,7.4,3,5,0.83,75,Legs,2,62,465,1
U8822,33,Male,160,67.6,26.4,Build Muscle,Beginner,Mixed,7,2,2,0.64,79,Upper Body,1,53,410,1
U8823,33,Male,177,75.2,24,Lose Weight,Advanced,Gym,7,10,4,0.79,56,Lower Body,3,40,448,1
U8824,33,Female,166,84,30.5,Build Muscle,Beginner,Mixed,6.8,6,3,0.74,71,Pull,1,62,616,1
U8825,33,Female,174,82.4,27.2,Gain Strength,Intermediate,Gym,7.5,0,5,0.71,93,Pull,2,48,410,1
U8826,43,Male,184,57.6,17,Improve Fitness,Intermediate,Mixed,8.5,2,5,0.89,44,Full Body,2,42,396,1
U8827,18,Female,195,108,28.4,Improve Fitness,Intermediate,Home,8.3,2,1,0.82,48,Full Body,2,60,622,1
U8828,35,Female,162,71.9,27.4,Gain Strength,Beginner,Gym,8.2,5,1,0.62,78,Upper Body,1,43,475,1
U8829,23,Male,195,87.5,23,Build Muscle,Intermediate,Gym,8.1,10,3,0.66,63,Pull,2,65,617,1
U8830,19,Female,194,91.5,24.3,Build Muscle,Beginner,Mixed,5.6,0,0,0.7,77,Pull,1,58,384,1
U8831,28,Male,176,87.4,28.2,Lose Weight,Advanced,Gym,7.4,6,0,0.46,92,Cardio,3,33,220,1
U8832,33,Male,180,98.8,30.5,Improve Fitness,Intermediate,Home,7.2,1,6,0.58,64,Upper Body,2,62,510,1
U8833,24,Male,178,74.8,23.6,Build Muscle,Beginner,Gym,7.4,5,4,0.67,59,Lower Body,1,62,616,1
U8834,30,Female,180,93.3,28.8,Improve Fitness,Advanced,Mixed,7.4,2,0,0.53,76,Full Body,3,40,322,1
U8835,30,Male,155,60.5,25.2,Improve Fitness,Intermediate,Gym,6.3,4,3,0.94,74,Full Body,2,49,386,1
U8836,44,Male,154,56,23.6,Build Muscle,Intermediate,Home,7,5,2,0.8,70,Legs,2,65,676,1
U8837,28,Female,185,82.8,24.2,Build Muscle,Beginner,Gym,8.3,2,4,0.46,53,Push,1,67,691,1
U8838,18,Female,153,65.1,27.8,Build Muscle,Beginner,Mixed,9.5,10,1,0.88,99,Pull,1,67,568,1
U8839,29,Male,169,64.8,22.7,Improve Fitness,Intermediate,Mixed,6.4,0,6,0.8,86,Recovery,2,32,365,1
U8840,35,Female,153,44.5,19,Build Muscle,Beginner,Home,6.9,7,0,0.72,61,Legs,1,66,444,1
U8841,26,Male,174,66.9,22.1,Build Muscle,Beginner,Gym,8,3,5,0.8,83,Push,1,54,385,1
U8842,27,Male,186,89.6,25.9,Gain Strength,Advanced,Home,6.1,1,6,0.8,57,Upper Body,3,55,384,1
U8843,20,Male,167,64.7,23.2,Lose Weight,Beginner,Gym,6,6,6,0.61,73,Lower Body,1,46,507,1
U8844,41,Male,169,64.5,22.6,Build Muscle,Beginner,Mixed,6.1,7,2,0.92,70,Push,1,49,494,1
U8845,39,Female,166,61.4,22.3,Build Muscle,Intermediate,Home,5.9,5,1,0.38,68,Upper Body,2,55,423,0
U8846,35,Male,163,49.7,18.7,Gain Strength,Intermediate,Gym,7.9,5,6,0.73,95,Pull,2,50,441,1
U8847,33,Female,151,57.9,25.4,Build Muscle,Advanced,Gym,6.3,1,2,0.38,84,Pull,3,47,440,1
U8848,20,Female,192,70,19,Build Muscle,Intermediate,Home,6.7,8,3,1,81,Upper Body,2,48,344,1
U8849,25,Male,160,66.8,26.1,Build Muscle,Beginner,Gym,8.1,9,5,0.88,95,Pull,1,62,660,1
U8850,20,Male,182,72.9,22,Build Muscle,Intermediate,Mixed,6.7,0,2,0.55,71,Pull,2,61,652,1
U8851,30,Female,168,67.5,23.9,Build Muscle,Intermediate,Mixed,5.2,5,4,0.6,93,Legs,2,58,551,1
U8852,31,Male,174,77.2,25.5,Gain Strength,Intermediate,Gym,7.9,3,1,0.7,43,Push,2,56,624,1
U8853,30,Female,192,88.5,24,Build Muscle,Intermediate,Gym,8.2,3,3,0.51,83,Upper Body,2,52,439,1
U8854,40,Female,190,62.8,17.4,Lose Weight,Beginner,Gym,7.1,0,0,0.82,67,Recovery,1,34,365,1
U8855,33,Male,182,115.6,34.9,Gain Strength,Beginner,Home,6.6,5,2,0.62,75,Upper Body,1,46,394,1
U8856,27,Male,192,78.5,21.3,Build Muscle,Beginner,Home,5.5,2,2,0.52,83,Lower Body,1,49,354,1
U8857,41,Female,193,86.4,23.2,Build Muscle,Intermediate,Home,9,4,1,0.64,82,Legs,2,47,474,1
U8858,40,Female,152,61.5,26.6,Lose Weight,Intermediate,Mixed,6.6,0,4,0.56,46,Full Body,2,60,404,1
U8859,23,Female,189,95.7,26.8,Build Muscle,Beginner,Gym,8.4,2,6,0.43,66,Lower Body,1,41,449,1
U8860,41,Female,192,80,21.7,Build Muscle,Intermediate,Home,7.7,9,2,0.66,91,Pull,2,54,412,1
U8861,25,Male,162,60.1,22.9,Build Muscle,Beginner,Home,5.7,9,1,0.64,66,Pull,1,53,371,0
U8862,31,Male,189,95.4,26.7,Build Muscle,Intermediate,Gym,6.7,8,5,0.8,60,Push,2,52,497,1
U8863,27,Female,169,66.5,23.3,Lose Weight,Intermediate,Gym,6.2,9,1,0.57,91,Cardio,2,40,263,1
U8864,26,Male,179,68.9,21.5,Build Muscle,Intermediate,Home,6.7,10,0,0.91,83,Legs,2,59,588,1
U8865,20,Female,183,105.2,31.4,Lose Weight,Intermediate,Gym,7.6,7,0,0.61,100,Full Body,2,43,412,1
U8866,35,Female,187,94.1,26.9,Improve Fitness,Advanced,Gym,6.9,10,5,0.73,74,Upper Body,3,52,351,1
U8867,27,Female,165,64,23.5,Improve Fitness,Intermediate,Gym,5.6,10,2,1,71,Full Body,2,44,398,1
U8868,18,Male,156,61.6,25.3,Build Muscle,Advanced,Home,9.4,6,1,0.6,81,Upper Body,3,59,489,1
U8869,44,Female,194,79.8,21.2,Lose Weight,Intermediate,Home,7.5,5,4,0.76,83,Lower Body,2,60,494,1
U8870,30,Male,160,75.8,29.6,Lose Weight,Beginner,Gym,6.5,8,1,0.98,94,Lower Body,1,54,412,1
U8871,27,Male,164,63.2,23.5,Improve Fitness,Intermediate,Home,7.1,5,2,0.63,67,Full Body,2,40,339,1
U8872,19,Male,183,65,19.4,Lose Weight,Beginner,Mixed,8,7,2,0.35,61,Cardio,1,49,326,0
U8873,43,Male,176,75.3,24.3,Gain Strength,Intermediate,Gym,8.5,7,0,0.62,78,Legs,2,67,522,1
U8874,22,Female,195,92,24.2,Build Muscle,Intermediate,Mixed,8.1,0,2,0.79,84,Pull,2,69,602,1
U8875,38,Male,180,71.9,22.2,Gain Strength,Advanced,Home,6,0,2,0.79,64,Legs,3,66,475,1
U8876,38,Female,177,77.1,24.6,Lose Weight,Beginner,Mixed,7.4,0,4,0.94,83,Full Body,1,48,477,1
U8877,39,Male,175,66.2,21.6,Gain Strength,Intermediate,Gym,5.8,7,3,1,48,Legs,2,64,609,1
U8878,32,Female,178,71.6,22.6,Gain Strength,Intermediate,Home,7.8,1,5,1,69,Pull,2,58,445,1
U8879,27,Male,184,83.3,24.6,Lose Weight,Beginner,Gym,6.1,4,4,0.74,54,Full Body,1,58,524,1
U8880,27,Male,150,47.9,21.3,Build Muscle,Beginner,Gym,7.9,1,6,0.64,85,Upper Body,1,60,557,1
U8881,44,Female,191,87.2,23.9,Improve Fitness,Advanced,Gym,5.6,5,0,0.93,52,Full Body,3,58,482,1
U8882,21,Female,158,54.9,22,Build Muscle,Intermediate,Gym,6.9,3,0,0.9,64,Legs,2,45,388,1
U8883,23,Female,188,72.8,20.6,Gain Strength,Advanced,Gym,7.3,2,0,0.68,64,Push,3,48,387,1
U8884,37,Female,187,88.8,25.4,Lose Weight,Beginner,Gym,5.8,4,6,0.41,100,Cardio,1,44,486,1
U8885,31,Male,161,64.5,24.9,Lose Weight,Beginner,Gym,7.3,10,0,0.58,85,Full Body,1,51,513,1
U8886,23,Female,161,57.8,22.3,Lose Weight,Intermediate,Mixed,4.5,5,2,0.62,67,Cardio,2,41,451,1
U8887,32,Female,160,60.9,23.8,Gain Strength,Beginner,Home,6.9,4,0,0.6,60,Legs,1,71,746,0
U8888,19,Male,158,57.9,23.2,Improve Fitness,Beginner,Gym,5.3,10,3,0.37,73,Cardio,1,50,573,0
U8889,38,Female,162,65.6,25,Lose Weight,Intermediate,Gym,8.1,4,1,0.67,54,Recovery,2,29,243,1
U8890,34,Female,191,62,17,Lose Weight,Beginner,Gym,6.1,2,2,0.8,93,Full Body,1,49,388,1
U8891,24,Female,185,84.5,24.7,Build Muscle,Advanced,Gym,5.8,1,0,0.56,59,Legs,3,62,632,1
U8892,20,Female,193,84.9,22.8,Gain Strength,Beginner,Mixed,8.3,1,1,0.94,69,Upper Body,1,52,533,1
U8893,21,Female,173,75.7,25.3,Build Muscle,Intermediate,Mixed,6.2,10,5,0.41,98,Pull,2,67,599,1
U8894,35,Male,175,52.1,17,Gain Strength,Intermediate,Gym,5.1,6,4,1,72,Upper Body,2,54,579,1
U8895,24,Female,166,54.6,19.8,Lose Weight,Advanced,Gym,7.9,10,1,0.86,52,Cardio,3,42,423,1
U8896,42,Male,160,57.1,22.3,Build Muscle,Beginner,Home,8.1,5,2,0.57,76,Upper Body,1,50,488,1
U8897,31,Male,152,70.5,30.5,Lose Weight,Beginner,Home,4.5,7,0,0.66,75,Lower Body,1,40,356,0
U8898,24,Male,151,38.8,17,Gain Strength,Intermediate,Home,6.5,4,4,0.91,61,Upper Body,2,60,436,1
U8899,24,Female,175,56,18.3,Build Muscle,Advanced,Gym,8.3,3,1,0.8,70,Lower Body,3,61,420,1
U8900,20,Female,183,80.7,24.1,Improve Fitness,Advanced,Gym,8.2,1,1,0.77,81,Cardio,3,50,501,1
U8901,36,Male,178,68.4,21.6,Improve Fitness,Intermediate,Mixed,5,0,6,0.83,88,Full Body,2,43,402,1
U8902,35,Female,186,81.6,23.6,Lose Weight,Beginner,Gym,8.1,4,2,0.66,70,Full Body,1,54,370,1
U8903,36,Female,195,121.3,31.9,Improve Fitness,Intermediate,Gym,6.8,8,0,0.66,43,Lower Body,2,55,378,0
U8904,43,Male,191,100,27.4,Lose Weight,Beginner,Gym,6.3,1,5,0.75,67,Full Body,1,57,650,1
U8905,38,Male,170,65.3,22.6,Build Muscle,Intermediate,Gym,7,8,2,0.71,89,Legs,2,46,521,1
U8906,31,Male,169,88.3,30.9,Improve Fitness,Beginner,Mixed,7.8,4,0,0.95,84,Lower Body,1,58,666,1
U8907,23,Male,193,99.1,26.6,Build Muscle,Intermediate,Gym,8.7,2,1,0.48,61,Full Body,2,51,409,1
U8908,35,Female,176,65.4,21.1,Improve Fitness,Intermediate,Gym,6.8,2,4,0.84,55,Full Body,2,41,443,1
U8909,42,Female,178,84.3,26.6,Lose Weight,Beginner,Gym,6.5,0,6,0.66,75,Cardio,1,30,279,1
U8910,32,Male,173,94.6,31.6,Build Muscle,Beginner,Home,6.3,9,4,0.71,55,Legs,1,75,856,1
U8911,23,Male,168,60.7,21.5,Improve Fitness,Advanced,Mixed,5.9,9,0,0.76,78,Full Body,3,57,406,1
U8912,27,Male,176,84.9,27.4,Improve Fitness,Advanced,Home,6.3,6,1,0.81,73,Cardio,3,43,331,1
U8913,18,Female,184,82.3,24.3,Improve Fitness,Beginner,Gym,5.7,7,6,0.75,74,Upper Body,1,42,438,1
U8914,33,Male,163,66.2,24.9,Lose Weight,Beginner,Home,7.5,3,2,0.85,55,Full Body,1,41,440,1
U8915,29,Male,182,78.2,23.6,Gain Strength,Beginner,Mixed,7.7,2,1,0.67,86,Legs,1,68,532,1
U8916,39,Male,167,69.4,24.9,Build Muscle,Intermediate,Home,4.9,3,3,0.87,70,Pull,2,52,421,1
U8917,19,Male,163,45.4,17.1,Build Muscle,Intermediate,Home,6.8,0,5,0.49,83,Full Body,2,52,450,1
U8918,20,Male,158,60.7,24.3,Build Muscle,Intermediate,Home,6.1,3,4,0.87,78,Push,2,49,379,1
U8919,39,Male,157,57.9,23.5,Gain Strength,Intermediate,Gym,5.7,10,2,0.57,59,Upper Body,2,42,358,0
U8920,33,Female,172,81.7,27.6,Build Muscle,Beginner,Mixed,5.3,2,3,0.71,68,Pull,1,58,626,1
U8921,24,Female,161,74.7,28.8,Lose Weight,Intermediate,Gym,7.4,2,0,0.82,64,Cardio,2,43,424,1
U8922,31,Male,155,46.4,19.3,Build Muscle,Intermediate,Gym,6.7,3,1,0.86,83,Pull,2,53,393,1
U8923,38,Female,181,74.4,22.7,Improve Fitness,Advanced,Gym,6.2,4,4,0.53,69,Upper Body,3,52,474,1
U8924,25,Male,153,58.8,25.1,Build Muscle,Beginner,Gym,8.7,5,6,0.74,81,Lower Body,1,53,580,1
U8925,42,Female,162,55.6,21.2,Improve Fitness,Beginner,Home,7.1,9,0,0.75,69,Upper Body,1,57,511,1
U8926,23,Female,182,80.8,24.4,Lose Weight,Intermediate,Gym,7.2,7,0,0.81,89,Full Body,2,49,334,1
U8927,38,Male,166,46.8,17,Lose Weight,Advanced,Gym,8.3,2,2,0.41,76,Full Body,3,56,471,1
U8928,43,Male,194,129.5,34.4,Lose Weight,Beginner,Gym,7.1,7,2,0.75,67,Cardio,1,40,302,1
U8929,33,Male,181,89.4,27.3,Build Muscle,Intermediate,Gym,7.5,8,4,0.6,70,Legs,2,69,527,1
U8930,41,Male,153,46.3,19.8,Lose Weight,Beginner,Home,7,7,2,0.64,74,Lower Body,1,65,741,1
U8931,38,Male,195,81.8,21.5,Build Muscle,Intermediate,Mixed,6.9,0,4,0.72,73,Pull,2,52,510,1
U8932,43,Male,173,76.9,25.7,Build Muscle,Beginner,Home,6.9,3,3,0.58,73,Lower Body,1,40,288,1
U8933,25,Male,150,53.3,23.7,Build Muscle,Intermediate,Gym,8.2,0,4,0.93,51,Push,2,45,358,1
U8934,26,Male,155,65.1,27.1,Lose Weight,Beginner,Home,8,1,4,0.48,80,Lower Body,1,54,520,1
U8935,38,Female,183,94.8,28.3,Build Muscle,Intermediate,Gym,6.1,4,5,0.68,74,Lower Body,2,45,457,1
U8936,23,Male,170,77.7,26.9,Build Muscle,Intermediate,Mixed,6,10,2,0.93,41,Lower Body,2,46,396,1
U8937,43,Male,170,87,30.1,Build Muscle,Beginner,Home,7.7,9,1,0.61,84,Push,1,65,480,1
U8938,27,Male,153,47.1,20.1,Build Muscle,Beginner,Home,7.2,9,2,0.76,75,Legs,1,61,438,1
U8939,34,Female,159,53.1,21,Improve Fitness,Intermediate,Gym,6.6,1,5,0.74,61,Full Body,2,55,518,1
U8940,34,Female,167,71.4,25.6,Improve Fitness,Advanced,Mixed,6.4,6,1,0.9,95,Cardio,3,35,234,1
U8941,22,Male,185,79.7,23.3,Lose Weight,Intermediate,Gym,8.1,3,2,0.68,57,Cardio,2,37,397,1
U8942,23,Male,178,71.9,22.7,Build Muscle,Beginner,Mixed,7.2,4,2,0.4,81,Pull,1,62,694,1
U8943,24,Male,153,58.3,24.9,Build Muscle,Intermediate,Gym,8.2,7,4,0.83,73,Pull,2,57,613,1
U8944,25,Male,194,86.6,23,Improve Fitness,Advanced,Gym,8.8,0,5,1,66,Upper Body,3,58,543,1
U8945,41,Male,175,88.5,28.9,Lose Weight,Beginner,Home,6.3,2,1,0.61,66,Cardio,1,30,206,1
U8946,38,Male,182,90.8,27.4,Build Muscle,Beginner,Gym,5.9,1,6,1,86,Upper Body,1,44,472,1
U8947,32,Male,177,85.5,27.3,Lose Weight,Intermediate,Home,6.8,4,5,0.87,30,Full Body,2,51,424,1
U8948,43,Female,166,72.7,26.4,Improve Fitness,Intermediate,Gym,7.3,8,5,0.38,78,Full Body,2,41,468,0
U8949,24,Female,174,81.7,27,Build Muscle,Intermediate,Gym,5.1,6,2,0.51,100,Full Body,2,56,411,1
U8950,43,Male,172,70.1,23.7,Improve Fitness,Beginner,Gym,8.2,9,5,0.92,77,Cardio,1,33,318,1
U8951,33,Female,188,101.8,28.8,Gain Strength,Beginner,Mixed,4.8,3,1,0.68,30,Pull,1,55,623,0
U8952,20,Male,189,61.4,17.2,Gain Strength,Intermediate,Mixed,6.5,9,4,0.6,72,Legs,2,75,789,1
U8953,43,Female,193,90.9,24.4,Gain Strength,Beginner,Home,7.2,4,3,0.75,76,Push,1,52,525,1
U8954,20,Female,168,57.9,20.5,Improve Fitness,Intermediate,Gym,6.3,0,2,0.71,71,Cardio,2,34,285,1
U8955,35,Male,183,67,20,Build Muscle,Intermediate,Mixed,8.3,5,4,0.85,59,Push,2,49,330,1
U8956,19,Female,157,58.2,23.6,Lose Weight,Beginner,Gym,9.3,10,1,0.75,77,Full Body,1,48,408,1
U8957,22,Female,166,60.3,21.9,Gain Strength,Beginner,Gym,6.8,6,2,0.99,73,Push,1,59,391,1
U8958,26,Male,168,68.3,24.2,Improve Fitness,Beginner,Gym,7.1,9,6,1,72,Upper Body,1,61,424,1
U8959,20,Female,151,47.9,21,Lose Weight,Intermediate,Gym,6.4,9,0,0.86,50,Cardio,2,41,315,1
U8960,38,Female,178,83.6,26.4,Lose Weight,Intermediate,Home,6.3,5,4,0.39,57,Cardio,2,30,322,1
U8961,42,Male,162,64.6,24.6,Lose Weight,Advanced,Gym,8.6,6,0,0.88,67,Cardio,3,34,321,1
U8962,36,Male,191,104.3,28.6,Improve Fitness,Intermediate,Mixed,6.7,2,4,0.46,72,Recovery,2,33,365,1
U8963,40,Male,161,47.2,18.2,Lose Weight,Intermediate,Gym,8,3,6,0.87,58,Lower Body,2,63,707,1
U8964,37,Female,177,78.6,25.1,Lose Weight,Advanced,Gym,7.2,3,6,0.88,53,Cardio,3,31,243,1
U8965,27,Male,165,73.5,27,Lose Weight,Advanced,Gym,5.7,1,4,0.86,87,Cardio,3,36,387,1
U8966,36,Male,179,69.5,21.7,Build Muscle,Intermediate,Gym,8.4,10,1,0.44,88,Legs,2,45,347,1
U8967,31,Female,170,88.1,30.5,Build Muscle,Intermediate,Mixed,7.5,4,1,0.68,76,Upper Body,2,42,474,1
U8968,25,Female,164,59.2,22,Build Muscle,Beginner,Home,9.5,7,0,0.61,91,Push,1,51,550,1
U8969,40,Male,154,50.8,21.4,Lose Weight,Beginner,Home,8.9,0,1,1,77,Cardio,1,35,257,1
U8970,34,Male,188,90.8,25.7,Lose Weight,Intermediate,Gym,6,0,3,0.53,76,Recovery,2,26,295,1
U8971,18,Male,185,104.7,30.6,Improve Fitness,Advanced,Home,6.5,7,3,1,62,Full Body,3,56,641,1
U8972,28,Male,152,58.9,25.5,Lose Weight,Beginner,Gym,7.4,7,3,0.7,41,Lower Body,1,44,321,1
U8973,25,Male,195,83.3,21.9,Lose Weight,Beginner,Home,7.3,0,6,0.7,81,Recovery,1,31,354,1
U8974,26,Female,182,91.8,27.7,Improve Fitness,Advanced,Mixed,6.8,4,3,0.55,95,Cardio,3,48,516,1
U8975,24,Female,177,58.9,18.8,Build Muscle,Advanced,Mixed,6.4,10,0,0.57,83,Upper Body,3,55,548,1
U8976,42,Male,187,104.9,30,Improve Fitness,Beginner,Mixed,6.9,0,6,0.76,78,Cardio,1,46,359,1
U8977,21,Female,189,114.7,32.1,Build Muscle,Beginner,Home,5.1,7,3,0.85,77,Full Body,1,48,493,1
U8978,29,Male,157,56.4,22.9,Lose Weight,Beginner,Gym,7.5,3,0,0.85,80,Recovery,1,28,280,1
U8979,37,Female,160,86,33.6,Gain Strength,Intermediate,Gym,7.2,3,0,0.72,69,Pull,2,46,425,1
U8980,41,Male,156,65.2,26.8,Gain Strength,Intermediate,Gym,7.1,6,2,0.72,72,Push,2,53,584,1
U8981,44,Female,158,59.7,23.9,Gain Strength,Beginner,Home,6.4,7,2,0.8,67,Upper Body,1,57,623,1
U8982,26,Male,159,68.5,27.1,Lose Weight,Intermediate,Home,7.2,5,6,0.65,95,Full Body,2,60,456,1
U8983,25,Male,162,63.2,24.1,Improve Fitness,Beginner,Mixed,7.8,4,1,0.59,41,Cardio,1,41,383,0
U8984,29,Female,172,65.4,22.1,Improve Fitness,Intermediate,Home,4.7,1,0,0.68,94,Full Body,2,60,390,1
U8985,41,Male,160,53,20.7,Build Muscle,Intermediate,Gym,4.8,6,2,0.99,64,Lower Body,2,50,496,1
U8986,38,Female,192,89.9,24.4,Lose Weight,Intermediate,Gym,8,7,5,0.81,83,Full Body,2,59,661,1
U8987,39,Male,168,79.9,28.3,Lose Weight,Intermediate,Mixed,5.2,5,1,0.47,89,Lower Body,2,63,700,0
U8988,25,Male,158,52.9,21.2,Build Muscle,Beginner,Mixed,6.4,0,4,0.49,65,Pull,1,64,498,1
U8989,37,Female,159,58.1,23,Lose Weight,Beginner,Mixed,6.1,8,5,0.53,76,Recovery,1,30,260,1
U8990,44,Male,175,64.6,21.1,Improve Fitness,Beginner,Gym,6.4,3,1,0.33,100,Upper Body,1,52,395,0
U8991,38,Male,154,67.6,28.5,Lose Weight,Intermediate,Home,6.6,8,0,0.56,72,Cardio,2,33,313,1
U8992,37,Female,167,68,24.4,Build Muscle,Intermediate,Gym,5.7,3,6,0.26,64,Pull,2,45,418,1
U8993,27,Female,186,61.9,17.9,Gain Strength,Advanced,Gym,7.3,1,0,0.75,57,Push,3,56,576,1
U8994,32,Male,184,75.5,22.3,Build Muscle,Beginner,Home,9,6,5,0.86,65,Push,1,48,528,1
U8995,32,Female,170,98.5,34.1,Build Muscle,Beginner,Gym,5.8,2,1,0.57,70,Push,1,56,619,1
U8996,21,Male,173,54.2,18.1,Lose Weight,Intermediate,Gym,9.1,8,0,0.75,60,Recovery,2,21,221,1
U8997,20,Female,182,87.4,26.4,Improve Fitness,Beginner,Mixed,7.3,10,2,0.67,53,Cardio,1,40,307,0
U8998,30,Male,164,49.8,18.5,Lose Weight,Intermediate,Mixed,9.5,1,0,0.48,97,Recovery,2,31,273,1
U8999,24,Male,192,77.4,21,Gain Strength,Beginner,Home,8,9,0,0.8,81,Pull,1,67,765,1
U9000,23,Female,188,97.5,27.6,Gain Strength,Beginner,Gym,5.3,7,1,0.6,51,Push,1,67,636,0
U9001,27,Female,152,58.5,25.3,Lose Weight,Advanced,Mixed,5.6,10,3,0.36,68,Cardio,3,41,381,0
U9002,26,Female,166,46.8,17,Build Muscle,Beginner,Gym,7.4,3,4,0.49,59,Upper Body,1,54,451,1
U9003,32,Female,158,42.4,17,Improve Fitness,Intermediate,Home,8.9,8,0,0.46,66,Cardio,2,39,384,0
U9004,19,Female,181,55.7,17,Improve Fitness,Intermediate,Gym,6.2,4,6,1,76,Lower Body,2,46,496,1
U9005,45,Female,195,81.8,21.5,Build Muscle,Beginner,Gym,7.1,1,2,0.62,70,Pull,1,70,616,1
U9006,43,Female,186,95.5,27.6,Build Muscle,Intermediate,Home,6.7,8,5,0.76,75,Lower Body,2,46,338,1
U9007,35,Male,173,69.1,23.1,Gain Strength,Beginner,Home,6.3,2,1,0.63,82,Push,1,49,394,1
U9008,42,Male,164,74.8,27.8,Lose Weight,Intermediate,Gym,5.8,7,3,0.67,60,Full Body,2,55,618,1
U9009,22,Male,161,72.3,27.9,Build Muscle,Beginner,Gym,6.6,7,6,1,75,Lower Body,1,45,475,1
U9010,39,Male,181,96.6,29.5,Build Muscle,Intermediate,Gym,6,1,2,0.72,81,Pull,2,54,480,1
U9011,37,Male,187,70.6,20.2,Gain Strength,Intermediate,Gym,7.1,0,5,0.91,67,Push,2,57,374,1
U9012,40,Female,175,64,20.9,Build Muscle,Advanced,Gym,9.1,7,1,0.51,74,Pull,3,53,455,1
U9013,45,Male,172,63.6,21.5,Build Muscle,Advanced,Home,6.1,2,2,0.85,68,Upper Body,3,43,399,1
U9014,44,Male,194,98.6,26.2,Build Muscle,Beginner,Mixed,4.6,4,6,0.81,61,Push,1,48,427,1
U9015,43,Male,162,44.6,17,Improve Fitness,Advanced,Gym,9.2,6,3,0.83,75,Recovery,3,22,205,1
U9016,21,Female,156,72.3,29.7,Build Muscle,Beginner,Gym,7.4,7,0,0.58,69,Pull,1,68,624,1
U9017,21,Male,151,49.5,21.7,Build Muscle,Beginner,Mixed,6.5,8,0,0.49,57,Lower Body,1,51,366,0
U9018,39,Female,191,103.2,28.3,Improve Fitness,Beginner,Gym,7.5,1,5,0.63,56,Recovery,1,21,221,1
U9019,18,Male,181,74.7,22.8,Build Muscle,Intermediate,Gym,5.2,0,1,0.74,86,Upper Body,2,51,498,1
U9020,44,Female,173,103,34.4,Gain Strength,Beginner,Gym,5.9,8,3,0.88,61,Upper Body,1,42,467,1
U9021,44,Female,163,52.6,19.8,Build Muscle,Beginner,Gym,5.9,2,4,0.75,58,Push,1,70,493,1
U9022,29,Female,183,73.7,22,Gain Strength,Intermediate,Gym,6.6,0,4,0.59,59,Pull,2,57,452,1
U9023,20,Male,188,60.1,17,Gain Strength,Intermediate,Home,7.2,3,4,0.73,60,Push,2,50,501,1
U9024,43,Male,159,65.7,26,Gain Strength,Beginner,Gym,8.6,10,2,0.72,91,Push,1,62,582,1
U9025,22,Male,151,77.3,33.9,Lose Weight,Intermediate,Gym,9.5,8,1,0.51,54,Cardio,2,37,423,1
U9026,30,Male,193,84.2,22.6,Build Muscle,Beginner,Gym,7.2,7,2,1,81,Push,1,53,531,1
U9027,31,Male,163,51.5,19.4,Gain Strength,Beginner,Home,6.4,4,4,0.71,49,Pull,1,61,474,1
U9028,32,Male,150,55.4,24.6,Build Muscle,Intermediate,Gym,5.8,5,5,0.42,57,Legs,2,54,543,1
U9029,32,Male,172,77.5,26.2,Build Muscle,Advanced,Mixed,7.5,3,3,0.74,86,Lower Body,3,48,465,1
U9030,36,Male,158,70.4,28.2,Build Muscle,Beginner,Gym,7.3,7,6,0.73,73,Legs,1,68,518,1
U9031,41,Female,170,69.1,23.9,Build Muscle,Advanced,Mixed,4.7,0,2,0.92,77,Lower Body,3,40,374,1
U9032,40,Female,175,59.4,19.4,Lose Weight,Beginner,Gym,8.7,8,6,0.61,70,Lower Body,1,55,612,1
U9033,31,Male,157,71,28.8,Lose Weight,Intermediate,Gym,7.3,3,6,0.96,66,Recovery,2,33,231,1
U9034,40,Male,164,85,31.6,Build Muscle,Beginner,Home,6.2,0,1,0.96,38,Legs,1,60,420,1
U9035,39,Male,194,74.9,19.9,Gain Strength,Beginner,Home,7.4,1,5,0.65,70,Pull,1,47,455,1
U9036,36,Male,182,81.8,24.7,Build Muscle,Beginner,Gym,5.8,3,3,0.52,75,Lower Body,1,54,475,1
U9037,35,Male,195,82.5,21.7,Build Muscle,Intermediate,Gym,8.6,7,5,0.69,82,Lower Body,2,55,358,1
U9038,42,Male,190,95.3,26.4,Build Muscle,Intermediate,Mixed,6.4,8,5,0.36,89,Push,2,57,471,1
U9039,33,Female,154,48.4,20.4,Gain Strength,Intermediate,Mixed,6.7,4,1,0.69,71,Pull,2,51,582,1
U9040,19,Male,162,74.8,28.5,Gain Strength,Advanced,Home,7.1,2,1,0.7,87,Lower Body,3,58,612,1
U9041,34,Female,179,86.5,27,Gain Strength,Intermediate,Gym,6.3,2,3,0.51,59,Push,2,47,316,1
U9042,41,Male,175,74.4,24.3,Build Muscle,Intermediate,Mixed,5.7,4,1,0.74,70,Push,2,61,632,1
U9043,21,Male,158,42.4,17,Lose Weight,Advanced,Mixed,5.6,9,5,0.2,66,Full Body,3,52,357,0
U9044,18,Male,150,65.2,29,Gain Strength,Beginner,Home,5,10,1,0.48,69,Push,1,70,534,0
U9045,44,Female,152,46.2,20,Lose Weight,Intermediate,Gym,5.9,9,6,0.82,64,Full Body,2,52,473,1
U9046,41,Female,190,66.1,18.3,Lose Weight,Advanced,Gym,4.8,5,5,1,88,Recovery,3,23,245,1
U9047,20,Male,195,85.9,22.6,Gain Strength,Beginner,Gym,7.2,5,2,0.63,79,Legs,1,52,474,1
U9048,18,Female,174,63.3,20.9,Lose Weight,Intermediate,Gym,6.5,1,5,0.8,93,Full Body,2,57,495,1
U9049,23,Male,177,86.5,27.6,Lose Weight,Intermediate,Mixed,8.5,1,4,0.66,62,Cardio,2,46,471,1
U9050,18,Male,169,48.6,17,Gain Strength,Advanced,Gym,7.2,3,3,0.79,67,Pull,3,54,418,1
U9051,41,Male,177,66.4,21.2,Build Muscle,Intermediate,Gym,8.5,4,1,0.83,91,Full Body,2,46,519,1
U9052,26,Female,185,70.2,20.5,Build Muscle,Beginner,Gym,6.3,5,3,0.94,71,Push,1,69,582,1
U9053,22,Female,191,80.6,22.1,Improve Fitness,Intermediate,Gym,6.6,1,1,0.72,87,Full Body,2,55,538,1
U9054,28,Male,167,66.4,23.8,Gain Strength,Beginner,Mixed,8,0,6,0.8,58,Push,1,69,517,1
U9055,23,Male,171,60.8,20.8,Build Muscle,Intermediate,Gym,6.6,10,2,0.48,64,Pull,2,60,471,0
U9056,26,Male,172,91.4,30.9,Build Muscle,Advanced,Home,7.1,2,6,0.58,100,Legs,3,45,409,1
U9057,18,Female,179,66,20.6,Lose Weight,Intermediate,Gym,6,1,5,0.94,81,Cardio,2,50,397,1
U9058,25,Female,194,90.3,24,Lose Weight,Beginner,Home,8,2,1,0.77,54,Full Body,1,58,543,1
U9059,42,Female,182,56.3,17,Gain Strength,Intermediate,Home,6.5,0,2,0.92,65,Pull,2,49,496,1
U9060,33,Female,161,68.4,26.4,Build Muscle,Beginner,Gym,7.3,1,6,0.42,65,Pull,1,57,445,1
U9061,19,Female,175,79.6,26,Gain Strength,Intermediate,Gym,6.2,3,5,0.65,77,Push,2,59,528,1
U9062,35,Male,187,86.7,24.8,Lose Weight,Intermediate,Gym,8.3,2,1,0.79,57,Full Body,2,51,378,1
U9063,34,Female,192,82.9,22.5,Gain Strength,Advanced,Mixed,7.1,4,2,0.96,64,Legs,3,74,484,1
U9064,31,Male,163,45.7,17.2,Gain Strength,Beginner,Mixed,7.6,8,3,0.58,52,Push,1,67,708,0
U9065,31,Male,179,78.8,24.6,Gain Strength,Beginner,Gym,8.2,5,0,0.62,79,Lower Body,1,49,441,1
U9066,43,Male,185,93.8,27.4,Build Muscle,Intermediate,Gym,8,10,2,0.59,55,Push,2,68,565,1
U9067,30,Male,173,61.1,20.4,Gain Strength,Beginner,Home,8,0,5,0.84,57,Upper Body,1,45,513,1
U9068,22,Female,168,94.6,33.5,Build Muscle,Beginner,Gym,5.9,5,0,0.9,94,Pull,1,51,530,1
U9069,32,Female,175,76.6,25,Gain Strength,Beginner,Mixed,6.3,0,2,0.59,68,Legs,1,48,405,1
U9070,19,Female,177,90.9,29,Build Muscle,Intermediate,Gym,5.8,1,4,0.39,77,Pull,2,49,556,1
U9071,45,Male,161,69.7,26.9,Improve Fitness,Beginner,Gym,9.3,10,6,0.47,69,Cardio,1,49,502,1
U9072,21,Male,189,105,29.4,Gain Strength,Intermediate,Gym,7.2,8,1,0.68,83,Push,2,62,563,1
U9073,29,Male,155,52.9,22,Lose Weight,Beginner,Gym,8,10,3,0.49,49,Lower Body,1,44,294,0
U9074,37,Male,159,59.2,23.4,Lose Weight,Beginner,Gym,4.5,8,0,0.74,46,Cardio,1,48,531,0
U9075,20,Male,184,87,25.7,Improve Fitness,Beginner,Gym,7.3,3,5,0.71,78,Full Body,1,60,517,1
U9076,44,Male,170,73.4,25.4,Build Muscle,Intermediate,Home,6.8,4,5,1,77,Upper Body,2,44,469,1
U9077,34,Male,176,85.8,27.7,Lose Weight,Intermediate,Gym,8.3,5,1,0.84,100,Full Body,2,46,378,1
U9078,39,Female,153,59,25.2,Gain Strength,Intermediate,Gym,7.1,2,5,0.6,68,Lower Body,2,60,521,1
U9079,37,Female,152,49.4,21.4,Gain Strength,Beginner,Gym,7.8,4,6,0.56,73,Legs,1,64,564,1
U9080,36,Female,159,68,26.9,Lose Weight,Beginner,Gym,7.3,1,4,0.56,82,Full Body,1,45,327,1
U9081,18,Female,161,62.5,24.1,Lose Weight,Intermediate,Gym,4.5,8,5,0.54,93,Cardio,2,45,477,1
U9082,41,Male,178,97.3,30.7,Lose Weight,Beginner,Gym,7.7,8,0,0.86,60,Full Body,1,54,524,1
U9083,43,Male,154,55.5,23.4,Build Muscle,Beginner,Mixed,8.5,2,4,0.8,72,Pull,1,52,341,1
U9084,37,Female,182,78.5,23.7,Lose Weight,Intermediate,Home,8.4,10,4,0.92,81,Lower Body,2,57,425,1
U9085,32,Male,163,65.9,24.8,Gain Strength,Beginner,Mixed,6.7,10,1,0.84,55,Push,1,52,442,1
U9086,30,Female,160,53,20.7,Build Muscle,Beginner,Home,5.5,10,6,0.94,61,Legs,1,69,666,1
U9087,23,Female,170,75.7,26.2,Lose Weight,Intermediate,Gym,7,5,0,1,78,Cardio,2,39,284,1
U9088,34,Female,178,53.9,17,Build Muscle,Beginner,Gym,8.4,2,3,0.65,68,Pull,1,64,662,1
U9089,31,Female,159,54.9,21.7,Lose Weight,Intermediate,Gym,7.3,10,4,0.75,62,Full Body,2,45,494,1
U9090,36,Female,189,80,22.4,Improve Fitness,Intermediate,Gym,7.2,4,1,0.3,50,Cardio,2,37,394,0
U9091,26,Male,178,99.8,31.5,Build Muscle,Beginner,Gym,7.5,8,0,0.63,46,Push,1,63,521,0
U9092,40,Female,153,56.9,24.3,Lose Weight,Advanced,Gym,8.2,6,3,1,100,Full Body,3,47,465,1
U9093,22,Female,193,77.5,20.8,Improve Fitness,Intermediate,Home,6.6,6,0,0.46,59,Upper Body,2,45,341,0
U9094,22,Male,174,71.5,23.6,Build Muscle,Intermediate,Mixed,6.7,4,1,1,52,Push,2,56,368,1
U9095,19,Male,186,84.1,24.3,Build Muscle,Advanced,Mixed,4.8,4,5,0.78,51,Legs,3,70,526,1
U9096,36,Female,194,109.5,29.1,Build Muscle,Intermediate,Mixed,6.8,4,2,0.47,40,Legs,2,71,508,0
U9097,35,Male,156,49.6,20.4,Build Muscle,Beginner,Gym,7.4,3,1,0.8,64,Legs,1,45,347,1
U9098,24,Female,151,64.8,28.4,Improve Fitness,Beginner,Home,5.9,5,3,0.2,76,Upper Body,1,63,675,0
U9099,38,Male,154,70.9,29.9,Lose Weight,Intermediate,Home,8.5,9,0,0.49,63,Lower Body,2,63,434,0
U9100,38,Female,176,85.2,27.5,Gain Strength,Intermediate,Gym,6.4,7,5,0.74,61,Lower Body,2,59,670,1
U9101,25,Male,178,63.1,19.9,Lose Weight,Beginner,Mixed,6.1,6,1,0.89,72,Full Body,1,46,430,1
U9102,25,Male,183,99.8,29.8,Build Muscle,Beginner,Gym,7.7,7,2,1,84,Push,1,63,580,1
U9103,43,Female,159,70,27.7,Build Muscle,Intermediate,Gym,7,7,0,1,73,Legs,2,68,744,1
U9104,19,Male,195,64.6,17,Gain Strength,Intermediate,Home,7.4,9,0,0.54,87,Upper Body,2,58,518,0
U9105,31,Female,168,77.6,27.5,Gain Strength,Beginner,Mixed,6.9,1,0,0.56,74,Upper Body,1,41,387,1
U9106,43,Male,182,72.2,21.8,Lose Weight,Beginner,Gym,8,7,4,0.82,100,Cardio,1,45,476,1
U9107,19,Female,179,72.4,22.6,Build Muscle,Intermediate,Home,6.8,5,0,0.69,70,Lower Body,2,43,407,1
U9108,43,Female,159,72.8,28.8,Build Muscle,Intermediate,Home,6.8,5,3,1,80,Push,2,58,449,1
U9109,34,Female,155,54.1,22.5,Lose Weight,Intermediate,Home,6.3,9,0,0.91,72,Lower Body,2,65,674,1
U9110,43,Male,195,93.2,24.5,Improve Fitness,Intermediate,Gym,6.4,4,5,0.71,62,Lower Body,2,49,390,1
U9111,43,Female,180,97.8,30.2,Gain Strength,Beginner,Gym,7.9,2,0,0.69,69,Push,1,61,584,1
U9112,26,Female,189,88.9,24.9,Build Muscle,Intermediate,Home,7.1,6,5,0.55,43,Full Body,2,58,581,0
U9113,19,Male,159,53.3,21.1,Gain Strength,Beginner,Mixed,7,3,2,0.59,84,Pull,1,49,458,1
U9114,22,Female,161,60.9,23.5,Build Muscle,Intermediate,Gym,9.2,2,2,0.62,74,Lower Body,2,56,538,1
U9115,37,Female,169,66.5,23.3,Lose Weight,Intermediate,Gym,7.6,7,0,0.91,81,Cardio,2,49,481,1
U9116,40,Female,194,64,17,Improve Fitness,Advanced,Mixed,7.6,6,6,0.54,67,Full Body,3,42,435,1
U9117,33,Male,168,77.3,27.4,Improve Fitness,Beginner,Gym,5.9,3,3,0.93,66,Full Body,1,46,395,1
U9118,33,Female,182,111.3,33.6,Build Muscle,Beginner,Mixed,7.2,0,2,1,89,Legs,1,65,549,1
U9119,31,Male,195,83.3,21.9,Build Muscle,Beginner,Gym,5.7,5,6,0.74,63,Push,1,52,440,1
U9120,41,Female,151,70.9,31.1,Lose Weight,Intermediate,Gym,6.8,0,4,0.67,51,Cardio,2,38,404,1
U9121,21,Male,172,77.8,26.3,Build Muscle,Beginner,Gym,5.8,1,4,0.8,80,Lower Body,1,40,290,1
U9122,45,Female,183,71.7,21.4,Build Muscle,Advanced,Gym,8.2,4,1,0.67,49,Legs,3,72,704,1
U9123,44,Male,150,69.8,31,Build Muscle,Intermediate,Home,6.1,0,5,0.81,78,Push,2,60,546,1
U9124,23,Male,191,95.2,26.1,Build Muscle,Advanced,Home,7.5,8,6,0.55,97,Push,3,53,477,1
U9125,32,Female,185,97.5,28.5,Build Muscle,Advanced,Mixed,7.6,4,5,0.48,57,Lower Body,3,44,317,1
U9126,32,Male,173,81.7,27.3,Build Muscle,Beginner,Home,4.9,1,5,0.78,52,Lower Body,1,54,572,1
U9127,28,Male,194,78.7,20.9,Improve Fitness,Beginner,Gym,5.5,6,0,0.76,88,Cardio,1,32,331,1
U9128,20,Female,176,80.5,26,Build Muscle,Beginner,Home,7.6,10,0,0.75,82,Upper Body,1,52,578,1
U9129,26,Male,167,73.9,26.5,Gain Strength,Intermediate,Home,4.5,3,6,0.88,84,Legs,2,72,703,1
U9130,29,Female,173,68.8,23,Build Muscle,Beginner,Mixed,4.9,4,4,0.76,76,Pull,1,57,457,1
U9131,29,Male,181,74,22.6,Build Muscle,Advanced,Home,7.3,3,0,0.91,100,Push,3,65,493,1
U9132,21,Male,171,73.4,25.1,Lose Weight,Intermediate,Gym,7.5,7,2,0.57,64,Recovery,2,22,239,0
U9133,19,Male,154,56.7,23.9,Improve Fitness,Beginner,Gym,8.4,6,0,0.87,100,Full Body,1,45,379,1
U9134,38,Female,168,51.4,18.2,Gain Strength,Beginner,Home,5.6,4,4,0.92,93,Legs,1,51,517,1
U9135,38,Male,154,58.3,24.6,Gain Strength,Intermediate,Home,4.5,5,0,0.59,77,Upper Body,2,46,382,0
U9136,43,Male,153,48.5,20.7,Gain Strength,Advanced,Home,7.3,6,6,1,93,Push,3,54,485,1
U9137,29,Female,182,92.4,27.9,Build Muscle,Intermediate,Home,7,7,4,0.63,83,Push,2,54,591,1
U9138,32,Female,189,87.9,24.6,Improve Fitness,Beginner,Gym,7.2,9,2,0.44,61,Cardio,1,36,403,0
U9139,32,Female,182,91.8,27.7,Build Muscle,Intermediate,Home,5.9,8,6,0.77,78,Full Body,2,43,310,1
U9140,29,Male,161,68.7,26.5,Gain Strength,Beginner,Mixed,7.7,4,0,0.83,62,Legs,1,60,663,1
U9141,45,Male,175,56,18.3,Lose Weight,Intermediate,Gym,6.1,6,0,0.85,53,Cardio,2,31,297,1
U9142,34,Female,168,56.7,20.1,Build Muscle,Beginner,Gym,5.9,1,4,0.39,54,Lower Body,1,55,383,0
U9143,19,Female,156,69.8,28.7,Build Muscle,Beginner,Home,6.3,7,4,0.41,64,Pull,1,53,413,0
U9144,23,Male,177,83.3,26.6,Lose Weight,Intermediate,Gym,5.1,4,6,0.89,50,Recovery,2,25,213,1
U9145,31,Male,185,78,22.8,Build Muscle,Intermediate,Gym,6.7,4,2,0.62,71,Upper Body,2,44,314,1
U9146,19,Female,188,98.3,27.8,Lose Weight,Advanced,Gym,7.1,2,5,0.61,78,Lower Body,3,40,393,1
U9147,44,Male,181,83.2,25.4,Build Muscle,Beginner,Gym,6.4,6,5,0.73,60,Push,1,64,671,1
U9148,35,Female,169,59.7,20.9,Build Muscle,Intermediate,Gym,8,3,5,0.8,83,Full Body,2,42,407,1
U9149,36,Male,186,94.1,27.2,Gain Strength,Beginner,Home,6.1,2,0,0.9,67,Lower Body,1,55,513,1
U9150,19,Female,159,71.8,28.4,Lose Weight,Intermediate,Gym,7,7,0,0.78,77,Cardio,2,33,289,1
U9151,33,Female,170,80.6,27.9,Lose Weight,Intermediate,Gym,5.3,8,1,0.44,82,Full Body,2,52,594,0
U9152,41,Female,188,91.9,26,Gain Strength,Beginner,Gym,6.2,9,1,0.79,50,Upper Body,1,47,440,0
U9153,30,Female,171,105.3,36,Build Muscle,Beginner,Mixed,8.5,6,3,0.83,73,Full Body,1,53,415,1
U9154,41,Female,161,56.8,21.9,Gain Strength,Beginner,Gym,5.7,9,0,0.7,59,Push,1,63,517,0
U9155,36,Female,193,78.6,21.1,Lose Weight,Intermediate,Mixed,5.5,2,4,0.76,66,Cardio,2,47,307,1
U9156,23,Male,181,87.5,26.7,Lose Weight,Beginner,Gym,7.6,4,1,0.76,100,Cardio,1,34,371,1
U9157,24,Female,165,76.2,28,Lose Weight,Intermediate,Mixed,5.7,8,5,0.8,71,Cardio,2,38,317,1
U9158,21,Male,179,60.6,18.9,Gain Strength,Intermediate,Gym,5.5,9,0,0.8,82,Legs,2,47,400,1
U9159,39,Male,152,46.4,20.1,Build Muscle,Beginner,Gym,8.2,8,5,0.77,89,Upper Body,1,57,642,1
U9160,27,Female,167,81.2,29.1,Improve Fitness,Beginner,Gym,6.9,9,6,1,55,Cardio,1,46,412,1
U9161,33,Male,181,113,34.5,Gain Strength,Beginner,Gym,6.1,4,4,0.71,63,Push,1,62,458,1
U9162,40,Female,164,61.6,22.9,Gain Strength,Beginner,Home,9.5,3,6,0.64,84,Lower Body,1,46,464,1
U9163,25,Female,169,67.1,23.5,Improve Fitness,Beginner,Gym,8.1,6,2,0.62,75,Full Body,1,54,427,1
U9164,39,Female,188,95.8,27.1,Lose Weight,Advanced,Mixed,6.3,10,6,1,82,Full Body,3,52,377,1
U9165,22,Female,179,75.6,23.6,Gain Strength,Intermediate,Mixed,6.3,1,0,0.74,53,Legs,2,59,399,1
U9166,21,Female,167,89.2,32,Lose Weight,Advanced,Mixed,7.6,5,3,0.7,87,Cardio,3,45,444,1
U9167,42,Female,183,72,21.5,Lose Weight,Beginner,Gym,5.8,3,5,0.7,73,Lower Body,1,40,443,1
U9168,21,Female,184,90.4,26.7,Build Muscle,Beginner,Home,5.5,9,4,0.64,30,Pull,1,68,755,0
U9169,40,Female,176,60.4,19.5,Gain Strength,Beginner,Home,7.9,6,5,0.89,54,Legs,1,69,458,1
U9170,44,Male,154,54.8,23.1,Improve Fitness,Intermediate,Gym,7.1,2,2,0.91,94,Cardio,2,43,352,1
U9171,29,Female,180,81.3,25.1,Improve Fitness,Beginner,Home,6.8,2,3,0.46,73,Full Body,1,56,604,1
U9172,26,Male,174,100.5,33.2,Build Muscle,Intermediate,Home,8.5,10,1,0.75,76,Pull,2,52,481,1
U9173,41,Male,163,57.4,21.6,Lose Weight,Beginner,Mixed,6.7,5,2,0.75,74,Recovery,1,28,274,1
U9174,35,Male,184,97.2,28.7,Improve Fitness,Beginner,Home,8.2,3,4,0.81,57,Lower Body,1,48,525,1
U9175,29,Male,181,67.2,20.5,Gain Strength,Intermediate,Gym,6.1,9,3,0.76,41,Pull,2,68,767,0
U9176,31,Male,151,55.9,24.5,Lose Weight,Advanced,Home,8.6,8,1,0.84,66,Full Body,3,44,479,1
U9177,22,Male,150,48.6,21.6,Improve Fitness,Intermediate,Home,8,2,5,0.78,68,Recovery,2,27,288,1
U9178,31,Male,191,80.3,22,Build Muscle,Intermediate,Gym,7.2,6,5,0.67,83,Push,2,56,607,1
U9179,37,Male,183,99.5,29.7,Build Muscle,Advanced,Home,5.6,0,6,0.5,92,Pull,3,46,430,1
U9180,28,Male,189,90,25.2,Lose Weight,Beginner,Mixed,5.9,0,4,0.9,77,Cardio,1,41,314,1
U9181,44,Female,157,83.3,33.8,Build Muscle,Beginner,Gym,6.8,2,0,0.92,50,Upper Body,1,62,464,1
U9182,21,Female,174,92,30.4,Build Muscle,Beginner,Home,8.1,3,6,1,88,Push,1,47,373,1
U9183,37,Female,157,59.4,24.1,Lose Weight,Intermediate,Gym,5.8,8,1,0.61,45,Cardio,2,30,308,0
U9184,43,Female,182,68.2,20.6,Build Muscle,Advanced,Gym,7.6,5,1,0.71,68,Pull,3,54,470,1
U9185,24,Male,188,74.9,21.2,Lose Weight,Advanced,Mixed,5.2,5,3,0.75,77,Cardio,3,38,273,1
U9186,25,Male,173,60.8,20.3,Gain Strength,Intermediate,Gym,6.5,10,6,1,89,Legs,2,65,549,1
U9187,32,Male,188,64.7,18.3,Gain Strength,Intermediate,Gym,7,7,1,0.98,68,Pull,2,59,557,1
U9188,37,Female,167,65.3,23.4,Gain Strength,Beginner,Home,8.3,4,4,0.9,86,Legs,1,75,526,1
U9189,44,Male,154,55.5,23.4,Build Muscle,Beginner,Home,7.8,3,4,0.99,71,Full Body,1,48,337,1
U9190,35,Male,183,76.4,22.8,Build Muscle,Beginner,Gym,8.5,2,4,1,100,Push,1,55,524,1
U9191,43,Male,181,75,22.9,Gain Strength,Advanced,Home,6.8,9,2,0.53,73,Lower Body,3,58,453,0
U9192,32,Female,160,51.2,20,Lose Weight,Beginner,Home,6.5,3,1,0.85,77,Full Body,1,44,369,1
U9193,39,Male,184,57.6,17,Build Muscle,Beginner,Gym,8.8,8,3,0.52,57,Lower Body,1,65,735,1
U9194,21,Female,160,49.4,19.3,Build Muscle,Beginner,Mixed,6.4,4,0,0.56,58,Legs,1,66,692,1
U9195,37,Male,170,49.1,17,Build Muscle,Beginner,Mixed,7.2,5,2,0.76,100,Push,1,51,575,1
U9196,25,Female,187,92.7,26.5,Lose Weight,Beginner,Mixed,6.6,7,0,0.5,70,Cardio,1,38,379,0
U9197,29,Male,165,71.9,26.4,Lose Weight,Intermediate,Gym,6.5,3,0,0.73,100,Cardio,2,43,388,1
U9198,24,Female,170,66.2,22.9,Build Muscle,Beginner,Gym,5,10,6,0.88,76,Upper Body,1,42,413,1
U9199,44,Female,169,49.4,17.3,Lose Weight,Intermediate,Mixed,7.6,6,6,0.54,78,Cardio,2,44,349,1
U9200,44,Female,174,98.4,32.5,Lose Weight,Intermediate,Home,6.9,6,4,0.91,53,Lower Body,2,61,544,1
U9201,44,Female,186,62.6,18.1,Gain Strength,Beginner,Gym,9.3,1,2,0.78,81,Push,1,67,589,1
U9202,26,Female,168,82.7,29.3,Lose Weight,Intermediate,Mixed,6.5,9,0,0.87,82,Cardio,2,45,509,1
U9203,43,Female,190,69,19.1,Gain Strength,Beginner,Gym,8.8,6,0,0.96,52,Lower Body,1,51,404,1
U9204,43,Female,157,62.4,25.3,Build Muscle,Intermediate,Home,6.8,6,4,0.98,50,Lower Body,2,63,630,1
U9205,38,Female,162,94.5,36,Build Muscle,Intermediate,Home,6.9,2,4,0.85,92,Pull,2,54,404,1
U9206,34,Female,175,72.6,23.7,Build Muscle,Beginner,Mixed,7,1,3,0.63,58,Lower Body,1,57,638,1
U9207,40,Female,191,93.4,25.6,Lose Weight,Intermediate,Gym,7,5,1,0.63,65,Cardio,2,48,327,1
U9208,31,Female,170,77.7,26.9,Gain Strength,Intermediate,Gym,6.2,2,1,0.68,85,Legs,2,53,584,1
U9209,34,Male,153,59.7,25.5,Build Muscle,Beginner,Gym,5.9,8,6,0.72,78,Lower Body,1,65,737,1
U9210,18,Male,154,68.1,28.7,Lose Weight,Beginner,Gym,6.3,9,2,0.62,61,Full Body,1,53,424,1
U9211,37,Female,190,78.7,21.8,Improve Fitness,Beginner,Gym,7.5,3,5,0.83,87,Upper Body,1,41,403,1
U9212,28,Female,184,81.6,24.1,Gain Strength,Advanced,Gym,5.6,5,1,0.84,74,Legs,3,69,539,1
U9213,43,Female,182,82.1,24.8,Gain Strength,Intermediate,Home,5.7,3,5,0.68,54,Legs,2,60,649,1
U9214,30,Male,174,80.2,26.5,Lose Weight,Advanced,Mixed,6.6,3,4,0.63,48,Cardio,3,40,314,1
U9215,22,Female,165,78.4,28.8,Build Muscle,Intermediate,Gym,6.8,2,4,0.74,60,Lower Body,2,60,478,1
U9216,40,Female,162,46.2,17.6,Gain Strength,Advanced,Mixed,6.5,8,3,0.65,76,Pull,3,62,622,1
U9217,31,Female,152,53.1,23,Improve Fitness,Intermediate,Gym,6.3,0,0,0.45,72,Full Body,2,60,393,0
U9218,23,Male,155,50.9,21.2,Build Muscle,Intermediate,Mixed,8.6,9,5,0.75,80,Push,2,64,587,1
U9219,35,Female,193,87.5,23.5,Improve Fitness,Beginner,Mixed,7.3,2,1,0.56,54,Lower Body,1,52,366,1
U9220,21,Female,158,61.4,24.6,Lose Weight,Intermediate,Gym,7.7,5,5,0.37,64,Full Body,2,41,369,1
U9221,41,Male,167,89.8,32.2,Lose Weight,Beginner,Gym,7.6,1,4,1,62,Cardio,1,42,445,1
U9222,44,Male,165,61.5,22.6,Gain Strength,Beginner,Mixed,8.2,2,2,0.83,70,Legs,1,67,475,1
U9223,24,Male,166,52.9,19.2,Improve Fitness,Beginner,Home,8.4,6,4,1,48,Cardio,1,44,368,1
U9224,35,Male,174,92,30.4,Lose Weight,Intermediate,Gym,6.6,1,6,0.66,76,Cardio,2,32,348,1
U9225,34,Female,175,59.4,19.4,Lose Weight,Beginner,Gym,7.1,3,1,0.43,79,Cardio,1,49,365,1
U9226,24,Female,154,80.4,33.9,Build Muscle,Beginner,Gym,6.4,7,2,0.69,70,Legs,1,53,594,1
U9227,22,Male,184,96.8,28.6,Improve Fitness,Beginner,Mixed,7.5,2,4,0.89,64,Cardio,1,50,387,1
U9228,29,Male,185,90,26.3,Build Muscle,Advanced,Gym,4.5,10,3,0.84,53,Pull,3,62,549,1
U9229,45,Male,166,63.7,23.1,Lose Weight,Intermediate,Home,7.9,2,2,0.44,88,Full Body,2,49,403,1
U9230,28,Female,192,88.5,24,Lose Weight,Beginner,Home,8.7,6,4,0.56,44,Cardio,1,44,343,1
U9231,20,Female,194,91.8,24.4,Gain Strength,Advanced,Home,7.7,5,1,0.84,54,Pull,3,65,427,1
U9232,28,Female,174,53.6,17.7,Lose Weight,Advanced,Mixed,6.8,3,3,0.81,78,Full Body,3,59,661,1
U9233,38,Female,187,108.8,31.1,Build Muscle,Advanced,Home,6.7,4,2,0.39,89,Legs,3,61,695,1
U9234,36,Female,156,61.6,25.3,Gain Strength,Beginner,Gym,7.4,4,4,0.86,90,Legs,1,57,424,1
U9235,36,Male,184,82.6,24.4,Improve Fitness,Beginner,Mixed,8.4,9,0,0.82,62,Recovery,1,20,137,1
U9236,45,Female,163,62.4,23.5,Lose Weight,Intermediate,Gym,7.8,5,0,0.59,85,Lower Body,2,56,563,1
U9237,31,Female,171,73.7,25.2,Lose Weight,Intermediate,Mixed,7.5,3,3,0.98,77,Cardio,2,43,327,1
U9238,41,Male,166,68.3,24.8,Build Muscle,Intermediate,Gym,7,10,2,0.7,76,Push,2,47,392,1
U9239,25,Male,152,69.8,30.2,Lose Weight,Beginner,Gym,6.4,5,1,0.6,91,Full Body,1,57,603,1
U9240,29,Male,158,55.2,22.1,Build Muscle,Beginner,Mixed,7.3,4,0,0.61,46,Legs,1,68,765,1
U9241,41,Male,173,75.7,25.3,Lose Weight,Advanced,Home,8.3,9,0,0.71,49,Cardio,3,31,318,1
U9242,25,Female,190,90.2,25,Improve Fitness,Beginner,Mixed,6.3,3,6,0.25,70,Upper Body,1,51,572,0
U9243,25,Male,159,67.5,26.7,Build Muscle,Intermediate,Gym,8.4,1,4,1,81,Pull,2,66,451,1
U9244,22,Male,167,79.2,28.4,Gain Strength,Beginner,Gym,5.7,3,4,1,91,Pull,1,45,469,1
U9245,21,Female,188,81.3,23,Gain Strength,Intermediate,Mixed,7.8,5,4,0.82,94,Upper Body,2,56,511,1
U9246,25,Female,170,69.1,23.9,Gain Strength,Intermediate,Home,6.3,3,0,0.63,85,Push,2,49,386,1
U9247,33,Male,171,49.7,17,Improve Fitness,Advanced,Home,4.5,0,6,0.88,76,Full Body,3,58,571,1
U9248,42,Female,182,81.5,24.6,Lose Weight,Intermediate,Mixed,5.7,2,1,0.41,62,Recovery,2,23,199,0
U9249,34,Female,151,59.3,26,Build Muscle,Intermediate,Mixed,6.5,0,3,0.88,57,Full Body,2,47,538,1
U9250,40,Male,151,50.8,22.3,Gain Strength,Beginner,Home,7.9,4,4,0.65,67,Pull,1,54,552,1
U9251,18,Female,156,53.1,21.8,Build Muscle,Beginner,Gym,6.2,5,5,0.78,79,Push,1,69,556,1
U9252,28,Male,165,69.4,25.5,Build Muscle,Intermediate,Home,6.4,2,2,0.68,95,Pull,2,45,414,1
U9253,41,Female,185,63.3,18.5,Lose Weight,Beginner,Gym,9.2,9,6,0.74,69,Lower Body,1,47,318,1
U9254,41,Male,179,91.3,28.5,Gain Strength,Intermediate,Gym,4.8,3,5,0.97,99,Push,2,51,574,1
U9255,42,Female,189,103.9,29.1,Build Muscle,Beginner,Home,4.8,0,2,0.86,96,Legs,1,72,717,1
U9256,33,Male,156,75.4,31,Build Muscle,Advanced,Home,5.6,6,6,0.9,98,Push,3,62,548,1
U9257,19,Female,162,64.6,24.6,Lose Weight,Beginner,Gym,5.5,4,3,0.87,87,Full Body,1,60,648,1
U9258,23,Male,152,55.2,23.9,Lose Weight,Beginner,Gym,5.8,3,4,0.9,60,Full Body,1,51,466,1
U9259,23,Female,185,89.7,26.2,Lose Weight,Beginner,Gym,8.8,5,2,0.42,85,Cardio,1,39,361,1
U9260,28,Female,163,62.7,23.6,Gain Strength,Intermediate,Gym,6.9,1,0,0.81,60,Upper Body,2,53,471,1
U9261,23,Male,167,54.7,19.6,Build Muscle,Intermediate,Mixed,5.1,8,2,0.94,66,Lower Body,2,60,430,1
U9262,44,Female,162,70.6,26.9,Gain Strength,Intermediate,Gym,6.6,1,4,0.51,81,Legs,2,72,801,1
U9263,31,Male,179,83,25.9,Gain Strength,Beginner,Gym,6.8,8,4,0.77,57,Push,1,47,344,1
U9264,33,Female,169,82.8,29,Build Muscle,Intermediate,Gym,8.5,10,3,0.86,66,Upper Body,2,50,538,1
U9265,21,Male,191,90.1,24.7,Lose Weight,Intermediate,Gym,8.8,4,1,0.95,100,Cardio,2,39,270,1
U9266,20,Male,173,63.4,21.2,Lose Weight,Advanced,Gym,6.1,8,5,0.74,78,Cardio,3,33,245,1
U9267,32,Male,165,65.1,23.9,Gain Strength,Intermediate,Gym,6.7,4,3,0.95,70,Push,2,63,645,1
U9268,35,Male,177,60.8,19.4,Improve Fitness,Beginner,Gym,5.9,1,6,0.76,100,Cardio,1,47,355,1
U9269,39,Female,150,45.9,20.4,Build Muscle,Intermediate,Gym,6.8,10,2,1,64,Legs,2,58,439,1
U9270,26,Male,159,66.7,26.4,Build Muscle,Intermediate,Gym,9.2,9,5,0.55,67,Pull,2,55,452,1
U9271,29,Female,183,75.4,22.5,Build Muscle,Intermediate,Gym,5.4,4,1,1,63,Full Body,2,56,511,1
U9272,35,Female,163,55.3,20.8,Build Muscle,Beginner,Home,6.6,2,0,0.89,73,Legs,1,51,544,1
U9273,33,Male,169,60.5,21.2,Build Muscle,Intermediate,Home,7.6,4,6,0.87,71,Legs,2,45,396,1
U9274,25,Female,173,70.3,23.5,Gain Strength,Intermediate,Gym,8.2,1,1,0.69,96,Upper Body,2,56,503,1
U9275,30,Female,165,58,21.3,Lose Weight,Beginner,Gym,6.2,4,4,0.56,68,Cardio,1,43,488,1
U9276,34,Female,178,77.6,24.5,Lose Weight,Intermediate,Home,5.6,5,5,0.74,80,Cardio,2,49,324,1
U9277,43,Male,159,46.3,18.3,Build Muscle,Beginner,Mixed,6.5,2,5,0.82,55,Pull,1,53,537,1
U9278,20,Female,153,54.3,23.2,Improve Fitness,Advanced,Home,8.3,3,1,1,78,Lower Body,3,42,310,1
U9279,20,Female,161,61.7,23.8,Lose Weight,Advanced,Mixed,6.5,5,3,0.88,89,Full Body,3,49,515,1
U9280,21,Female,157,48.3,19.6,Lose Weight,Beginner,Home,8.1,9,3,0.61,59,Cardio,1,36,391,1
U9281,22,Female,170,69.1,23.9,Build Muscle,Beginner,Home,8.2,3,4,0.78,76,Legs,1,72,572,1
U9282,34,Female,170,75.1,26,Improve Fitness,Intermediate,Gym,7.6,9,2,0.7,81,Full Body,2,52,503,1
U9283,33,Female,158,54.2,21.7,Build Muscle,Intermediate,Home,7.8,4,6,0.87,82,Push,2,50,535,1
U9284,39,Male,190,100,27.7,Improve Fitness,Beginner,Gym,7.6,0,1,0.93,37,Cardio,1,44,464,1
U9285,31,Female,178,89,28.1,Build Muscle,Beginner,Gym,9.3,8,5,0.61,60,Full Body,1,58,410,1
U9286,33,Female,187,104.6,29.9,Build Muscle,Advanced,Gym,6.1,3,4,0.6,74,Pull,3,56,398,1
U9287,34,Female,151,48.1,21.1,Improve Fitness,Advanced,Gym,8.1,7,0,0.58,77,Upper Body,3,65,548,1
U9288,22,Male,187,89.9,25.7,Gain Strength,Intermediate,Home,8.9,4,4,0.93,64,Legs,2,57,630,1
U9289,24,Female,193,71.5,19.2,Improve Fitness,Intermediate,Gym,8,2,4,0.6,66,Upper Body,2,52,585,1
U9290,41,Female,193,74.5,20,Improve Fitness,Beginner,Gym,7.8,6,2,0.6,71,Lower Body,1,47,356,1
U9291,24,Female,178,77.3,24.4,Improve Fitness,Beginner,Gym,7.3,7,0,0.84,68,Full Body,1,60,526,1
U9292,18,Female,161,55.5,21.4,Build Muscle,Beginner,Mixed,5.1,10,6,0.74,69,Legs,1,70,534,1
U9293,28,Female,176,66.6,21.5,Lose Weight,Beginner,Mixed,7.2,3,1,0.87,88,Cardio,1,49,385,1
U9294,26,Male,150,40.7,18.1,Build Muscle,Intermediate,Home,6.7,1,2,0.89,95,Pull,2,67,512,1
U9295,41,Female,195,80.2,21.1,Lose Weight,Intermediate,Gym,8.6,1,3,0.48,89,Cardio,2,31,354,1
U9296,26,Male,189,83.2,23.3,Build Muscle,Intermediate,Gym,8.8,10,5,0.64,67,Legs,2,49,461,1
U9297,25,Male,175,73.2,23.9,Build Muscle,Beginner,Mixed,5.4,10,6,0.4,79,Upper Body,1,64,698,0
U9298,42,Male,184,97.2,28.7,Build Muscle,Beginner,Gym,7.8,2,4,0.49,79,Pull,1,67,723,1
U9299,36,Male,191,74.1,20.3,Gain Strength,Intermediate,Gym,7.5,9,3,0.92,77,Lower Body,2,54,529,1
U9300,18,Male,185,105.1,30.7,Gain Strength,Beginner,Gym,6.9,7,0,0.68,73,Upper Body,1,59,620,1
U9301,40,Female,192,69.7,18.9,Lose Weight,Intermediate,Home,6.7,6,0,0.66,67,Full Body,2,40,394,1
U9302,23,Male,154,60.7,25.6,Build Muscle,Advanced,Gym,5.5,3,3,0.51,88,Lower Body,3,43,366,1
U9303,21,Female,182,56.3,17,Build Muscle,Beginner,Gym,7.8,8,6,0.65,74,Legs,1,60,654,1
U9304,35,Male,160,79.4,31,Build Muscle,Beginner,Gym,7,7,3,0.83,72,Legs,1,61,669,1
U9305,34,Female,159,60.7,24,Build Muscle,Beginner,Home,6.8,7,1,0.85,61,Legs,1,58,632,1
U9306,19,Male,178,62.4,19.7,Build Muscle,Beginner,Gym,7.2,3,4,0.75,44,Legs,1,62,542,1
U9307,19,Female,181,80.3,24.5,Improve Fitness,Beginner,Mixed,5.8,3,2,0.83,44,Upper Body,1,61,487,1
U9308,19,Male,188,115.2,32.6,Lose Weight,Beginner,Gym,6.7,9,6,0.56,67,Full Body,1,45,378,1
U9309,30,Female,169,76.5,26.8,Improve Fitness,Beginner,Gym,8.1,3,4,0.67,50,Full Body,1,58,644,1
U9310,32,Male,164,52.2,19.4,Improve Fitness,Beginner,Gym,7.4,7,5,0.9,88,Full Body,1,45,498,1
U9311,19,Female,171,73.7,25.2,Improve Fitness,Intermediate,Gym,8.2,4,5,1,89,Full Body,2,60,520,1
U9312,40,Male,182,94.1,28.4,Build Muscle,Intermediate,Gym,6.2,0,0,0.89,78,Push,2,60,469,1
U9313,24,Female,176,84.3,27.2,Lose Weight,Beginner,Mixed,8.5,9,3,0.78,70,Full Body,1,59,655,1
U9314,35,Female,185,68.4,20,Lose Weight,Intermediate,Gym,6.8,4,5,0.76,76,Cardio,2,36,296,1
U9315,29,Female,155,61.3,25.5,Build Muscle,Intermediate,Home,8.2,8,5,0.88,71,Pull,2,51,372,1
U9316,35,Male,154,49.6,20.9,Lose Weight,Beginner,Gym,7.5,0,1,1,76,Cardio,1,38,357,1
U9317,39,Male,176,72.2,23.3,Gain Strength,Beginner,Home,7.7,0,2,0.83,80,Pull,1,55,388,1
U9318,43,Male,153,70.9,30.3,Improve Fitness,Beginner,Gym,7.5,10,1,0.96,75,Full Body,1,46,494,1
U9319,34,Female,179,99,30.9,Build Muscle,Intermediate,Gym,8.4,1,4,0.89,83,Upper Body,2,62,613,1
U9320,20,Male,166,94.2,34.2,Improve Fitness,Beginner,Gym,8.3,2,2,0.57,75,Full Body,1,44,315,1
U9321,37,Female,150,52.6,23.4,Build Muscle,Intermediate,Gym,9.4,8,1,0.95,100,Lower Body,2,44,439,1
U9322,24,Female,175,65.2,21.3,Improve Fitness,Beginner,Mixed,8.3,7,2,0.47,48,Cardio,1,36,383,0
U9323,30,Female,157,56.2,22.8,Gain Strength,Beginner,Home,8.8,1,3,0.54,71,Legs,1,66,459,1
U9324,29,Male,167,82.3,29.5,Gain Strength,Intermediate,Gym,8,4,0,1,72,Legs,2,47,342,1
U9325,27,Male,191,82.4,22.6,Build Muscle,Advanced,Home,5.9,9,1,0.65,55,Upper Body,3,49,324,1
U9326,28,Male,190,61.4,17,Gain Strength,Advanced,Mixed,9.3,8,2,0.73,100,Push,3,51,527,1
U9327,21,Female,155,50.5,21,Build Muscle,Intermediate,Mixed,6.6,1,3,0.58,62,Upper Body,2,62,613,1
U9328,27,Female,152,65.2,28.2,Gain Strength,Advanced,Gym,7.7,9,6,0.88,92,Pull,3,57,468,1
U9329,26,Male,182,96.7,29.2,Build Muscle,Beginner,Gym,6,4,5,0.63,73,Upper Body,1,43,490,1
U9330,26,Male,160,92.2,36,Build Muscle,Intermediate,Mixed,7.9,3,2,0.74,82,Push,2,69,456,1
U9331,33,Male,153,51.5,22,Gain Strength,Beginner,Mixed,7.4,5,3,0.89,71,Legs,1,47,346,1
U9332,42,Male,175,65.2,21.3,Lose Weight,Advanced,Home,7,3,0,0.66,51,Recovery,3,31,237,1
U9333,20,Female,174,66.9,22.1,Improve Fitness,Intermediate,Gym,5.6,1,6,0.5,54,Full Body,2,58,646,1
U9334,31,Male,155,68.5,28.5,Lose Weight,Intermediate,Gym,8.7,7,3,0.44,95,Cardio,2,38,356,1
U9335,24,Male,193,73.8,19.8,Improve Fitness,Beginner,Gym,7.9,1,6,0.77,81,Upper Body,1,42,389,1
U9336,32,Female,150,44.1,19.6,Gain Strength,Intermediate,Gym,5.1,4,4,0.58,78,Push,2,63,456,1
U9337,29,Male,193,121.8,32.7,Build Muscle,Advanced,Mixed,6,4,3,0.7,60,Push,3,63,576,1
U9338,39,Female,181,79.9,24.4,Lose Weight,Beginner,Gym,5,7,1,0.99,72,Cardio,1,48,338,1
U9339,25,Female,186,98.3,28.4,Improve Fitness,Intermediate,Home,6.8,0,2,0.75,88,Lower Body,2,49,496,1
U9340,41,Female,173,75.1,25.1,Build Muscle,Beginner,Home,7.3,7,5,0.58,63,Push,1,45,497,1
U9341,24,Female,177,63.3,20.2,Build Muscle,Intermediate,Gym,6.3,9,6,0.95,99,Upper Body,2,53,561,1
U9342,43,Male,162,50.7,19.3,Lose Weight,Beginner,Mixed,7.5,1,0,0.66,92,Cardio,1,38,430,1
U9343,33,Male,181,82.2,25.1,Improve Fitness,Intermediate,Home,7.1,8,1,0.59,49,Lower Body,2,52,371,0
U9344,23,Female,167,77.3,27.7,Lose Weight,Intermediate,Home,7.5,7,0,0.79,63,Full Body,2,53,556,1
U9345,43,Male,169,68.3,23.9,Lose Weight,Advanced,Gym,8,0,3,0.9,54,Full Body,3,56,421,1
U9346,25,Female,194,82,21.8,Improve Fitness,Beginner,Gym,5.6,2,2,0.76,85,Full Body,1,59,496,1
U9347,37,Female,150,52.4,23.3,Lose Weight,Intermediate,Home,6.4,8,0,0.66,100,Cardio,2,39,270,1
U9348,36,Male,170,85.3,29.5,Gain Strength,Intermediate,Gym,7.9,3,6,0.78,71,Push,2,61,480,1
U9349,22,Female,152,47.8,20.7,Gain Strength,Intermediate,Gym,5.9,10,5,0.62,57,Lower Body,2,40,454,0
U9350,33,Female,175,67.1,21.9,Build Muscle,Intermediate,Gym,7,5,6,0.72,62,Upper Body,2,44,334,1
U9351,36,Female,177,83.3,26.6,Gain Strength,Beginner,Home,6.9,7,2,0.76,60,Legs,1,72,513,1
U9352,24,Female,169,78.3,27.4,Lose Weight,Beginner,Mixed,6.5,1,1,1,68,Cardio,1,50,386,1
U9353,41,Male,183,80.7,24.1,Gain Strength,Intermediate,Gym,7.8,7,6,0.87,85,Legs,2,69,721,1
U9354,34,Male,153,74.9,32,Gain Strength,Beginner,Mixed,7.8,2,5,0.71,64,Lower Body,1,64,457,1
U9355,20,Female,153,55.9,23.9,Gain Strength,Advanced,Gym,8.7,8,6,0.47,59,Upper Body,3,55,467,1
U9356,44,Male,173,70.6,23.6,Build Muscle,Beginner,Mixed,6.2,1,2,0.65,99,Legs,1,74,613,1
U9357,38,Male,161,60.1,23.2,Lose Weight,Intermediate,Mixed,7.6,2,4,0.42,55,Full Body,2,52,528,1
U9358,35,Male,178,90,28.4,Lose Weight,Advanced,Mixed,8.9,10,2,0.76,67,Lower Body,3,53,535,1
U9359,20,Male,192,98.1,26.6,Gain Strength,Advanced,Home,4.5,6,3,0.76,56,Pull,3,48,337,1
U9360,34,Male,185,95.1,27.8,Improve Fitness,Beginner,Home,4.7,0,0,0.61,71,Full Body,1,48,527,1
U9361,38,Male,165,58,21.3,Build Muscle,Beginner,Home,6.7,3,6,0.88,71,Upper Body,1,45,386,1
U9362,21,Female,194,77.5,20.6,Gain Strength,Intermediate,Gym,8.1,0,1,0.77,76,Upper Body,2,62,408,1
U9363,38,Male,180,67.4,20.8,Build Muscle,Intermediate,Gym,4.5,1,0,0.56,56,Full Body,2,51,555,0
U9364,39,Female,174,66.3,21.9,Improve Fitness,Intermediate,Gym,6.2,8,4,0.74,85,Full Body,2,53,558,1
U9365,29,Male,166,79.9,29,Build Muscle,Advanced,Mixed,8,4,2,0.56,72,Push,3,57,447,1
U9366,25,Male,186,107.6,31.1,Gain Strength,Beginner,Gym,5.4,6,0,0.96,57,Pull,1,70,610,1
U9367,21,Male,180,83.3,25.7,Build Muscle,Beginner,Home,7.6,2,1,0.75,100,Upper Body,1,65,738,1
U9368,28,Male,156,56.5,23.2,Gain Strength,Beginner,Home,5.3,5,1,0.78,69,Lower Body,1,40,387,1
U9369,28,Female,156,65.2,26.8,Gain Strength,Intermediate,Gym,8.1,5,2,0.71,78,Legs,2,63,456,1
U9370,26,Male,164,67.5,25.1,Build Muscle,Beginner,Gym,9.1,4,0,0.65,61,Lower Body,1,64,558,1
U9371,22,Male,159,71.3,28.2,Build Muscle,Beginner,Mixed,6.1,6,1,0.79,69,Push,1,48,458,1
U9372,40,Male,190,87,24.1,Build Muscle,Intermediate,Mixed,9.5,8,4,0.94,87,Legs,2,47,496,1
U9373,25,Male,168,75.4,26.7,Build Muscle,Advanced,Mixed,6.3,7,4,0.77,80,Legs,3,69,581,1
U9374,42,Male,155,60.8,25.3,Build Muscle,Advanced,Home,7.2,3,0,0.65,76,Upper Body,3,60,492,1
U9375,24,Female,173,66.7,22.3,Improve Fitness,Intermediate,Home,7.9,10,4,0.36,92,Full Body,2,49,344,0
U9376,41,Male,163,50.5,19,Build Muscle,Beginner,Home,5.9,7,4,0.79,80,Lower Body,1,42,316,1
U9377,44,Male,177,104,33.2,Build Muscle,Beginner,Gym,7.4,6,6,0.71,74,Upper Body,1,41,423,1
U9378,45,Male,181,102.2,31.2,Lose Weight,Beginner,Gym,9.5,3,4,0.69,80,Full Body,1,46,400,1
U9379,18,Female,163,64.3,24.2,Build Muscle,Advanced,Mixed,7,4,0,1,58,Push,3,70,730,1
U9380,21,Female,177,53.3,17,Lose Weight,Beginner,Mixed,7.4,9,1,0.94,75,Cardio,1,33,378,1
U9381,22,Female,195,101.1,26.6,Lose Weight,Beginner,Home,7.9,9,2,0.74,80,Cardio,1,45,386,1
U9382,26,Female,170,77.5,26.8,Lose Weight,Advanced,Gym,4.9,4,1,0.74,48,Lower Body,3,61,524,1
U9383,35,Female,175,74.4,24.3,Lose Weight,Intermediate,Home,6.6,4,4,0.91,75,Full Body,2,46,460,1
U9384,29,Female,191,96.7,26.5,Build Muscle,Beginner,Gym,6.9,2,1,0.91,48,Full Body,1,59,385,1
U9385,24,Female,168,58.4,20.7,Lose Weight,Advanced,Gym,8.5,1,6,0.64,39,Full Body,3,50,357,1
U9386,45,Female,165,83.3,30.6,Build Muscle,Beginner,Gym,8.3,1,5,0.85,73,Upper Body,1,61,578,1
U9387,28,Female,152,72.8,31.5,Lose Weight,Advanced,Gym,8.5,1,0,1,82,Lower Body,3,41,364,1
U9388,27,Female,165,68.1,25,Build Muscle,Intermediate,Home,6.7,10,1,0.49,79,Push,2,58,552,0
U9389,37,Male,172,79.9,27,Lose Weight,Beginner,Gym,6.7,3,3,0.83,67,Cardio,1,44,323,1
U9390,23,Male,190,101.4,28.1,Build Muscle,Intermediate,Home,6.1,7,0,0.53,68,Pull,2,46,421,0
U9391,44,Female,180,90.7,28,Lose Weight,Intermediate,Home,5.8,3,2,0.91,47,Lower Body,2,47,459,1
U9392,30,Male,175,72,23.5,Gain Strength,Beginner,Gym,5.5,8,4,0.25,77,Legs,1,58,452,0
U9393,29,Female,183,79.7,23.8,Build Muscle,Advanced,Gym,5.6,5,1,0.63,78,Full Body,3,40,268,1
U9394,40,Female,192,84.8,23,Build Muscle,Beginner,Gym,6.9,3,6,0.65,63,Pull,1,56,634,1
U9395,42,Female,187,76.9,22,Build Muscle,Beginner,Mixed,6.4,2,1,0.58,56,Pull,1,55,505,1
U9396,19,Female,186,79.2,22.9,Build Muscle,Beginner,Gym,6.4,9,4,0.53,83,Push,1,62,689,1
U9397,23,Male,176,92,29.7,Improve Fitness,Beginner,Gym,7.1,5,5,0.73,61,Cardio,1,36,344,1
U9398,19,Female,181,95,29,Lose Weight,Advanced,Home,9,7,0,0.69,64,Cardio,3,30,255,1
U9399,20,Male,153,60.6,25.9,Lose Weight,Beginner,Home,7.2,7,6,0.63,79,Lower Body,1,65,588,1
U9400,25,Female,195,108,28.4,Lose Weight,Beginner,Gym,6.2,8,3,1,49,Recovery,1,25,251,1
U9401,33,Male,172,61.8,20.9,Gain Strength,Advanced,Home,7.4,7,2,1,63,Legs,3,49,514,1
U9402,43,Female,164,53.8,20,Gain Strength,Beginner,Home,7.7,2,1,0.68,81,Legs,1,66,674,1
U9403,24,Female,154,57.4,24.2,Build Muscle,Beginner,Gym,6.2,0,4,1,30,Full Body,1,49,541,1
U9404,29,Female,163,85.3,32.1,Improve Fitness,Beginner,Gym,8.1,3,1,0.59,100,Full Body,1,42,349,1
U9405,25,Male,165,50.9,18.7,Lose Weight,Intermediate,Mixed,8.2,7,5,0.35,54,Lower Body,2,65,684,0
U9406,37,Male,168,55.6,19.7,Improve Fitness,Beginner,Mixed,6.3,4,1,0.72,59,Upper Body,1,62,441,1
U9407,29,Female,164,45.7,17,Improve Fitness,Beginner,Gym,7.6,10,4,0.73,78,Recovery,1,20,136,1
U9408,27,Female,158,62.9,25.2,Build Muscle,Beginner,Home,8.1,10,0,0.71,87,Full Body,1,60,405,1
U9409,20,Male,153,49.6,21.2,Lose Weight,Beginner,Mixed,6.3,3,4,0.97,92,Cardio,1,42,284,1
U9410,30,Male,187,94.1,26.9,Build Muscle,Beginner,Gym,6.1,3,6,0.55,91,Upper Body,1,48,513,1
U9411,37,Male,162,78.2,29.8,Lose Weight,Beginner,Home,7,7,3,1,78,Full Body,1,41,394,1
U9412,23,Female,182,65.6,19.8,Build Muscle,Intermediate,Gym,6.8,8,3,0.72,73,Push,2,69,775,1
U9413,27,Male,192,109.9,29.8,Build Muscle,Intermediate,Gym,6,5,1,0.48,81,Upper Body,2,47,360,1
U9414,32,Female,180,72.6,22.4,Build Muscle,Advanced,Gym,9.5,2,3,0.89,64,Pull,3,47,513,1
U9415,19,Female,160,75.8,29.6,Build Muscle,Advanced,Gym,7.9,2,6,0.83,70,Lower Body,3,62,498,1
U9416,31,Female,161,68.2,26.3,Gain Strength,Beginner,Mixed,4.8,8,0,0.96,30,Lower Body,1,48,486,0
U9417,43,Female,185,77.3,22.6,Lose Weight,Intermediate,Home,5.3,6,1,0.63,70,Cardio,2,40,421,1
U9418,25,Male,178,61.8,19.5,Build Muscle,Beginner,Home,4.5,3,0,0.76,100,Pull,1,63,578,1
U9419,31,Female,190,83,23,Gain Strength,Beginner,Gym,8.2,5,6,0.99,43,Legs,1,57,466,1
U9420,27,Female,151,51.5,22.6,Gain Strength,Beginner,Gym,5.7,8,4,0.57,97,Lower Body,1,57,518,1
U9421,19,Male,150,57.2,25.4,Lose Weight,Intermediate,Mixed,8,0,1,0.71,53,Cardio,2,33,360,1
U9422,30,Male,180,88.5,27.3,Build Muscle,Intermediate,Home,8.5,6,6,0.78,79,Upper Body,2,48,412,1
U9423,22,Female,185,66.1,19.3,Build Muscle,Beginner,Gym,7.9,0,4,0.96,78,Upper Body,1,56,540,1
U9424,20,Male,175,52.1,17,Build Muscle,Intermediate,Gym,8.9,3,3,0.55,77,Full Body,2,59,590,1
U9425,44,Female,188,100.7,28.5,Build Muscle,Intermediate,Mixed,8.3,6,6,0.4,73,Push,2,57,584,1
U9426,22,Male,193,92,24.7,Build Muscle,Intermediate,Gym,8.7,10,0,0.8,93,Legs,2,75,598,1
U9427,24,Male,190,96.7,26.8,Build Muscle,Intermediate,Home,7,3,0,0.75,94,Pull,2,54,488,1
U9428,20,Female,155,45.9,19.1,Build Muscle,Beginner,Mixed,8.1,5,6,0.61,59,Upper Body,1,45,324,1
U9429,21,Male,158,71.9,28.8,Lose Weight,Beginner,Gym,6.1,4,2,0.79,64,Cardio,1,32,338,1
U9430,44,Male,171,49.7,17,Lose Weight,Beginner,Home,7.6,0,1,0.74,43,Full Body,1,46,373,1
U9431,36,Female,159,54.6,21.6,Gain Strength,Intermediate,Gym,5.1,2,6,0.85,92,Legs,2,70,775,1
U9432,24,Female,167,78.4,28.1,Build Muscle,Advanced,Gym,8.2,2,0,0.63,80,Legs,3,68,722,1
U9433,22,Female,179,78.5,24.5,Lose Weight,Beginner,Gym,7.3,0,6,0.89,89,Full Body,1,41,381,1
U9434,37,Male,169,65.4,22.9,Build Muscle,Beginner,Mixed,5.6,6,3,0.69,68,Upper Body,1,63,537,1
U9435,27,Male,186,88.9,25.7,Build Muscle,Intermediate,Gym,8,9,1,0.38,61,Upper Body,2,64,566,0
U9436,32,Female,185,70.2,20.5,Improve Fitness,Intermediate,Home,8.5,6,3,0.68,64,Full Body,2,55,596,1
U9437,22,Female,163,71.2,26.8,Improve Fitness,Beginner,Gym,6.4,10,4,0.72,99,Full Body,1,41,331,1
U9438,32,Female,152,73.9,32,Lose Weight,Beginner,Gym,6.7,8,6,0.69,62,Cardio,1,31,284,1
U9439,43,Male,188,60.1,17,Lose Weight,Beginner,Gym,8.2,0,1,1,65,Full Body,1,48,418,1
U9440,29,Female,168,59.6,21.1,Build Muscle,Advanced,Gym,6.8,0,2,0.74,54,Legs,3,57,545,1
U9441,24,Male,186,78.2,22.6,Gain Strength,Intermediate,Gym,8.2,6,4,0.74,91,Push,2,47,535,1
U9442,22,Female,170,75.1,26,Lose Weight,Intermediate,Gym,5.9,7,4,0.62,75,Cardio,2,32,253,1
U9443,36,Male,186,68.5,19.8,Gain Strength,Beginner,Gym,5.7,5,0,0.51,79,Legs,1,65,738,0
U9444,22,Male,181,75.4,23,Build Muscle,Beginner,Gym,8.4,1,3,0.56,35,Full Body,1,53,390,1
U9445,23,Male,165,65.3,24,Lose Weight,Beginner,Gym,8.9,7,4,0.73,51,Full Body,1,43,394,1
U9446,27,Female,179,56.7,17.7,Build Muscle,Intermediate,Gym,8.4,2,3,0.57,95,Upper Body,2,45,475,1
U9447,27,Female,165,74.1,27.2,Build Muscle,Beginner,Home,6.3,8,1,0.93,58,Upper Body,1,56,556,1
U9448,22,Female,180,59.6,18.4,Build Muscle,Intermediate,Home,6.1,3,3,0.86,89,Legs,2,57,471,1
U9449,20,Female,163,60.6,22.8,Improve Fitness,Beginner,Gym,5,8,2,0.44,55,Full Body,1,44,470,0
U9450,24,Female,168,53.9,19.1,Improve Fitness,Beginner,Gym,7.4,2,3,1,83,Cardio,1,41,288,1
U9451,44,Female,180,64.2,19.8,Lose Weight,Beginner,Gym,6.3,1,2,0.63,77,Cardio,1,40,271,1
U9452,31,Male,150,70,31.1,Lose Weight,Intermediate,Home,6.6,10,2,1,100,Cardio,2,35,261,1
U9453,27,Female,171,67.3,23,Build Muscle,Beginner,Gym,6.7,6,2,0.66,72,Push,1,47,492,1
U9454,37,Male,184,77.9,23,Improve Fitness,Beginner,Gym,8.1,7,2,0.44,63,Upper Body,1,61,418,0
U9455,22,Male,175,79.3,25.9,Lose Weight,Beginner,Home,8.1,8,0,1,52,Full Body,1,54,371,1
U9456,26,Female,194,82,21.8,Lose Weight,Beginner,Gym,4.6,2,3,0.52,45,Full Body,1,46,477,1
U9457,44,Female,171,65.2,22.3,Gain Strength,Intermediate,Home,6.8,1,1,0.8,67,Upper Body,2,62,657,1
U9458,30,Female,153,62,26.5,Build Muscle,Beginner,Gym,7.2,6,0,0.53,46,Push,1,61,464,0
U9459,39,Female,171,79,27,Lose Weight,Beginner,Mixed,8.9,4,5,1,86,Cardio,1,36,302,1
U9460,40,Male,168,86.4,30.6,Build Muscle,Beginner,Mixed,7.6,8,5,0.77,73,Pull,1,66,504,1
U9461,22,Male,161,62.5,24.1,Gain Strength,Intermediate,Gym,7.8,1,4,0.63,69,Push,2,54,503,1
U9462,30,Male,176,60.7,19.6,Lose Weight,Beginner,Gym,7.6,9,5,0.55,72,Cardio,1,30,227,1
U9463,43,Female,174,80.5,26.6,Build Muscle,Advanced,Mixed,7.7,4,2,0.86,68,Legs,3,70,725,1
U9464,28,Male,179,84.9,26.5,Build Muscle,Advanced,Home,6.6,3,4,0.37,79,Legs,3,49,374,1
U9465,20,Male,169,73.7,25.8,Lose Weight,Beginner,Gym,8.2,7,4,0.72,47,Cardio,1,44,371,1
U9466,39,Male,183,80.7,24.1,Build Muscle,Intermediate,Gym,8.1,7,5,0.81,69,Lower Body,2,41,320,1
U9467,44,Male,152,40.4,17.5,Gain Strength,Beginner,Home,6,9,3,0.81,47,Pull,1,48,403,1
U9468,21,Female,191,84.6,23.2,Lose Weight,Beginner,Gym,7.1,0,1,0.93,81,Cardio,1,38,337,1
U9469,32,Male,165,77.6,28.5,Lose Weight,Intermediate,Home,7.4,2,5,0.57,62,Cardio,2,50,336,1
U9470,43,Male,185,70.5,20.6,Improve Fitness,Intermediate,Gym,7.7,5,5,0.6,66,Cardio,2,47,467,1
U9471,30,Male,162,64.6,24.6,Build Muscle,Intermediate,Home,8.9,0,4,0.84,60,Upper Body,2,65,426,1
U9472,39,Male,155,60.3,25.1,Improve Fitness,Beginner,Gym,8.9,9,2,0.83,48,Upper Body,1,50,461,1
U9473,43,Male,168,58.4,20.7,Gain Strength,Beginner,Gym,6,6,5,0.98,90,Push,1,52,551,1
U9474,29,Male,193,81.6,21.9,Improve Fitness,Beginner,Home,6.4,5,6,0.73,73,Full Body,1,54,429,1
U9475,23,Female,178,65,20.5,Lose Weight,Beginner,Mixed,6.8,1,1,0.46,91,Cardio,1,36,258,1
U9476,21,Female,155,41.1,17.1,Build Muscle,Beginner,Gym,5.2,0,0,0.8,53,Pull,1,55,388,1
U9477,22,Male,190,80.9,22.4,Gain Strength,Intermediate,Gym,7.2,5,6,0.84,68,Pull,2,70,771,1
U9478,43,Male,194,120.4,32,Gain Strength,Intermediate,Home,7.1,0,6,0.93,76,Pull,2,50,437,1
U9479,45,Male,181,109.7,33.5,Lose Weight,Intermediate,Gym,8.3,1,6,0.73,81,Cardio,2,41,396,1
U9480,33,Male,178,74.1,23.4,Gain Strength,Intermediate,Home,6.8,7,2,0.49,59,Push,2,51,368,0
U9481,24,Female,177,104,33.2,Lose Weight,Beginner,Mixed,5.8,2,3,0.6,70,Cardio,1,41,432,1
U9482,34,Male,166,66.7,24.2,Improve Fitness,Beginner,Gym,7.5,6,6,0.64,78,Lower Body,1,48,314,1
U9483,32,Male,184,99.2,29.3,Improve Fitness,Beginner,Gym,8.5,1,2,0.67,81,Cardio,1,36,341,1
U9484,34,Female,157,48.6,19.7,Improve Fitness,Beginner,Gym,6.3,6,0,0.51,71,Lower Body,1,57,465,0
U9485,26,Male,163,55.5,20.9,Gain Strength,Beginner,Gym,5.4,0,5,0.65,46,Pull,1,60,425,1
U9486,34,Female,193,112.1,30.1,Build Muscle,Intermediate,Home,6.5,9,6,0.9,64,Legs,2,58,657,1
U9487,39,Male,177,61.1,19.5,Gain Strength,Advanced,Gym,8.4,9,6,0.74,100,Pull,3,58,428,1
U9488,45,Male,170,65,22.5,Improve Fitness,Beginner,Mixed,6.6,6,6,0.9,87,Upper Body,1,41,347,1
U9489,36,Female,183,84.1,25.1,Lose Weight,Advanced,Gym,9.5,4,4,0.67,52,Cardio,3,32,356,1
U9490,32,Male,181,66.5,20.3,Lose Weight,Intermediate,Gym,6.8,8,6,0.99,69,Cardio,2,33,278,1
U9491,37,Female,153,72.8,31.1,Lose Weight,Intermediate,Mixed,7.6,0,3,0.92,77,Lower Body,2,46,396,1
U9492,27,Male,166,71.9,26.1,Lose Weight,Beginner,Gym,7.9,4,1,0.62,63,Lower Body,1,55,541,1
U9493,39,Male,164,69.9,26,Gain Strength,Intermediate,Gym,9.2,5,5,0.44,41,Legs,2,73,831,1
U9494,40,Male,176,72.5,23.4,Gain Strength,Beginner,Mixed,8.2,9,2,0.73,54,Pull,1,46,330,1
U9495,40,Male,152,57.3,24.8,Improve Fitness,Intermediate,Mixed,5.2,7,5,0.83,67,Lower Body,2,47,459,1
U9496,33,Female,193,90.1,24.2,Gain Strength,Beginner,Gym,7.6,5,3,0.76,63,Upper Body,1,61,438,1
U9497,31,Male,163,76.5,28.8,Build Muscle,Beginner,Mixed,8,8,2,0.4,68,Upper Body,1,44,347,0
U9498,27,Male,187,69.9,20,Build Muscle,Advanced,Gym,5.7,5,3,0.82,65,Push,3,50,564,1
U9499,38,Male,186,82.7,23.9,Build Muscle,Intermediate,Gym,6.4,6,2,0.79,82,Pull,2,69,686,1
U9500,25,Male,190,121.3,33.6,Gain Strength,Advanced,Gym,6.9,2,6,0.46,64,Push,3,50,487,1
U9501,42,Male,167,78.4,28.1,Lose Weight,Advanced,Gym,6.3,5,6,0.45,60,Cardio,3,45,499,1
U9502,35,Male,184,75.5,22.3,Lose Weight,Intermediate,Gym,5.9,1,0,0.76,70,Cardio,2,33,363,1
U9503,35,Male,183,93.1,27.8,Gain Strength,Intermediate,Gym,6.6,9,2,0.82,64,Legs,2,64,607,1
U9504,24,Female,160,50.7,19.8,Improve Fitness,Intermediate,Gym,6.5,9,6,0.43,98,Lower Body,2,44,386,1
U9505,33,Female,173,75.1,25.1,Gain Strength,Beginner,Gym,6.2,3,0,0.65,35,Lower Body,1,49,397,0
U9506,24,Female,172,90.2,30.5,Build Muscle,Beginner,Home,8.6,5,3,0.74,76,Upper Body,1,55,567,1
U9507,36,Female,195,73,19.2,Gain Strength,Intermediate,Home,5.8,3,0,0.41,69,Pull,2,68,526,0
U9508,41,Female,157,71.5,29,Lose Weight,Intermediate,Home,6.7,10,2,0.78,86,Cardio,2,41,317,1
U9509,42,Male,175,54.2,17.7,Gain Strength,Intermediate,Gym,9.1,1,4,0.93,79,Pull,2,46,464,1
U9510,29,Female,162,74.5,28.4,Lose Weight,Beginner,Mixed,8.2,4,6,0.77,93,Recovery,1,23,194,1
U9511,38,Female,175,69.2,22.6,Lose Weight,Intermediate,Gym,7.6,8,2,0.96,31,Full Body,2,43,439,1
U9512,26,Male,170,76,26.3,Build Muscle,Intermediate,Home,7.9,8,3,0.41,76,Upper Body,2,51,332,1
U9513,21,Male,177,66.4,21.2,Build Muscle,Intermediate,Gym,7.5,1,3,0.7,57,Full Body,2,45,487,1
U9514,45,Female,154,69.3,29.2,Build Muscle,Beginner,Gym,6.6,4,3,0.77,91,Push,1,46,300,1
U9515,39,Female,182,68.2,20.6,Improve Fitness,Beginner,Gym,7.1,3,4,0.63,67,Upper Body,1,51,359,1
U9516,21,Male,174,101.7,33.6,Gain Strength,Advanced,Home,7.6,6,3,0.78,79,Lower Body,3,47,536,1
U9517,36,Female,159,66.5,26.3,Gain Strength,Intermediate,Mixed,5.1,2,6,1,50,Push,2,49,415,1
U9518,26,Male,183,106.5,31.8,Build Muscle,Advanced,Home,7.8,8,0,0.75,67,Lower Body,3,57,483,1
U9519,25,Male,155,85,35.4,Gain Strength,Beginner,Mixed,7.8,3,2,0.72,63,Upper Body,1,61,570,1
U9520,26,Female,166,59.8,21.7,Build Muscle,Beginner,Gym,7.2,8,4,0.55,82,Full Body,1,45,404,1
U9521,36,Male,173,65.2,21.8,Gain Strength,Beginner,Mixed,8.2,9,1,0.9,71,Pull,1,58,527,1
U9522,31,Male,177,84.3,26.9,Lose Weight,Beginner,Gym,7.8,1,5,0.46,97,Full Body,1,57,437,1
U9523,27,Female,175,71.7,23.4,Gain Strength,Advanced,Gym,7.9,4,3,0.85,34,Legs,3,64,435,1
U9524,33,Male,181,71.1,21.7,Improve Fitness,Advanced,Gym,8,1,0,0.73,82,Cardio,3,47,480,1
U9525,32,Female,193,92.8,24.9,Build Muscle,Intermediate,Gym,8.5,6,3,0.74,93,Push,2,55,387,1
U9526,23,Female,169,58.3,20.4,Build Muscle,Beginner,Home,7,7,5,0.61,77,Push,1,67,524,1
U9527,30,Female,179,74.7,23.3,Gain Strength,Advanced,Gym,6.8,4,1,0.59,65,Legs,3,51,580,1
U9528,28,Female,153,57.4,24.5,Build Muscle,Beginner,Home,4.9,9,6,0.31,72,Full Body,1,56,619,0
U9529,37,Male,150,38.2,17,Build Muscle,Intermediate,Mixed,6.9,5,0,0.65,80,Push,2,70,789,1
U9530,26,Male,153,50.8,21.7,Build Muscle,Advanced,Gym,8.8,5,6,0.87,49,Legs,3,67,717,1
U9531,41,Female,183,78,23.3,Gain Strength,Advanced,Home,8.8,10,4,0.59,71,Lower Body,3,42,323,1
U9532,32,Male,194,114.4,30.4,Improve Fitness,Beginner,Home,6.5,6,0,0.92,58,Full Body,1,54,593,1
U9533,18,Female,165,46.3,17,Improve Fitness,Beginner,Gym,8.5,6,4,0.8,79,Full Body,1,49,368,1
U9534,29,Male,186,68.8,19.9,Gain Strength,Advanced,Gym,6,6,4,0.93,75,Upper Body,3,41,368,1
U9535,22,Female,171,70.2,24,Improve Fitness,Intermediate,Home,7.3,1,2,0.99,82,Lower Body,2,65,429,1
U9536,35,Male,177,70.5,22.5,Build Muscle,Beginner,Mixed,5.6,0,2,0.83,58,Upper Body,1,58,569,1
U9537,34,Female,195,74.1,19.5,Build Muscle,Beginner,Gym,8.5,8,2,0.88,77,Legs,1,65,624,1
U9538,27,Male,160,49.4,19.3,Improve Fitness,Beginner,Gym,9.1,4,2,0.91,67,Full Body,1,41,322,1
U9539,24,Female,155,53.6,22.3,Gain Strength,Intermediate,Gym,7.2,7,4,0.63,100,Upper Body,2,46,486,1
U9540,32,Male,154,54.3,22.9,Build Muscle,Beginner,Home,5.9,5,5,1,63,Push,1,63,613,1
U9541,22,Male,165,75.7,27.8,Build Muscle,Beginner,Mixed,7.8,7,4,0.71,57,Push,1,60,560,1
U9542,20,Male,156,59.1,24.3,Gain Strength,Beginner,Gym,5.8,9,3,0.72,83,Pull,1,49,328,1
U9543,25,Female,170,91.6,31.7,Gain Strength,Beginner,Gym,5.9,8,5,0.67,64,Lower Body,1,65,603,1
U9544,29,Male,174,77.5,25.6,Lose Weight,Beginner,Home,5.4,4,3,0.55,46,Full Body,1,53,411,1
U9545,25,Female,185,63.3,18.5,Lose Weight,Intermediate,Mixed,6.4,9,4,1,77,Cardio,2,33,354,1
U9546,45,Male,165,67.5,24.8,Gain Strength,Beginner,Gym,8.6,4,4,0.79,79,Lower Body,1,40,364,1
U9547,37,Male,188,79.5,22.5,Lose Weight,Intermediate,Home,6.4,6,5,0.48,62,Full Body,2,43,368,1
U9548,20,Male,153,54.5,23.3,Lose Weight,Beginner,Mixed,7.5,4,6,0.71,66,Full Body,1,55,410,1
U9549,36,Male,162,54.3,20.7,Lose Weight,Beginner,Gym,7.5,7,4,0.63,77,Cardio,1,46,346,1
U9550,20,Male,178,53.9,17,Build Muscle,Beginner,Mixed,7.5,5,3,0.85,81,Upper Body,1,61,496,1
U9551,23,Female,188,83.8,23.7,Gain Strength,Intermediate,Gym,8.1,7,3,0.49,70,Push,2,49,562,1
U9552,35,Female,193,88.3,23.7,Build Muscle,Beginner,Gym,8.2,6,6,0.36,56,Upper Body,1,64,429,1
U9553,19,Female,174,96.3,31.8,Lose Weight,Beginner,Gym,4.5,4,2,0.87,61,Full Body,1,49,401,1
U9554,24,Male,160,65.5,25.6,Build Muscle,Advanced,Gym,8.7,8,1,0.77,93,Push,3,54,456,1
U9555,22,Male,178,71,22.4,Improve Fitness,Beginner,Gym,6.7,7,4,0.86,65,Cardio,1,45,346,1
U9556,23,Male,171,79,27,Build Muscle,Intermediate,Gym,8.4,5,0,0.88,48,Lower Body,2,65,446,1
U9557,30,Female,157,56.9,23.1,Improve Fitness,Beginner,Gym,7.4,3,2,0.68,73,Full Body,1,52,490,1
U9558,30,Female,170,74.3,25.7,Lose Weight,Intermediate,Home,6.5,0,6,0.69,54,Full Body,2,60,671,1
U9559,20,Female,168,63.5,22.5,Gain Strength,Intermediate,Gym,5.4,10,2,0.74,69,Push,2,53,540,0
U9560,23,Female,153,48.5,20.7,Gain Strength,Advanced,Gym,9.1,6,2,0.68,76,Lower Body,3,46,462,1
U9561,39,Female,187,76.2,21.8,Lose Weight,Advanced,Mixed,6.6,5,6,0.78,67,Cardio,3,30,266,1
U9562,35,Male,175,75,24.5,Lose Weight,Intermediate,Gym,8,0,6,0.63,52,Cardio,2,33,330,1
U9563,19,Male,150,40.7,18.1,Build Muscle,Beginner,Gym,8.7,1,4,0.89,81,Legs,1,68,647,1
U9564,33,Male,164,61.1,22.7,Build Muscle,Intermediate,Mixed,5.6,3,2,0.67,70,Push,2,49,328,1
U9565,23,Male,160,50.4,19.7,Build Muscle,Beginner,Gym,5.5,9,3,0.41,81,Upper Body,1,55,605,0
U9566,29,Female,150,43.6,19.4,Lose Weight,Beginner,Home,7.4,1,3,0.65,80,Cardio,1,47,440,1
U9567,20,Male,189,92.5,25.9,Build Muscle,Beginner,Gym,6.8,8,5,0.74,70,Push,1,49,325,1
U9568,28,Male,163,58.2,21.9,Gain Strength,Advanced,Gym,8.2,7,4,0.64,70,Upper Body,3,54,477,1
U9569,33,Male,192,68.6,18.6,Lose Weight,Beginner,Mixed,7.4,1,6,0.61,64,Cardio,1,45,370,1
U9570,26,Female,183,70.3,21,Build Muscle,Advanced,Gym,7,0,2,0.36,82,Legs,3,73,603,1
U9571,30,Male,194,91.5,24.3,Build Muscle,Beginner,Gym,6.6,1,0,0.44,78,Legs,1,62,633,1
U9572,28,Female,152,50.4,21.8,Build Muscle,Beginner,Gym,8.5,3,0,0.81,95,Lower Body,1,51,570,1
U9573,28,Male,161,65.1,25.1,Lose Weight,Intermediate,Gym,8.3,7,4,0.8,65,Lower Body,2,52,351,1
U9574,44,Female,171,74,25.3,Build Muscle,Beginner,Gym,6.2,5,1,1,70,Legs,1,58,393,1
U9575,20,Female,158,61.4,24.6,Improve Fitness,Intermediate,Gym,7.5,5,5,0.52,91,Lower Body,2,49,480,1
U9576,28,Female,176,62.6,20.2,Gain Strength,Beginner,Gym,5.7,5,0,0.69,52,Upper Body,1,52,358,0
U9577,31,Female,174,94.2,31.1,Build Muscle,Beginner,Mixed,6.8,7,5,0.2,74,Pull,1,46,468,0
U9578,20,Female,160,68.6,26.8,Gain Strength,Intermediate,Gym,6.6,2,5,0.48,70,Pull,2,63,529,1
U9579,19,Male,184,76.2,22.5,Gain Strength,Intermediate,Home,6,10,3,0.53,74,Lower Body,2,41,403,0
U9580,38,Male,192,104.3,28.3,Build Muscle,Intermediate,Home,7.6,7,5,0.41,81,Pull,2,50,574,1
U9581,44,Male,176,85.8,27.7,Improve Fitness,Intermediate,Gym,8.6,10,3,0.55,71,Full Body,2,41,337,1
U9582,45,Male,189,96.1,26.9,Improve Fitness,Beginner,Gym,6.5,3,0,0.82,71,Upper Body,1,45,373,1
U9583,37,Female,177,65.5,20.9,Build Muscle,Beginner,Gym,6.3,2,6,0.94,57,Full Body,1,60,539,1
U9584,28,Female,190,70.8,19.6,Lose Weight,Advanced,Gym,7.5,6,1,0.71,52,Cardio,3,40,262,1
U9585,28,Male,187,78,22.3,Gain Strength,Beginner,Gym,6.2,6,1,0.6,100,Pull,1,60,437,1
U9586,27,Male,167,64.7,23.2,Lose Weight,Beginner,Home,6.1,6,3,1,85,Cardio,1,44,384,1
U9587,37,Male,167,76.7,27.5,Gain Strength,Advanced,Gym,6.2,9,1,0.93,84,Pull,3,47,532,1
U9588,19,Female,153,58.8,25.1,Build Muscle,Intermediate,Gym,5.2,0,6,0.72,97,Legs,2,45,400,1
U9589,35,Female,180,82.3,25.4,Build Muscle,Intermediate,Home,6.7,3,1,0.68,69,Upper Body,2,51,450,1
U9590,40,Male,151,48.1,21.1,Lose Weight,Beginner,Home,7.1,6,4,0.98,91,Cardio,1,45,332,1
U9591,37,Female,191,77.7,21.3,Lose Weight,Intermediate,Home,8.5,9,6,0.86,81,Cardio,2,37,347,1
U9592,23,Female,177,82.4,26.3,Improve Fitness,Intermediate,Mixed,6.1,8,2,0.65,84,Full Body,2,46,518,1
U9593,27,Female,180,62.9,19.4,Build Muscle,Advanced,Gym,6,6,6,0.78,60,Legs,3,56,611,1
U9594,30,Female,194,105.4,28,Build Muscle,Beginner,Home,6.3,6,1,0.76,76,Upper Body,1,46,398,1
U9595,21,Female,190,81.2,22.5,Improve Fitness,Advanced,Gym,6.8,7,6,0.6,71,Lower Body,3,61,650,1
U9596,38,Female,162,53.8,20.5,Build Muscle,Intermediate,Mixed,6.9,5,5,0.85,54,Legs,2,64,572,1
U9597,31,Male,150,50.6,22.5,Lose Weight,Intermediate,Gym,7.7,3,5,0.35,99,Full Body,2,59,607,1
U9598,39,Male,150,65,28.9,Lose Weight,Beginner,Gym,5.4,6,0,0.34,72,Full Body,1,58,647,0
U9599,29,Male,173,59.3,19.8,Gain Strength,Intermediate,Gym,8.2,4,1,0.79,73,Legs,2,62,625,1
U9600,23,Male,190,79.8,22.1,Gain Strength,Beginner,Home,8.9,6,6,0.86,81,Legs,1,72,469,1
U9601,32,Female,167,82.3,29.5,Gain Strength,Intermediate,Gym,6,1,1,0.95,68,Push,2,49,386,1
U9602,35,Female,187,90.6,25.9,Lose Weight,Beginner,Mixed,6.9,6,6,0.38,86,Cardio,1,41,302,1
U9603,26,Female,170,49.1,17,Lose Weight,Beginner,Gym,6,6,1,0.64,42,Full Body,1,44,300,1
U9604,19,Male,177,62.3,19.9,Build Muscle,Intermediate,Home,7.4,6,6,0.66,68,Legs,2,67,719,1
U9605,21,Male,185,70.8,20.7,Lose Weight,Intermediate,Mixed,7.2,10,1,0.66,47,Cardio,2,40,349,1
U9606,30,Female,170,68.5,23.7,Build Muscle,Intermediate,Gym,5.7,1,0,0.88,66,Legs,2,48,404,1
U9607,21,Male,154,83.2,35.1,Build Muscle,Beginner,Gym,8.2,2,2,0.7,80,Upper Body,1,42,322,1
U9608,20,Female,194,64,17,Gain Strength,Beginner,Gym,8.2,10,6,0.57,73,Push,1,53,496,1
U9609,18,Male,166,59,21.4,Lose Weight,Intermediate,Gym,6.4,8,2,0.69,73,Full Body,2,43,290,1
U9610,36,Male,179,78.2,24.4,Improve Fitness,Intermediate,Gym,7.1,4,6,0.43,100,Recovery,2,28,276,1
U9611,33,Male,185,87.3,25.5,Lose Weight,Intermediate,Mixed,7.6,6,5,0.66,58,Cardio,2,43,311,1
U9612,21,Male,164,67.5,25.1,Lose Weight,Intermediate,Gym,7.4,0,3,0.95,100,Cardio,2,50,433,1
U9613,39,Male,179,98.4,30.7,Improve Fitness,Intermediate,Gym,5.2,6,1,0.64,77,Lower Body,2,64,468,0
U9614,36,Female,170,65.9,22.8,Build Muscle,Intermediate,Home,7.1,3,3,0.33,85,Upper Body,2,47,532,1
U9615,42,Male,170,49.1,17,Lose Weight,Advanced,Mixed,5.4,7,1,0.54,70,Lower Body,3,43,406,0
U9616,26,Female,179,56.7,17.7,Lose Weight,Beginner,Mixed,5.9,8,4,0.93,70,Recovery,1,21,189,1
U9617,27,Male,154,62.4,26.3,Build Muscle,Intermediate,Home,5.7,10,1,0.71,69,Legs,2,51,529,1
U9618,38,Male,159,53.6,21.2,Build Muscle,Beginner,Home,7,7,0,0.38,78,Lower Body,1,51,357,0
U9619,20,Female,155,54.8,22.8,Build Muscle,Intermediate,Gym,6.8,2,4,0.87,78,Full Body,2,52,531,1
U9620,37,Female,184,78.5,23.2,Improve Fitness,Beginner,Gym,5.9,6,4,0.96,51,Recovery,1,29,236,1
U9621,21,Male,189,96.8,27.1,Build Muscle,Intermediate,Gym,5.3,1,2,0.89,87,Legs,2,68,449,1
U9622,28,Female,164,45.7,17,Build Muscle,Intermediate,Gym,7.6,9,3,0.79,82,Legs,2,73,586,1
U9623,20,Male,194,97.9,26,Build Muscle,Beginner,Gym,6,6,6,0.68,96,Pull,1,64,533,1
U9624,27,Female,189,70.7,19.8,Gain Strength,Beginner,Gym,7.5,8,1,0.93,57,Lower Body,1,52,350,1
U9625,36,Male,166,51,18.5,Build Muscle,Beginner,Home,5.7,9,1,0.79,52,Upper Body,1,60,684,1
U9626,23,Male,170,69.1,23.9,Lose Weight,Intermediate,Mixed,8.6,0,6,0.71,60,Cardio,2,47,321,1
U9627,23,Female,181,81.9,25,Gain Strength,Intermediate,Gym,7,2,4,0.8,96,Upper Body,2,61,521,1
U9628,20,Female,169,74.8,26.2,Gain Strength,Beginner,Gym,9.3,6,0,0.8,60,Push,1,57,389,1
U9629,45,Male,165,92.8,34.1,Build Muscle,Intermediate,Home,7,3,5,0.53,100,Push,2,61,429,1
U9630,26,Female,183,71.7,21.4,Lose Weight,Beginner,Gym,6.3,3,3,0.62,74,Cardio,1,42,301,1
U9631,34,Female,195,108,28.4,Lose Weight,Beginner,Gym,4.5,1,1,0.89,63,Cardio,1,43,300,1
U9632,32,Female,157,56.2,22.8,Lose Weight,Beginner,Gym,9,2,6,0.76,78,Lower Body,1,42,460,1
U9633,38,Female,176,75.3,24.3,Gain Strength,Beginner,Gym,7.9,9,2,1,34,Legs,1,56,572,1
U9634,22,Female,163,77.3,29.1,Lose Weight,Intermediate,Gym,8.8,9,3,0.81,61,Recovery,2,25,208,1
U9635,36,Male,167,54.9,19.7,Gain Strength,Beginner,Gym,9.5,10,4,0.56,94,Push,1,68,477,1
U9636,24,Male,153,61.1,26.1,Lose Weight,Beginner,Gym,9.4,2,1,0.66,47,Cardio,1,46,416,1
U9637,20,Female,181,80.3,24.5,Gain Strength,Advanced,Mixed,5.5,9,3,1,81,Legs,3,54,476,1
U9638,33,Female,174,84.2,27.8,Lose Weight,Intermediate,Mixed,8,4,6,0.6,70,Cardio,2,41,290,1
U9639,45,Female,156,60.8,25,Gain Strength,Intermediate,Home,9.2,3,6,0.51,61,Upper Body,2,42,337,1
U9640,22,Male,157,56.7,23,Lose Weight,Intermediate,Gym,6.4,8,2,0.46,31,Cardio,2,30,232,0
U9641,35,Female,182,56.3,17,Lose Weight,Beginner,Home,8.3,2,4,0.72,84,Cardio,1,45,313,1
U9642,28,Female,156,53.8,22.1,Gain Strength,Beginner,Gym,7,9,1,1,95,Pull,1,66,499,1
U9643,38,Female,195,108.4,28.5,Gain Strength,Advanced,Gym,7.3,7,3,0.81,77,Legs,3,75,860,1
U9644,35,Male,160,60.9,23.8,Gain Strength,Intermediate,Gym,6.7,10,0,0.92,52,Upper Body,2,48,537,1
U9645,23,Female,190,110.8,30.7,Lose Weight,Advanced,Gym,6.8,0,5,0.48,63,Full Body,3,41,403,1
U9646,18,Female,180,67.4,20.8,Build Muscle,Beginner,Gym,6.5,4,0,0.61,62,Legs,1,54,378,1
U9647,27,Male,191,84.6,23.2,Improve Fitness,Intermediate,Mixed,7,2,1,0.86,68,Cardio,2,39,433,1
U9648,33,Male,189,92.5,25.9,Improve Fitness,Beginner,Gym,7.1,8,1,0.82,72,Full Body,1,43,466,1
U9649,41,Male,193,81.2,21.8,Lose Weight,Advanced,Gym,6.1,3,3,0.76,91,Cardio,3,39,418,1
U9650,20,Female,188,83.1,23.5,Improve Fitness,Intermediate,Gym,6.3,2,6,0.67,63,Full Body,2,45,418,1
U9651,39,Male,182,71.9,21.7,Lose Weight,Intermediate,Gym,5.5,3,5,0.68,75,Cardio,2,41,357,1
U9652,39,Female,182,66.2,20,Gain Strength,Intermediate,Gym,6.1,5,3,0.55,51,Lower Body,2,42,280,0
U9653,37,Male,174,62.1,20.5,Gain Strength,Beginner,Gym,6.9,7,0,0.48,69,Legs,1,67,617,0
U9654,32,Female,164,57.8,21.5,Build Muscle,Beginner,Home,6.1,10,0,0.79,62,Legs,1,67,592,1
U9655,21,Female,189,80.4,22.5,Gain Strength,Intermediate,Gym,8.5,8,2,0.55,95,Legs,2,71,496,1
U9656,40,Female,186,79.6,23,Build Muscle,Intermediate,Gym,5.9,1,3,0.62,73,Legs,2,67,677,1
U9657,30,Male,189,106.4,29.8,Build Muscle,Intermediate,Gym,8,2,2,0.73,90,Legs,2,70,561,1
U9658,36,Male,171,49.7,17,Lose Weight,Intermediate,Gym,7.4,9,0,0.78,76,Recovery,2,24,231,1
U9659,38,Male,170,51.2,17.7,Build Muscle,Intermediate,Mixed,6,6,1,0.69,88,Upper Body,2,41,310,1
U9660,39,Female,165,88.5,32.5,Build Muscle,Intermediate,Gym,6.4,4,6,0.48,84,Push,2,64,644,1
U9661,31,Female,169,101.4,35.5,Build Muscle,Advanced,Home,8.3,8,1,0.59,100,Pull,3,59,658,1
U9662,19,Male,164,73.7,27.4,Build Muscle,Intermediate,Home,6.2,8,2,1,58,Push,2,57,614,1
U9663,32,Male,156,53.3,21.9,Improve Fitness,Beginner,Home,7.9,1,6,0.72,72,Cardio,1,38,292,1
U9664,40,Male,177,77.4,24.7,Build Muscle,Intermediate,Home,8.3,2,2,0.3,76,Pull,2,53,487,1
U9665,22,Male,181,76.3,23.3,Lose Weight,Beginner,Home,6.3,5,3,0.58,32,Cardio,1,44,418,1
U9666,33,Male,195,80.2,21.1,Build Muscle,Beginner,Gym,8.5,10,4,0.87,69,Legs,1,57,595,1
U9667,40,Male,189,66.4,18.6,Improve Fitness,Intermediate,Home,8,7,3,0.96,87,Recovery,2,33,374,1
U9668,29,Female,161,52.9,20.4,Lose Weight,Intermediate,Gym,6.1,2,2,1,53,Lower Body,2,55,398,1
U9669,26,Female,176,82.1,26.5,Lose Weight,Intermediate,Gym,5.1,3,4,0.67,80,Cardio,2,44,347,1
U9670,30,Male,174,73.9,24.4,Improve Fitness,Beginner,Home,7.7,0,4,0.5,59,Full Body,1,48,544,1
U9671,42,Female,187,92.7,26.5,Build Muscle,Beginner,Gym,7.9,10,6,0.76,86,Legs,1,47,320,1
U9672,21,Male,165,47.6,17.5,Lose Weight,Beginner,Mixed,6.6,0,6,1,91,Cardio,1,49,363,1
U9673,21,Female,162,71.4,27.2,Build Muscle,Intermediate,Gym,6.9,0,2,0.91,78,Lower Body,2,59,641,1
U9674,36,Female,168,51.1,18.1,Lose Weight,Advanced,Home,8.2,1,2,0.56,83,Cardio,3,33,324,1
U9675,45,Female,159,44.7,17.7,Gain Strength,Advanced,Mixed,8.9,9,4,0.67,55,Legs,3,64,733,1
U9676,26,Female,151,49.3,21.6,Lose Weight,Beginner,Gym,6.7,8,2,0.72,91,Full Body,1,47,443,1
U9677,23,Male,171,72.5,24.8,Gain Strength,Beginner,Gym,4.7,5,0,0.5,100,Push,1,59,577,0
U9678,25,Male,188,88.7,25.1,Improve Fitness,Intermediate,Gym,8.1,4,2,0.66,56,Lower Body,2,47,350,1
U9679,28,Male,159,56.9,22.5,Gain Strength,Intermediate,Gym,7.2,8,3,0.64,100,Pull,2,56,440,1
U9680,44,Female,153,51.3,21.9,Build Muscle,Intermediate,Gym,5.9,8,4,0.87,85,Full Body,2,60,457,1
U9681,30,Female,167,68.6,24.6,Gain Strength,Intermediate,Gym,6.4,7,2,0.38,90,Lower Body,2,65,656,0
U9682,26,Male,189,100.4,28.1,Build Muscle,Intermediate,Gym,6.6,9,3,0.73,68,Push,2,70,791,1
U9683,43,Male,195,119,31.3,Build Muscle,Intermediate,Gym,6,2,1,0.61,61,Pull,2,54,567,1
U9684,20,Female,180,83.6,25.8,Build Muscle,Beginner,Home,7.2,4,6,0.76,58,Full Body,1,44,492,1
U9685,29,Female,159,77.6,30.7,Gain Strength,Intermediate,Mixed,6.6,4,4,0.93,100,Lower Body,2,52,513,1
U9686,34,Male,158,51.9,20.8,Lose Weight,Beginner,Gym,7.5,4,1,0.7,100,Full Body,1,60,420,1
U9687,28,Male,187,81.5,23.3,Build Muscle,Intermediate,Gym,7.4,1,5,0.76,70,Legs,2,60,654,1
U9688,45,Female,154,65.7,27.7,Build Muscle,Beginner,Gym,7.2,9,5,0.81,75,Legs,1,48,507,1
U9689,33,Female,156,53.5,22,Lose Weight,Intermediate,Gym,6.8,10,2,0.82,80,Cardio,2,30,247,1
U9690,30,Male,154,70.4,29.7,Lose Weight,Beginner,Gym,9.1,1,1,0.63,74,Full Body,1,49,393,1
U9691,38,Male,186,82,23.7,Lose Weight,Beginner,Gym,5.9,5,3,0.82,83,Full Body,1,50,400,1
U9692,25,Female,192,73.7,20,Gain Strength,Beginner,Home,6.7,6,6,0.64,49,Legs,1,57,375,1
U9693,22,Male,163,64.6,24.3,Build Muscle,Advanced,Gym,5.8,6,1,0.75,76,Pull,3,70,727,1
U9694,22,Female,174,79.3,26.2,Lose Weight,Advanced,Mixed,7.6,8,0,1,59,Cardio,3,32,352,1
U9695,41,Female,169,60.8,21.3,Build Muscle,Advanced,Gym,7.8,2,5,0.7,88,Lower Body,3,40,301,1
U9696,43,Male,175,82.4,26.9,Improve Fitness,Intermediate,Mixed,9.2,7,6,0.7,49,Full Body,2,54,542,1
U9697,25,Female,161,67.1,25.9,Lose Weight,Intermediate,Home,7,7,6,0.82,81,Full Body,2,40,444,1
U9698,21,Male,185,76.3,22.3,Improve Fitness,Intermediate,Home,6,5,4,0.69,36,Cardio,2,48,320,1
U9699,36,Female,194,93.3,24.8,Gain Strength,Intermediate,Mixed,6.7,10,6,0.88,42,Legs,2,54,455,1
U9700,42,Male,163,65.1,24.5,Build Muscle,Beginner,Gym,8.8,1,2,0.84,86,Pull,1,52,577,1
U9701,27,Male,175,79.3,25.9,Lose Weight,Beginner,Gym,5.3,6,4,0.75,78,Cardio,1,38,250,1
U9702,20,Female,171,58.5,20,Build Muscle,Beginner,Home,7,2,3,0.2,66,Legs,1,49,514,0
U9703,28,Male,160,58.1,22.7,Lose Weight,Advanced,Gym,8.6,5,4,0.61,68,Lower Body,3,44,459,1
U9704,45,Female,161,62.7,24.2,Build Muscle,Beginner,Gym,6.5,1,6,0.85,42,Upper Body,1,58,377,1
U9705,38,Male,153,68.6,29.3,Build Muscle,Beginner,Mixed,7.1,9,0,0.95,30,Upper Body,1,41,367,1
U9706,37,Male,150,38.2,17,Lose Weight,Beginner,Gym,6.8,3,3,0.81,63,Cardio,1,39,259,1
U9707,20,Male,159,68.3,27,Lose Weight,Beginner,Home,8.2,8,3,0.84,73,Cardio,1,36,250,1
U9708,42,Female,190,89.9,24.9,Improve Fitness,Beginner,Mixed,6.4,9,4,0.71,56,Lower Body,1,52,518,1
U9709,24,Female,189,75.7,21.2,Build Muscle,Beginner,Gym,7.7,6,6,0.64,60,Legs,1,61,469,1
U9710,29,Female,158,65.9,26.4,Build Muscle,Beginner,Gym,7.5,5,5,0.68,69,Full Body,1,43,455,1
U9711,20,Male,156,63.8,26.2,Gain Strength,Advanced,Home,8.2,7,4,0.76,54,Pull,3,60,597,1
U9712,18,Female,188,83.4,23.6,Improve Fitness,Beginner,Gym,6.7,0,1,0.53,79,Full Body,1,51,433,1
U9713,27,Female,184,91.1,26.9,Build Muscle,Intermediate,Home,7.9,10,0,0.54,74,Upper Body,2,46,521,0
U9714,45,Female,188,86.6,24.5,Gain Strength,Beginner,Home,7.4,0,2,0.74,71,Upper Body,1,52,539,1
U9715,41,Female,187,83.6,23.9,Gain Strength,Intermediate,Gym,8.3,5,0,0.56,69,Legs,2,73,493,1
U9716,44,Female,174,87.8,29,Gain Strength,Beginner,Gym,6.2,0,5,0.58,83,Push,1,67,453,1
U9717,18,Female,190,66.8,18.5,Improve Fitness,Beginner,Gym,7.8,3,2,0.63,78,Recovery,1,30,256,1
U9718,28,Female,175,59.4,19.4,Build Muscle,Beginner,Gym,8.4,10,6,0.5,82,Legs,1,56,369,1
U9719,34,Female,185,67.1,19.6,Gain Strength,Advanced,Home,9.1,4,1,0.71,100,Legs,3,70,468,1
U9720,33,Female,158,52.7,21.1,Build Muscle,Intermediate,Mixed,6.6,10,5,0.94,50,Lower Body,2,47,389,1
U9721,37,Male,155,51.9,21.6,Build Muscle,Intermediate,Gym,7.6,0,1,0.54,79,Pull,2,61,674,1
U9722,40,Female,167,70.3,25.2,Gain Strength,Intermediate,Mixed,5.4,0,5,0.89,53,Legs,2,56,370,1
U9723,32,Female,190,100,27.7,Lose Weight,Intermediate,Gym,7.2,1,3,0.64,55,Cardio,2,45,464,1
U9724,35,Male,187,90.6,25.9,Build Muscle,Intermediate,Gym,6.1,4,5,0.94,90,Push,2,48,371,1
U9725,24,Female,157,77.4,31.4,Gain Strength,Intermediate,Gym,7.4,8,6,0.65,67,Lower Body,2,63,600,1
U9726,38,Male,182,75.9,22.9,Lose Weight,Beginner,Gym,7.4,0,6,0.8,90,Recovery,1,28,261,1
U9727,32,Female,177,77.1,24.6,Lose Weight,Intermediate,Gym,5.6,6,6,0.65,95,Cardio,2,35,321,1
U9728,21,Male,176,55.8,18,Build Muscle,Intermediate,Gym,7.9,10,0,0.65,58,Push,2,69,569,1
U9729,19,Female,154,62.1,26.2,Build Muscle,Intermediate,Gym,8.8,0,6,0.78,68,Upper Body,2,41,317,1
U9730,35,Male,194,71.9,19.1,Gain Strength,Beginner,Mixed,7,2,4,0.48,67,Legs,1,66,698,1
U9731,31,Male,169,69.1,24.2,Build Muscle,Intermediate,Home,4.5,0,5,0.97,53,Pull,2,67,724,1
U9732,33,Female,171,69.3,23.7,Lose Weight,Intermediate,Gym,7.7,4,1,0.96,60,Full Body,2,45,398,1
U9733,44,Male,150,38.2,17,Build Muscle,Beginner,Mixed,8.3,10,3,0.5,77,Pull,1,54,613,1
U9734,38,Female,164,70.7,26.3,Gain Strength,Beginner,Mixed,4.5,5,6,0.43,65,Upper Body,1,51,561,0
U9735,40,Female,188,60.1,17,Build Muscle,Intermediate,Gym,5.6,1,5,0.74,70,Upper Body,2,51,535,1
U9736,40,Male,185,88.3,25.8,Improve Fitness,Intermediate,Gym,7.6,3,6,0.42,52,Full Body,2,43,367,1
U9737,27,Female,184,93.8,27.7,Build Muscle,Intermediate,Gym,8.8,0,2,0.55,75,Push,2,63,461,1
U9738,26,Male,169,79.7,27.9,Gain Strength,Intermediate,Gym,7.4,6,5,0.68,62,Lower Body,2,45,501,1
U9739,28,Male,176,101.6,32.8,Lose Weight,Beginner,Mixed,7.2,0,1,0.79,76,Lower Body,1,56,396,1
U9740,24,Female,158,52.7,21.1,Improve Fitness,Intermediate,Home,7.2,0,5,0.66,66,Full Body,2,40,324,1
U9741,39,Male,187,90.2,25.8,Gain Strength,Advanced,Gym,6.1,7,2,0.5,79,Legs,3,47,345,1
U9742,45,Female,159,56.4,22.3,Lose Weight,Beginner,Mixed,6.7,10,3,0.37,86,Full Body,1,49,396,0
U9743,23,Male,169,76.3,26.7,Build Muscle,Intermediate,Mixed,7.9,10,2,0.79,49,Pull,2,56,417,1
U9744,35,Female,165,69.4,25.5,Build Muscle,Beginner,Gym,6.4,6,3,0.55,79,Upper Body,1,61,436,1
U9745,41,Male,154,74.7,31.5,Lose Weight,Intermediate,Home,8.7,3,0,0.83,71,Cardio,2,32,361,1
U9746,19,Female,162,61.9,23.6,Improve Fitness,Advanced,Home,6.1,10,5,0.67,85,Cardio,3,45,359,1
U9747,33,Female,187,112.6,32.2,Improve Fitness,Beginner,Home,6.2,9,3,0.36,64,Recovery,1,20,206,0
U9748,20,Male,162,74.3,28.3,Build Muscle,Intermediate,Gym,9.4,5,0,0.96,91,Push,2,70,565,1
U9749,33,Male,190,75.4,20.9,Lose Weight,Intermediate,Gym,6.2,2,0,0.48,62,Cardio,2,48,329,1
U9750,37,Female,155,68,28.3,Lose Weight,Intermediate,Home,8.9,1,5,0.78,68,Lower Body,2,57,625,1
U9751,36,Male,157,49.3,20,Lose Weight,Intermediate,Mixed,7,8,0,0.76,50,Cardio,2,39,388,1
U9752,28,Male,181,93,28.4,Improve Fitness,Intermediate,Home,6.6,10,4,0.88,71,Cardio,2,37,253,1
U9753,34,Male,163,68.3,25.7,Improve Fitness,Beginner,Gym,6.3,2,5,0.66,81,Cardio,1,38,269,1
U9754,44,Male,179,76.6,23.9,Build Muscle,Beginner,Mixed,5.9,10,6,0.74,77,Upper Body,1,61,647,1
U9755,32,Male,177,94.9,30.3,Build Muscle,Beginner,Gym,8.4,8,0,0.71,63,Legs,1,68,615,1
U9756,42,Male,189,83.9,23.5,Improve Fitness,Advanced,Gym,6.5,9,0,0.81,87,Upper Body,3,44,502,1
U9757,38,Female,182,98.4,29.7,Gain Strength,Advanced,Mixed,6.6,2,0,0.63,65,Legs,3,67,555,1
U9758,40,Female,174,51.5,17,Gain Strength,Intermediate,Gym,5.8,1,2,0.71,77,Legs,2,73,706,1
U9759,33,Female,185,91,26.6,Improve Fitness,Intermediate,Mixed,6.2,8,3,0.63,67,Cardio,2,48,381,0
U9760,37,Male,179,73.4,22.9,Gain Strength,Beginner,Gym,7.9,6,6,0.48,54,Push,1,67,546,1
U9761,27,Female,187,81.1,23.2,Build Muscle,Intermediate,Gym,5.6,3,5,0.38,49,Lower Body,2,64,510,0
U9762,26,Male,170,67.9,23.5,Lose Weight,Beginner,Gym,7.8,7,6,0.84,95,Cardio,1,45,373,1
U9763,45,Male,151,56.8,24.9,Build Muscle,Beginner,Mixed,7.4,2,3,0.67,68,Upper Body,1,58,555,1
U9764,26,Female,160,85,33.2,Gain Strength,Intermediate,Gym,7.4,4,6,0.78,54,Push,2,56,422,1
U9765,36,Female,185,89.7,26.2,Lose Weight,Advanced,Gym,7.8,2,4,0.92,81,Full Body,3,43,422,1
U9766,39,Female,164,64.6,24,Gain Strength,Beginner,Gym,6.9,5,4,0.71,73,Upper Body,1,64,727,1
U9767,34,Female,173,89.2,29.8,Gain Strength,Advanced,Gym,8.3,3,0,0.86,100,Push,3,53,476,1
U9768,27,Female,188,60.1,17,Build Muscle,Intermediate,Gym,6.6,2,6,0.72,61,Lower Body,2,47,451,1
U9769,24,Female,161,53.4,20.6,Gain Strength,Intermediate,Gym,5.2,5,3,0.66,85,Legs,2,63,667,1
U9770,32,Female,188,98.3,27.8,Improve Fitness,Beginner,Mixed,6.3,6,6,0.76,92,Upper Body,1,54,358,1
U9771,22,Male,156,44,18.1,Gain Strength,Beginner,Gym,6.9,0,6,0.77,72,Pull,1,63,433,1
U9772,35,Female,176,87,28.1,Lose Weight,Beginner,Gym,5.5,0,1,0.54,82,Cardio,1,49,542,1
U9773,30,Male,194,65.5,17.4,Build Muscle,Intermediate,Mixed,8,0,6,0.8,83,Lower Body,2,47,405,1
U9774,35,Female,188,79.5,22.5,Build Muscle,Beginner,Gym,7.7,4,1,0.51,65,Legs,1,60,663,1
U9775,27,Male,194,93,24.7,Build Muscle,Advanced,Mixed,6.1,10,2,0.76,54,Push,3,48,369,1
U9776,31,Male,173,76.6,25.6,Build Muscle,Intermediate,Home,9,6,0,0.49,71,Legs,2,69,637,1
U9777,29,Female,184,59.9,17.7,Gain Strength,Intermediate,Mixed,6.2,10,6,0.85,65,Upper Body,2,63,441,1
U9778,39,Female,175,84.5,27.6,Lose Weight,Beginner,Gym,7.5,3,0,0.71,56,Recovery,1,31,339,1
U9779,30,Male,188,96.8,27.4,Build Muscle,Intermediate,Home,7.4,8,5,0.44,57,Push,2,56,535,1
U9780,27,Male,195,64.6,17,Build Muscle,Intermediate,Home,5.6,8,1,0.66,56,Legs,2,68,650,0
U9781,34,Male,181,68.8,21,Lose Weight,Intermediate,Home,8.6,6,5,0.91,61,Cardio,2,34,251,1
U9782,31,Female,180,90.1,27.8,Build Muscle,Beginner,Gym,8.4,10,6,0.83,76,Legs,1,64,575,1
U9783,40,Male,194,109.5,29.1,Improve Fitness,Intermediate,Gym,7.9,0,1,0.5,69,Full Body,2,58,664,1
U9784,29,Male,186,76.8,22.2,Build Muscle,Advanced,Gym,8.4,5,3,0.62,60,Upper Body,3,43,400,1
U9785,44,Female,191,105.1,28.8,Build Muscle,Beginner,Home,7.4,6,1,1,59,Push,1,56,508,1
U9786,24,Female,169,63.7,22.3,Build Muscle,Intermediate,Gym,8.3,6,4,0.49,91,Push,2,65,445,1
U9787,20,Male,191,70.8,19.4,Build Muscle,Beginner,Gym,7.8,2,0,0.39,72,Upper Body,1,63,720,1
U9788,21,Female,179,59.9,18.7,Gain Strength,Advanced,Gym,9.2,10,5,0.53,59,Legs,3,55,598,1
U9789,43,Female,163,70.9,26.7,Improve Fitness,Intermediate,Gym,6.4,5,3,0.85,61,Upper Body,2,63,616,1
U9790,31,Female,155,50.9,21.2,Lose Weight,Beginner,Gym,7.1,2,6,0.5,77,Cardio,1,33,269,1
U9791,40,Female,156,68.6,28.2,Gain Strength,Intermediate,Home,7.7,9,2,0.84,43,Pull,2,65,503,1
U9792,40,Female,192,83.3,22.6,Lose Weight,Beginner,Gym,6.9,8,5,0.98,63,Cardio,1,40,393,1
U9793,42,Male,192,62.7,17,Gain Strength,Beginner,Gym,6,6,4,0.6,39,Upper Body,1,57,514,0
U9794,18,Male,164,76.9,28.6,Lose Weight,Beginner,Mixed,5.4,10,2,0.8,55,Cardio,1,42,429,1
U9795,19,Male,195,117.1,30.8,Build Muscle,Intermediate,Mixed,6.8,3,3,0.63,79,Upper Body,2,43,376,1
U9796,43,Female,172,60.1,20.3,Lose Weight,Beginner,Gym,7.7,10,0,0.63,63,Full Body,1,55,553,1
U9797,45,Male,155,57.9,24.1,Build Muscle,Intermediate,Gym,5.9,2,1,0.69,77,Full Body,2,47,467,1
U9798,31,Female,161,44.1,17,Build Muscle,Beginner,Mixed,8.3,8,2,0.87,44,Legs,1,53,512,1
U9799,27,Female,154,40.3,17,Build Muscle,Intermediate,Mixed,8,7,5,0.86,81,Upper Body,2,65,632,1
U9800,29,Female,153,43.3,18.5,Gain Strength,Beginner,Gym,9.1,1,5,0.58,75,Upper Body,1,46,458,1
U9801,30,Male,170,74,25.6,Lose Weight,Intermediate,Home,8.9,0,0,0.74,78,Cardio,2,38,398,1
U9802,29,Male,189,86.4,24.2,Lose Weight,Advanced,Gym,5.8,2,3,0.3,72,Cardio,3,49,533,1
U9803,40,Male,151,42.4,18.6,Lose Weight,Intermediate,Home,7.5,7,6,0.75,73,Cardio,2,38,317,1
U9804,45,Male,167,56.1,20.1,Lose Weight,Beginner,Gym,8.2,1,1,0.81,54,Full Body,1,60,642,1
U9805,18,Male,194,125,33.2,Build Muscle,Beginner,Gym,6.9,3,2,0.48,60,Upper Body,1,46,405,1
U9806,30,Male,163,48.4,18.2,Gain Strength,Advanced,Gym,8.6,7,6,0.91,83,Lower Body,3,40,359,1
U9807,26,Male,180,86.8,26.8,Lose Weight,Beginner,Mixed,8.5,7,0,0.68,78,Lower Body,1,55,498,1
U9808,30,Male,159,53.3,21.1,Lose Weight,Beginner,Home,6.9,6,5,0.8,30,Cardio,1,41,347,1
U9809,34,Female,166,60.3,21.9,Build Muscle,Beginner,Gym,7.3,6,0,0.71,65,Full Body,1,46,323,1
U9810,23,Male,190,97.5,27,Build Muscle,Advanced,Mixed,6.3,7,2,0.5,89,Legs,3,66,696,1
U9811,21,Female,168,81.6,28.9,Lose Weight,Beginner,Gym,6.4,1,6,0.71,84,Cardio,1,41,340,1
U9812,25,Female,170,71.4,24.7,Gain Strength,Beginner,Gym,7.7,9,0,0.81,67,Legs,1,67,575,1
U9813,20,Female,164,71.8,26.7,Improve Fitness,Intermediate,Gym,6,2,6,0.79,70,Lower Body,2,63,502,1
U9814,18,Female,157,56.7,23,Gain Strength,Intermediate,Mixed,5.7,9,5,0.74,72,Pull,2,55,492,1
U9815,43,Female,175,64.3,21,Lose Weight,Beginner,Gym,5.3,8,3,0.42,68,Cardio,1,49,361,0
U9816,18,Female,192,95.1,25.8,Build Muscle,Intermediate,Gym,9.1,3,0,0.71,47,Upper Body,2,59,414,1
U9817,31,Female,162,61.9,23.6,Gain Strength,Intermediate,Gym,8.5,9,2,0.6,88,Pull,2,45,490,1
U9818,35,Male,152,58.2,25.2,Build Muscle,Intermediate,Home,7.8,1,3,1,44,Upper Body,2,65,566,1
U9819,35,Male,152,65.4,28.3,Lose Weight,Advanced,Gym,7,6,6,0.55,70,Cardio,3,32,208,1
U9820,23,Male,165,86,31.6,Gain Strength,Advanced,Gym,8.6,10,1,0.36,60,Push,3,52,446,0
U9821,42,Female,173,85.3,28.5,Lose Weight,Advanced,Gym,7.1,8,4,0.72,48,Full Body,3,59,596,1
U9822,22,Female,169,61.1,21.4,Lose Weight,Beginner,Gym,5.6,7,3,0.42,53,Recovery,1,33,290,0
U9823,29,Male,178,65.3,20.6,Improve Fitness,Beginner,Gym,6.3,2,6,0.57,87,Cardio,1,32,237,1
U9824,32,Female,191,75.5,20.7,Lose Weight,Beginner,Gym,8.7,7,1,0.63,78,Cardio,1,43,280,1
U9825,30,Male,170,76.6,26.5,Lose Weight,Advanced,Gym,6.1,6,1,0.66,64,Full Body,3,41,331,1
U9826,25,Male,167,72.8,26.1,Improve Fitness,Beginner,Gym,7,2,3,0.59,73,Full Body,1,42,481,1
U9827,34,Male,195,98.5,25.9,Gain Strength,Beginner,Mixed,9.1,7,4,0.73,72,Legs,1,53,367,1
U9828,29,Male,159,66.5,26.3,Lose Weight,Intermediate,Home,6.1,10,2,0.41,67,Full Body,2,51,356,0
U9829,28,Male,188,102.5,29,Build Muscle,Advanced,Gym,8.5,4,1,0.38,81,Legs,3,59,478,1
U9830,41,Male,173,50.9,17,Gain Strength,Beginner,Gym,7.6,0,4,0.79,46,Legs,1,75,788,1
U9831,39,Male,159,72.6,28.7,Build Muscle,Intermediate,Gym,9,2,4,0.71,74,Pull,2,49,318,1
U9832,27,Male,182,101.7,30.7,Build Muscle,Beginner,Home,5.9,8,5,0.52,59,Push,1,70,773,1
U9833,23,Male,160,63.2,24.7,Gain Strength,Beginner,Gym,7.1,10,4,0.62,67,Legs,1,62,534,1
U9834,41,Male,156,54,22.2,Improve Fitness,Intermediate,Home,6.6,0,1,0.58,60,Full Body,2,58,631,1
U9835,30,Female,186,58.8,17,Improve Fitness,Intermediate,Gym,6.9,2,0,0.37,83,Full Body,2,53,409,0
U9836,29,Female,166,60.9,22.1,Build Muscle,Beginner,Mixed,7,4,6,0.65,68,Push,1,55,375,1
U9837,33,Male,188,105.3,29.8,Lose Weight,Intermediate,Gym,5.6,8,3,0.43,73,Cardio,2,38,371,0
U9838,42,Male,150,50.4,22.4,Build Muscle,Beginner,Gym,7.5,9,4,0.85,55,Upper Body,1,44,333,1
U9839,21,Male,191,98.5,27,Gain Strength,Beginner,Home,6,6,2,0.73,53,Pull,1,68,768,1
U9840,30,Male,164,67.5,25.1,Lose Weight,Beginner,Gym,7.1,0,0,0.52,51,Full Body,1,53,392,1
U9841,42,Female,188,97.9,27.7,Improve Fitness,Beginner,Gym,6.6,9,3,0.9,63,Full Body,1,53,598,1
U9842,29,Male,167,83.7,30,Lose Weight,Advanced,Mixed,6.1,6,4,0.99,74,Recovery,3,34,346,1
U9843,43,Male,168,73.9,26.2,Improve Fitness,Advanced,Gym,6,2,4,0.85,83,Cardio,3,50,473,1
U9844,23,Male,181,75.7,23.1,Gain Strength,Intermediate,Gym,4.8,5,0,0.52,55,Pull,2,65,701,0
U9845,33,Male,178,83.6,26.4,Lose Weight,Beginner,Gym,6.6,3,4,0.64,63,Full Body,1,59,661,1
U9846,22,Female,188,108.5,30.7,Build Muscle,Intermediate,Mixed,7.1,10,5,0.76,62,Pull,2,47,532,1
U9847,31,Female,162,64,24.4,Lose Weight,Intermediate,Home,6,3,6,0.78,54,Full Body,2,56,517,1
U9848,34,Female,182,91.4,27.6,Gain Strength,Beginner,Home,6.3,2,0,0.89,100,Legs,1,54,421,1
U9849,22,Male,184,82.9,24.5,Gain Strength,Beginner,Gym,8.5,5,3,0.86,50,Pull,1,58,549,1
U9850,21,Female,184,84.6,25,Lose Weight,Advanced,Gym,7.7,4,0,0.83,74,Lower Body,3,64,624,1
U9851,31,Male,152,58.2,25.2,Build Muscle,Beginner,Home,7.1,4,5,0.74,53,Legs,1,48,396,1
U9852,21,Male,153,55,23.5,Build Muscle,Intermediate,Home,5.5,5,3,0.63,63,Pull,2,46,524,1
U9853,22,Male,160,55.8,21.8,Build Muscle,Beginner,Gym,5.9,3,1,0.77,67,Full Body,1,45,489,1
U9854,35,Female,165,61.8,22.7,Gain Strength,Intermediate,Mixed,5.6,2,1,0.67,89,Legs,2,56,394,1
U9855,21,Female,185,100.6,29.4,Improve Fitness,Beginner,Home,7.5,6,6,0.67,80,Recovery,1,22,184,1
U9856,27,Male,185,74.3,21.7,Gain Strength,Beginner,Home,6.8,8,0,0.59,85,Legs,1,46,334,0
U9857,19,Female,181,91.1,27.8,Build Muscle,Advanced,Gym,7.1,5,2,1,78,Push,3,51,344,1
U9858,30,Male,166,71.6,26,Improve Fitness,Intermediate,Home,7.4,5,2,0.49,58,Cardio,2,30,289,0
U9859,27,Female,153,56.9,24.3,Lose Weight,Advanced,Gym,7,8,4,0.83,61,Cardio,3,34,277,1
U9860,30,Female,175,76,24.8,Build Muscle,Intermediate,Gym,7.2,5,6,0.74,72,Full Body,2,59,524,1
U9861,34,Male,188,65.7,18.6,Lose Weight,Beginner,Home,4.6,4,4,0.55,64,Full Body,1,59,588,1
U9862,24,Male,175,60,19.6,Build Muscle,Advanced,Home,7,5,1,0.92,82,Pull,3,58,458,1
U9863,44,Female,153,62,26.5,Gain Strength,Beginner,Home,8.2,3,6,0.55,65,Pull,1,49,399,1
U9864,41,Female,155,65.1,27.1,Improve Fitness,Intermediate,Home,6.6,5,5,0.64,99,Upper Body,2,55,510,1
U9865,43,Female,166,68.6,24.9,Build Muscle,Beginner,Gym,9,2,5,0.39,62,Push,1,64,427,1
U9866,22,Male,156,63.8,26.2,Build Muscle,Advanced,Gym,7.2,9,4,0.35,68,Full Body,3,43,431,0
U9867,19,Female,166,96.2,34.9,Build Muscle,Beginner,Mixed,7.4,5,5,0.83,62,Push,1,50,359,1
U9868,38,Female,183,85.4,25.5,Improve Fitness,Beginner,Gym,7.1,0,0,0.92,88,Cardio,1,33,330,1
U9869,29,Male,177,82.1,26.2,Gain Strength,Beginner,Mixed,7.2,5,1,0.42,46,Legs,1,61,615,0
U9870,41,Male,176,76.8,24.8,Gain Strength,Intermediate,Mixed,8.1,5,6,0.96,58,Legs,2,60,590,1
U9871,45,Male,190,65.7,18.2,Gain Strength,Intermediate,Mixed,8.1,3,4,0.57,48,Pull,2,56,440,1
U9872,23,Male,187,78.3,22.4,Gain Strength,Intermediate,Home,6.5,6,4,0.96,84,Legs,2,72,672,1
U9873,23,Male,176,66.3,21.4,Improve Fitness,Intermediate,Home,8.6,9,1,0.74,87,Cardio,2,49,414,1
U9874,43,Female,183,100.8,30.1,Build Muscle,Intermediate,Mixed,6.8,3,2,0.82,65,Upper Body,2,42,418,1
U9875,21,Male,176,88,28.4,Gain Strength,Intermediate,Gym,7.2,3,3,0.89,94,Upper Body,2,64,662,1
U9876,25,Male,179,85.9,26.8,Lose Weight,Intermediate,Gym,7,1,4,0.71,30,Cardio,2,39,351,1
U9877,38,Male,184,72.8,21.5,Build Muscle,Beginner,Gym,8.1,0,5,0.89,60,Upper Body,1,47,343,1
U9878,34,Male,191,91.9,25.2,Improve Fitness,Advanced,Gym,6.9,8,1,0.84,100,Full Body,3,45,474,1
U9879,20,Female,186,95.1,27.5,Lose Weight,Intermediate,Gym,6.4,9,3,0.71,93,Lower Body,2,58,514,1
U9880,30,Female,171,54.4,18.6,Build Muscle,Intermediate,Gym,6.4,7,2,0.85,91,Legs,2,52,550,1
U9881,45,Male,165,73.8,27.1,Build Muscle,Advanced,Home,6.4,9,6,0.82,78,Upper Body,3,60,642,1
U9882,31,Male,186,89.9,26,Build Muscle,Beginner,Gym,7,8,0,0.73,58,Push,1,48,328,1
U9883,35,Male,189,124.7,34.9,Improve Fitness,Intermediate,Home,7.3,3,6,0.82,68,Cardio,2,39,442,1
U9884,19,Male,153,65.8,28.1,Lose Weight,Advanced,Gym,5.7,6,6,0.41,71,Full Body,3,45,362,1
U9885,37,Female,157,81.6,33.1,Gain Strength,Advanced,Gym,8.4,7,3,0.57,79,Legs,3,59,620,1
U9886,35,Female,161,56.5,21.8,Lose Weight,Intermediate,Gym,7.6,10,3,0.81,85,Cardio,2,41,417,1
U9887,34,Female,170,51.7,17.9,Build Muscle,Intermediate,Home,5.7,1,1,0.71,56,Push,2,56,457,1
U9888,29,Male,194,74.5,19.8,Lose Weight,Intermediate,Mixed,7.4,1,0,0.56,100,Full Body,2,42,436,1
U9889,39,Female,182,73.9,22.3,Build Muscle,Beginner,Gym,6.8,10,2,0.77,49,Full Body,1,59,404,0
U9890,43,Female,171,77.8,26.6,Gain Strength,Beginner,Mixed,7.5,5,4,0.66,76,Upper Body,1,60,649,1
U9891,30,Male,186,91,26.3,Lose Weight,Beginner,Gym,8.7,8,4,1,56,Full Body,1,45,339,1
U9892,38,Male,178,60.5,19.1,Gain Strength,Intermediate,Gym,7.2,10,5,0.35,81,Push,2,51,493,0
U9893,27,Female,190,90.2,25,Lose Weight,Beginner,Mixed,7.5,6,3,0.67,75,Lower Body,1,43,327,1
U9894,38,Male,195,100.8,26.5,Lose Weight,Beginner,Gym,7.3,7,5,0.48,74,Full Body,1,60,449,1
U9895,25,Male,160,82.7,32.3,Lose Weight,Beginner,Gym,7.4,8,2,0.74,95,Lower Body,1,51,562,1
U9896,29,Female,155,51.4,21.4,Build Muscle,Beginner,Home,8.1,4,5,0.62,88,Lower Body,1,43,363,1
U9897,35,Male,153,65.3,27.9,Gain Strength,Advanced,Mixed,6.6,5,6,0.67,86,Pull,3,61,428,1
U9898,41,Male,192,62.7,17,Build Muscle,Beginner,Gym,6.6,0,0,0.83,67,Pull,1,65,501,1
U9899,33,Male,167,70,25.1,Lose Weight,Intermediate,Gym,4.9,1,3,0.57,82,Lower Body,2,52,502,1
U9900,31,Male,167,59.4,21.3,Build Muscle,Beginner,Home,5.7,7,3,0.91,79,Lower Body,1,59,398,1
U9901,26,Male,189,71.1,19.9,Gain Strength,Beginner,Gym,7.3,1,3,0.53,69,Upper Body,1,52,478,1
U9902,37,Female,171,73.7,25.2,Build Muscle,Beginner,Home,6.2,9,3,0.85,85,Lower Body,1,51,366,1
U9903,43,Male,154,60.7,25.6,Lose Weight,Beginner,Gym,7.6,1,6,0.46,92,Lower Body,1,42,357,1
U9904,30,Male,172,71.3,24.1,Gain Strength,Beginner,Home,6.1,7,4,0.75,83,Pull,1,67,684,1
U9905,32,Female,164,71.8,26.7,Improve Fitness,Beginner,Mixed,5.9,1,2,0.86,71,Cardio,1,38,363,1
U9906,21,Male,170,76.9,26.6,Lose Weight,Beginner,Gym,6.2,1,6,0.91,74,Cardio,1,37,343,1
U9907,36,Female,190,106.5,29.5,Build Muscle,Beginner,Gym,5.4,9,1,0.47,68,Upper Body,1,63,572,0
U9908,18,Female,155,73.8,30.7,Build Muscle,Beginner,Gym,9.3,4,0,0.56,72,Pull,1,46,444,1
U9909,42,Male,171,73.7,25.2,Build Muscle,Intermediate,Gym,7.9,8,5,0.88,55,Full Body,2,42,469,1
U9910,22,Male,188,87.7,24.8,Build Muscle,Intermediate,Home,4.9,10,2,0.87,66,Full Body,2,55,612,1
U9911,23,Male,164,52.2,19.4,Build Muscle,Beginner,Home,7.5,7,3,0.65,90,Pull,1,52,383,1
U9912,19,Female,163,55.3,20.8,Improve Fitness,Beginner,Gym,9.5,8,0,0.87,91,Cardio,1,44,442,1
U9913,18,Female,156,49.2,20.2,Lose Weight,Advanced,Gym,9.1,1,5,0.5,68,Recovery,3,24,225,1
U9914,23,Male,180,97.2,30,Build Muscle,Advanced,Gym,7.7,5,1,0.5,89,Upper Body,3,57,571,1
U9915,43,Female,177,81.1,25.9,Gain Strength,Advanced,Home,6.6,8,5,0.44,78,Push,3,51,449,1
U9916,21,Male,156,57.9,23.8,Lose Weight,Advanced,Gym,7.3,2,4,0.43,65,Cardio,3,40,293,1
U9917,22,Male,173,79.3,26.5,Lose Weight,Intermediate,Gym,9.2,2,3,0.68,93,Cardio,2,32,295,1
U9918,40,Female,153,65.1,27.8,Lose Weight,Beginner,Gym,7.4,9,3,0.54,57,Cardio,1,36,374,1
U9919,43,Female,192,99.9,27.1,Gain Strength,Intermediate,Gym,6.5,1,4,0.61,69,Upper Body,2,44,476,1
U9920,21,Female,167,66.4,23.8,Gain Strength,Intermediate,Gym,8.1,1,2,0.63,84,Upper Body,2,47,470,1
U9921,33,Female,178,83.3,26.3,Improve Fitness,Beginner,Home,5.3,6,5,0.77,31,Cardio,1,40,375,1
U9922,29,Male,151,47.2,20.7,Build Muscle,Beginner,Gym,7.6,7,0,0.72,45,Push,1,63,514,1
U9923,19,Female,195,75.3,19.8,Gain Strength,Intermediate,Home,4.5,5,4,0.48,80,Push,2,70,683,0
U9924,31,Female,179,71.1,22.2,Build Muscle,Intermediate,Mixed,7.3,10,1,0.72,72,Upper Body,2,46,470,1
U9925,25,Female,176,89.2,28.8,Lose Weight,Intermediate,Gym,6.9,9,6,0.88,34,Cardio,2,42,380,1
U9926,19,Female,154,69.3,29.2,Build Muscle,Beginner,Gym,5.7,9,5,0.53,61,Upper Body,1,46,353,1
U9927,21,Male,170,84.1,29.1,Gain Strength,Advanced,Home,6.1,8,1,0.6,57,Pull,3,45,436,0
U9928,45,Male,162,67.2,25.6,Improve Fitness,Intermediate,Gym,7.9,9,3,1,100,Cardio,2,39,314,1
U9929,26,Male,163,72.3,27.2,Improve Fitness,Beginner,Mixed,7.5,10,3,0.5,100,Full Body,1,48,460,1
U9930,41,Female,179,81.4,25.4,Build Muscle,Intermediate,Gym,6.8,5,1,0.79,62,Pull,2,48,504,1
U9931,27,Female,152,39.3,17,Build Muscle,Intermediate,Gym,7.7,9,2,0.96,80,Pull,2,51,496,1
U9932,18,Female,180,79.4,24.5,Lose Weight,Beginner,Mixed,7.1,9,3,0.75,74,Recovery,1,28,248,1
U9933,33,Male,159,61.2,24.2,Lose Weight,Advanced,Gym,7.1,2,0,1,79,Cardio,3,40,357,1
U9934,31,Male,161,64.5,24.9,Build Muscle,Advanced,Gym,7.8,4,2,0.84,86,Upper Body,3,40,296,1
U9935,35,Male,164,57.3,21.3,Improve Fitness,Advanced,Mixed,6.6,9,0,0.57,83,Upper Body,3,44,422,0
U9936,38,Female,152,63.5,27.5,Build Muscle,Beginner,Gym,5.7,0,6,0.79,92,Lower Body,1,43,377,1
U9937,22,Female,155,56.5,23.5,Build Muscle,Advanced,Home,7.4,7,2,0.85,52,Upper Body,3,63,418,1
U9938,23,Male,163,66.7,25.1,Gain Strength,Intermediate,Gym,8.5,1,0,0.61,84,Upper Body,2,60,554,1
U9939,32,Male,167,68.6,24.6,Gain Strength,Intermediate,Home,6.4,0,1,0.7,64,Pull,2,46,480,1
U9940,41,Female,194,78.3,20.8,Build Muscle,Intermediate,Home,6.8,2,1,0.73,69,Lower Body,2,60,500,1
U9941,44,Female,175,71.7,23.4,Build Muscle,Advanced,Home,7.3,6,1,0.82,54,Legs,3,56,568,1
U9942,31,Male,153,54.8,23.4,Gain Strength,Beginner,Gym,4.9,2,2,0.69,74,Legs,1,49,510,1
U9943,34,Male,174,81.4,26.9,Improve Fitness,Intermediate,Gym,7.3,3,1,0.82,72,Cardio,2,41,386,1
U9944,37,Female,187,75.9,21.7,Build Muscle,Beginner,Home,5.9,1,2,0.67,60,Legs,1,66,668,1
U9945,43,Female,181,78.6,24,Build Muscle,Intermediate,Home,6.6,1,6,0.8,72,Legs,2,64,505,1
U9946,36,Female,173,79,26.4,Gain Strength,Intermediate,Gym,7.6,7,6,0.69,70,Push,2,57,399,1
U9947,39,Female,195,101.1,26.6,Improve Fitness,Beginner,Gym,9.5,10,3,0.54,72,Full Body,1,55,612,1
U9948,23,Male,169,55.7,19.5,Build Muscle,Advanced,Home,7.1,8,6,0.6,70,Pull,3,63,592,1
U9949,30,Female,160,64.5,25.2,Lose Weight,Intermediate,Mixed,6.6,4,6,0.4,93,Cardio,2,38,422,1
U9950,26,Female,194,105.4,28,Gain Strength,Beginner,Gym,7,8,2,0.56,73,Pull,1,55,508,0
U9951,32,Female,181,85.2,26,Improve Fitness,Beginner,Home,7.9,9,4,0.88,87,Cardio,1,44,316,1
U9952,40,Female,187,60.1,17.2,Gain Strength,Beginner,Mixed,6.8,3,2,0.9,58,Legs,1,51,540,1
U9953,28,Male,182,98,29.6,Improve Fitness,Intermediate,Gym,9.1,7,3,0.93,81,Cardio,2,31,220,1
U9954,22,Female,176,70,22.6,Build Muscle,Intermediate,Home,7.4,6,6,0.48,60,Upper Body,2,53,434,1
U9955,42,Male,150,48.4,21.5,Build Muscle,Advanced,Gym,7.2,5,2,0.65,75,Legs,3,58,541,1
U9956,39,Female,194,106.1,28.2,Lose Weight,Beginner,Mixed,6.3,10,4,0.75,65,Cardio,1,33,282,1
U9957,44,Female,162,66.4,25.3,Lose Weight,Beginner,Mixed,7.9,8,1,0.89,82,Cardio,1,43,485,1
U9958,42,Female,177,82.1,26.2,Build Muscle,Beginner,Gym,5.5,3,2,0.53,59,Push,1,68,466,1
U9959,18,Female,178,82.4,26,Build Muscle,Advanced,Home,5.7,0,0,0.78,75,Pull,3,67,455,1
U9960,40,Male,182,56.3,17,Gain Strength,Beginner,Gym,5.9,2,1,0.91,82,Upper Body,1,41,451,1
U9961,29,Female,173,62.6,20.9,Gain Strength,Intermediate,Home,6,10,2,0.28,94,Legs,2,55,503,0
U9962,22,Male,177,77.4,24.7,Gain Strength,Beginner,Gym,9.2,10,2,0.69,76,Lower Body,1,64,565,1
U9963,23,Male,159,71.3,28.2,Gain Strength,Intermediate,Gym,8.9,6,3,0.81,72,Pull,2,55,393,1
U9964,19,Female,176,76.2,24.6,Lose Weight,Beginner,Gym,5.9,3,5,0.65,72,Recovery,1,29,206,1
U9965,33,Male,156,73.7,30.3,Lose Weight,Intermediate,Mixed,6.6,6,5,0.91,70,Cardio,2,50,384,1
U9966,36,Male,156,72.3,29.7,Build Muscle,Intermediate,Mixed,7.8,6,5,0.83,86,Legs,2,46,342,1
U9967,32,Female,193,104.3,28,Build Muscle,Intermediate,Home,8.3,8,1,1,96,Upper Body,2,44,314,1
U9968,32,Female,167,73.9,26.5,Build Muscle,Beginner,Gym,6.6,5,5,0.79,43,Lower Body,1,63,681,1
U9969,35,Male,151,63.8,28,Improve Fitness,Advanced,Mixed,5.9,9,3,0.92,100,Lower Body,3,51,422,1
U9970,44,Female,161,47.7,18.4,Improve Fitness,Beginner,Home,7,0,4,0.53,46,Full Body,1,45,330,1
U9971,27,Female,193,89.8,24.1,Improve Fitness,Intermediate,Gym,7.8,9,4,0.86,74,Upper Body,2,44,349,1
U9972,23,Female,153,41,17.5,Gain Strength,Beginner,Gym,7.2,7,4,0.45,50,Upper Body,1,44,387,0
U9973,25,Female,156,49.4,20.3,Build Muscle,Advanced,Mixed,8.3,9,0,0.82,76,Pull,3,62,643,1
U9974,29,Male,192,77,20.9,Lose Weight,Beginner,Home,6.7,8,2,0.47,92,Full Body,1,53,550,1
U9975,24,Male,168,95.1,33.7,Lose Weight,Intermediate,Gym,7.7,9,6,0.85,69,Full Body,2,57,389,1
U9976,44,Female,191,64.6,17.7,Lose Weight,Beginner,Mixed,6.2,3,4,0.64,66,Cardio,1,41,432,1
U9977,36,Male,178,69.4,21.9,Lose Weight,Beginner,Gym,7.2,2,6,0.57,100,Cardio,1,30,320,1
U9978,39,Male,194,70.8,18.8,Build Muscle,Intermediate,Gym,8.1,9,2,0.67,78,Pull,2,52,537,1
U9979,31,Female,182,88.1,26.6,Build Muscle,Intermediate,Gym,7.3,4,6,0.52,67,Push,2,65,698,1
U9980,31,Female,172,74.6,25.2,Improve Fitness,Beginner,Home,7.2,0,6,0.54,91,Cardio,1,31,346,1
U9981,44,Female,173,50.9,17,Lose Weight,Intermediate,Gym,6.8,3,1,0.55,74,Cardio,2,43,309,1
U9982,45,Female,160,73.7,28.8,Build Muscle,Beginner,Gym,5.6,3,5,1,75,Pull,1,51,505,1
U9983,36,Male,156,63.5,26.1,Lose Weight,Beginner,Home,5.5,9,2,0.71,86,Full Body,1,58,381,1
U9984,41,Male,172,75.1,25.4,Build Muscle,Advanced,Gym,7.3,3,1,0.71,51,Pull,3,50,416,1
U9985,29,Male,162,49.1,18.7,Build Muscle,Intermediate,Home,8.4,4,2,0.88,87,Legs,2,72,708,1
U9986,43,Female,174,63.6,21,Gain Strength,Intermediate,Gym,6.9,2,5,0.94,53,Upper Body,2,46,348,1
U9987,18,Female,187,102.1,29.2,Lose Weight,Beginner,Home,6.5,9,3,0.57,71,Full Body,1,48,460,1
U9988,21,Male,157,48.8,19.8,Lose Weight,Intermediate,Gym,5,3,1,0.73,80,Lower Body,2,60,481,1
U9989,38,Female,152,68.4,29.6,Build Muscle,Intermediate,Mixed,7.8,6,5,1,92,Pull,2,62,660,1
U9990,30,Male,186,95.5,27.6,Build Muscle,Beginner,Mixed,7.6,9,4,0.94,38,Upper Body,1,56,538,1
U9991,27,Female,171,65.8,22.5,Lose Weight,Intermediate,Gym,5.1,5,2,0.84,60,Recovery,2,23,167,1
U9992,27,Male,195,136.9,36,Lose Weight,Beginner,Mixed,6.5,0,5,0.74,65,Cardio,1,49,389,1
U9993,33,Female,177,70.2,22.4,Build Muscle,Intermediate,Gym,5.7,6,1,0.49,39,Lower Body,2,57,482,0
U9994,31,Male,186,92.7,26.8,Build Muscle,Beginner,Mixed,6.6,1,2,1,53,Upper Body,1,64,584,1
U9995,21,Male,177,96.2,30.7,Gain Strength,Beginner,Mixed,8.8,3,4,0.95,75,Pull,1,61,466,1
U9996,25,Female,178,73.2,23.1,Improve Fitness,Beginner,Mixed,8.5,1,6,0.58,76,Full Body,1,50,454,1
U9997,27,Female,179,77.9,24.3,Gain Strength,Advanced,Gym,6.1,9,3,0.77,83,Legs,3,65,682,1
U9998,43,Male,171,60.2,20.6,Gain Strength,Advanced,Gym,7.6,2,6,0.32,56,Legs,3,53,567,1
U9999,19,Female,186,78.2,22.6,Lose Weight,Intermediate,Mixed,7.5,10,5,0.88,73,Full Body,2,51,460,1
U10000,25,Male,174,81.4,26.9,Improve Fitness,Intermediate,Gym,6.9,5,0,0.79,77,Full Body,2,45,317,1
U10001,36,Male,155,53.8,22.4,Lose Weight,Intermediate,Mixed,6.7,3,4,0.83,99,Lower Body,2,47,538,1
U10002,28,Female,157,73,29.6,Improve Fitness,Beginner,Gym,5.9,6,1,0.52,63,Upper Body,1,43,491,0
U10003,41,Male,178,78.9,24.9,Lose Weight,Beginner,Gym,7.2,10,3,0.94,91,Full Body,1,41,468,1
U10004,19,Female,178,77.6,24.5,Lose Weight,Beginner,Home,6.8,5,6,0.81,87,Cardio,1,42,424,1
U10005,36,Male,189,95.7,26.8,Gain Strength,Beginner,Gym,6.6,8,5,0.61,55,Lower Body,1,49,555,1
U10006,30,Female,179,81.1,25.3,Build Muscle,Intermediate,Gym,7.8,3,1,0.85,89,Pull,2,50,559,1
U10007,26,Female,157,75.7,30.7,Build Muscle,Advanced,Gym,5.6,0,4,0.79,78,Pull,3,56,512,1
U10008,19,Male,162,63.5,24.2,Gain Strength,Beginner,Home,6.2,1,3,0.98,63,Pull,1,59,385,1
U10009,24,Female,183,56.9,17,Gain Strength,Beginner,Gym,7.1,3,0,0.68,99,Legs,1,70,750,1
U10010,20,Male,173,79.6,26.6,Improve Fitness,Beginner,Home,6.8,1,0,0.68,68,Cardio,1,42,305,1
U10011,22,Female,164,90.9,33.8,Lose Weight,Beginner,Gym,7.8,10,6,0.47,68,Full Body,1,51,423,1
U10012,22,Female,153,57.1,24.4,Improve Fitness,Intermediate,Gym,5.9,10,4,0.4,80,Full Body,2,46,525,0
U10013,31,Male,165,57.4,21.1,Gain Strength,Intermediate,Gym,8.5,8,6,0.72,64,Push,2,52,377,1
U10014,36,Male,163,45.2,17,Lose Weight,Beginner,Gym,8.4,6,4,0.77,65,Recovery,1,31,254,1
U10015,37,Male,164,55.9,20.8,Build Muscle,Intermediate,Home,8.9,1,6,0.53,66,Pull,2,52,588,1
U10016,19,Male,165,73.2,26.9,Lose Weight,Beginner,Home,8.7,10,5,0.68,60,Lower Body,1,45,447,1
U10017,18,Female,161,62.5,24.1,Lose Weight,Advanced,Mixed,8.1,4,5,0.92,51,Recovery,3,24,245,1
U10018,43,Female,169,71.4,25,Build Muscle,Intermediate,Gym,5.5,8,1,0.88,78,Lower Body,2,40,272,1
U10019,42,Male,173,61.7,20.6,Improve Fitness,Intermediate,Gym,8.8,1,3,0.78,75,Recovery,2,29,294,1
U10020,30,Male,169,67.7,23.7,Lose Weight,Beginner,Gym,7.1,4,4,0.65,60,Full Body,1,60,607,1
U10021,34,Female,187,103.9,29.7,Gain Strength,Intermediate,Gym,6.6,2,2,0.63,70,Push,2,57,396,1
U10022,22,Male,155,73.3,30.5,Build Muscle,Advanced,Gym,8.3,5,4,0.65,90,Upper Body,3,55,623,1
U10023,18,Male,194,94.1,25,Gain Strength,Beginner,Gym,6.2,9,6,0.63,92,Lower Body,1,47,481,1
U10024,31,Male,150,74.7,33.2,Build Muscle,Intermediate,Home,7.5,8,1,0.62,70,Legs,2,48,518,1
U10025,22,Female,156,51.8,21.3,Build Muscle,Advanced,Gym,6.4,2,4,0.59,70,Push,3,45,321,1
U10026,26,Female,162,65.6,25,Lose Weight,Beginner,Gym,6.9,7,3,0.68,83,Cardio,1,48,466,1
U10027,31,Male,165,64,23.5,Lose Weight,Beginner,Gym,6.9,2,2,0.69,95,Cardio,1,49,514,1
U10028,34,Female,186,77.5,22.4,Lose Weight,Beginner,Gym,7.8,6,1,0.59,77,Cardio,1,47,316,1
U10029,33,Male,152,61.9,26.8,Lose Weight,Beginner,Gym,8.3,9,3,0.65,55,Full Body,1,60,562,1
U10030,18,Male,188,74.9,21.2,Improve Fitness,Intermediate,Gym,8.2,8,0,1,84,Upper Body,2,47,332,1
U10031,37,Male,169,54.8,19.2,Improve Fitness,Beginner,Gym,8,0,2,0.55,66,Recovery,1,29,286,1
U10032,19,Female,191,92.3,25.3,Build Muscle,Beginner,Gym,7.5,9,5,0.73,62,Lower Body,1,46,314,1
U10033,45,Female,166,79.9,29,Lose Weight,Beginner,Gym,6.5,6,2,0.95,51,Cardio,1,49,454,1
U10034,19,Female,175,77.8,25.4,Gain Strength,Beginner,Mixed,5.8,4,2,0.57,64,Legs,1,63,438,0
U10035,39,Female,172,91.4,30.9,Build Muscle,Intermediate,Gym,8.5,1,2,0.88,72,Legs,2,59,479,1
U10036,44,Female,159,64,25.3,Improve Fitness,Intermediate,Gym,8.5,2,4,0.85,72,Lower Body,2,47,472,1
U10037,24,Female,186,106.2,30.7,Build Muscle,Advanced,Gym,8,3,1,0.76,65,Legs,3,58,571,1
U10038,25,Female,174,67.2,22.2,Improve Fitness,Intermediate,Gym,6.7,5,2,0.8,84,Lower Body,2,56,377,1
U10039,22,Male,186,63.7,18.4,Build Muscle,Beginner,Mixed,5,8,3,0.55,65,Upper Body,1,52,462,0
U10040,32,Male,194,111,29.5,Lose Weight,Intermediate,Gym,6.8,1,5,0.77,78,Cardio,2,37,254,1
U10041,30,Female,150,45.4,20.2,Lose Weight,Intermediate,Gym,8.7,7,5,0.6,95,Full Body,2,59,557,1
U10042,38,Female,172,71,24,Lose Weight,Beginner,Home,6.7,1,6,0.52,74,Cardio,1,37,360,1
U10043,24,Male,153,79.6,34,Gain Strength,Beginner,Home,7.6,3,2,0.77,62,Push,1,47,435,1
U10044,44,Male,162,70.9,27,Build Muscle,Beginner,Home,7.3,10,5,0.71,79,Legs,1,58,571,1
U10045,18,Male,179,54.5,17,Build Muscle,Advanced,Gym,7,4,3,0.5,72,Pull,3,50,368,1
U10046,28,Female,195,81.8,21.5,Gain Strength,Advanced,Gym,6.4,7,4,0.48,88,Upper Body,3,45,511,1
U10047,24,Male,179,69.5,21.7,Lose Weight,Advanced,Mixed,6.4,10,6,1,80,Cardio,3,43,476,1
U10048,33,Female,150,38.2,17,Lose Weight,Beginner,Gym,8.6,8,6,1,95,Full Body,1,45,428,1
U10049,21,Female,185,93.4,27.3,Gain Strength,Beginner,Gym,5.9,3,6,0.71,50,Pull,1,46,307,1
U10050,42,Male,195,79.5,20.9,Build Muscle,Intermediate,Home,5.9,0,5,0.61,74,Legs,2,66,613,1
U10051,27,Female,183,75.7,22.6,Gain Strength,Beginner,Gym,6.6,0,3,0.67,94,Pull,1,69,671,1
U10052,31,Female,190,121.3,33.6,Build Muscle,Advanced,Home,6.6,0,3,0.78,59,Legs,3,56,594,1
U10053,24,Female,169,79.1,27.7,Build Muscle,Beginner,Gym,6.6,1,2,0.59,100,Lower Body,1,59,612,1
U10054,22,Male,191,68.6,18.8,Build Muscle,Beginner,Gym,4.5,5,5,0.85,66,Upper Body,1,49,429,1
U10055,18,Female,189,77.9,21.8,Build Muscle,Intermediate,Gym,9.5,6,1,0.85,71,Upper Body,2,65,518,1
U10056,38,Female,178,68.1,21.5,Gain Strength,Intermediate,Mixed,7.6,8,6,0.41,64,Lower Body,2,44,412,0
U10057,18,Male,175,74.4,24.3,Lose Weight,Intermediate,Gym,7.3,9,5,0.69,61,Cardio,2,35,322,1
U10058,24,Male,156,69.1,28.4,Lose Weight,Intermediate,Gym,5.3,1,2,0.67,64,Lower Body,2,55,482,1
U10059,32,Male,190,103.6,28.7,Improve Fitness,Beginner,Home,6.6,10,1,0.8,76,Full Body,1,42,325,1
U10060,31,Female,180,55.1,17,Gain Strength,Beginner,Gym,7,9,2,0.41,77,Push,1,58,576,0
U10061,28,Male,172,63.3,21.4,Build Muscle,Beginner,Mixed,8.4,4,6,0.69,60,Upper Body,1,46,425,1
U10062,44,Male,191,107.6,29.5,Gain Strength,Advanced,Gym,6.1,10,5,0.88,79,Lower Body,3,56,552,1
U10063,31,Male,165,62.6,23,Improve Fitness,Intermediate,Gym,5.6,2,2,0.94,79,Lower Body,2,47,488,1
U10064,42,Male,185,72.9,21.3,Build Muscle,Advanced,Gym,7.4,5,3,0.9,73,Pull,3,56,564,1
U10065,36,Male,162,66.9,25.5,Gain Strength,Intermediate,Mixed,8.2,4,1,1,70,Upper Body,2,58,380,1
U10066,22,Female,158,47.2,18.9,Gain Strength,Advanced,Gym,5.7,2,3,0.6,57,Push,3,48,467,1
U10067,21,Male,188,61.5,17.4,Build Muscle,Advanced,Home,9.1,1,3,0.82,64,Upper Body,3,58,644,1
U10068,34,Female,155,58.6,24.4,Lose Weight,Beginner,Mixed,5.1,3,4,0.93,42,Recovery,1,32,292,1
U10069,28,Male,183,89.1,26.6,Improve Fitness,Beginner,Gym,5.1,1,1,0.65,90,Cardio,1,34,315,1
U10070,34,Male,175,53.9,17.6,Improve Fitness,Intermediate,Mixed,6.9,8,6,0.83,78,Full Body,2,44,334,1
U10071,19,Male,152,57.3,24.8,Lose Weight,Advanced,Gym,7.6,9,4,0.61,100,Full Body,3,42,339,1
U10072,31,Female,169,50.6,17.7,Lose Weight,Intermediate,Gym,8.4,9,6,0.75,81,Recovery,2,30,252,1
U10073,45,Female,194,104.6,27.8,Gain Strength,Beginner,Gym,7.7,6,0,0.57,67,Push,1,55,599,0
U10074,37,Female,150,41.4,18.4,Gain Strength,Beginner,Gym,6.8,3,4,0.78,81,Push,1,67,743,1
U10075,41,Male,191,95.2,26.1,Lose Weight,Beginner,Gym,5.2,4,0,0.62,62,Full Body,1,59,476,1
U10076,43,Male,166,52.4,19,Lose Weight,Intermediate,Gym,6.2,0,1,0.72,93,Cardio,2,36,264,1
U10077,42,Female,177,64.2,20.5,Gain Strength,Intermediate,Mixed,5.9,8,4,0.61,77,Push,2,48,536,1
U10078,26,Female,172,87.6,29.6,Lose Weight,Advanced,Home,7,2,5,0.46,53,Cardio,3,38,290,1
U10079,26,Male,194,95.2,25.3,Lose Weight,Intermediate,Home,8.2,7,5,1,54,Full Body,2,53,599,1
U10080,43,Female,171,73.4,25.1,Improve Fitness,Advanced,Mixed,6,1,0,0.56,57,Lower Body,3,45,406,1
U10081,42,Male,177,72.4,23.1,Improve Fitness,Beginner,Home,6.1,4,5,1,65,Full Body,1,50,475,1
U10082,25,Female,195,108.8,28.6,Build Muscle,Intermediate,Mixed,6.4,10,6,1,77,Push,2,57,398,1
U10083,29,Female,164,75.3,28,Lose Weight,Intermediate,Mixed,6.4,2,6,0.9,77,Cardio,2,31,209,1
U10084,35,Male,191,83.5,22.9,Gain Strength,Beginner,Mixed,5.9,2,4,0.68,67,Upper Body,1,41,446,1
U10085,27,Female,187,98.3,28.1,Build Muscle,Intermediate,Gym,6.8,0,4,0.37,81,Push,2,55,424,1
U10086,27,Male,159,75.6,29.9,Lose Weight,Beginner,Gym,5.3,8,5,1,92,Recovery,1,31,312,1
U10087,27,Female,186,75.8,21.9,Improve Fitness,Advanced,Mixed,5.9,8,2,0.91,51,Upper Body,3,64,424,1
U10088,37,Male,151,49.5,21.7,Build Muscle,Intermediate,Home,5.7,10,6,0.72,93,Pull,2,63,616,1
U10089,41,Female,173,78.1,26.1,Gain Strength,Intermediate,Mixed,8.2,3,1,0.66,73,Pull,2,48,327,1
U10090,43,Female,195,73.4,19.3,Build Muscle,Intermediate,Mixed,7,0,1,0.59,69,Full Body,2,47,472,1
U10091,27,Male,155,56.5,23.5,Improve Fitness,Beginner,Gym,6.8,5,1,1,98,Full Body,1,59,452,1
U10092,33,Female,162,79.8,30.4,Build Muscle,Beginner,Gym,9.1,7,2,0.98,71,Legs,1,50,342,1
U10093,22,Male,164,64.6,24,Build Muscle,Intermediate,Mixed,7.4,4,0,0.68,56,Full Body,2,58,589,1
U10094,20,Female,152,59.4,25.7,Lose Weight,Intermediate,Gym,5.4,6,0,0.74,57,Cardio,2,50,532,1
U10095,24,Male,168,68.3,24.2,Gain Strength,Beginner,Mixed,7.3,3,5,0.66,47,Upper Body,1,50,544,1
U10096,41,Female,163,51.8,19.5,Lose Weight,Beginner,Mixed,7.6,10,0,0.62,80,Lower Body,1,59,498,0
U10097,23,Female,163,65.1,24.5,Build Muscle,Intermediate,Gym,6.9,1,6,0.78,61,Push,2,64,691,1
U10098,40,Male,174,79.3,26.2,Gain Strength,Beginner,Mixed,6.6,5,2,1,54,Upper Body,1,48,394,1
U10099,24,Female,175,70.4,23,Build Muscle,Beginner,Mixed,6.8,0,5,0.48,82,Upper Body,1,43,418,1
U10100,35,Male,177,71.1,22.7,Lose Weight,Advanced,Gym,4.5,3,5,0.85,62,Cardio,3,48,516,1
U10101,28,Female,167,67.2,24.1,Gain Strength,Beginner,Mixed,7.8,1,0,0.65,66,Push,1,51,448,1
U10102,29,Male,172,103.2,34.9,Gain Strength,Advanced,Gym,4.7,4,4,0.49,55,Push,3,49,485,0
U10103,32,Male,183,107.2,32,Build Muscle,Advanced,Home,6.4,9,4,0.76,64,Lower Body,3,65,573,1
U10104,35,Male,174,81.7,27,Improve Fitness,Intermediate,Gym,7.1,3,2,0.77,91,Cardio,2,37,296,1
U10105,32,Female,157,64.8,26.3,Improve Fitness,Beginner,Gym,6.3,8,6,0.78,100,Full Body,1,43,463,1
U10106,33,Female,156,65.5,26.9,Lose Weight,Intermediate,Mixed,7.3,3,6,0.47,82,Cardio,2,45,460,1
U10107,44,Male,178,89.3,28.2,Build Muscle,Intermediate,Mixed,7.4,4,1,0.74,100,Pull,2,62,651,1
U10108,38,Male,157,69.3,28.1,Gain Strength,Advanced,Home,8.5,7,6,0.73,70,Legs,3,65,502,1
U10109,35,Female,156,66.2,27.2,Lose Weight,Advanced,Mixed,7,9,3,0.71,78,Lower Body,3,61,606,1
U10110,37,Female,164,60,22.3,Gain Strength,Intermediate,Home,7.3,5,6,0.73,86,Lower Body,2,49,401,1
U10111,37,Female,185,75,21.9,Improve Fitness,Beginner,Home,4.9,5,0,0.66,77,Full Body,1,47,538,0
U10112,42,Male,169,81.4,28.5,Gain Strength,Beginner,Gym,6.3,8,2,0.82,89,Push,1,52,453,1
U10113,44,Male,193,103.2,27.7,Build Muscle,Beginner,Gym,6.2,7,0,0.6,78,Upper Body,1,40,279,1
U10114,43,Female,184,106,31.3,Build Muscle,Intermediate,Home,7.1,6,2,0.69,51,Push,2,65,639,1
U10115,40,Female,164,61.9,23,Build Muscle,Intermediate,Home,6.3,1,1,0.72,49,Legs,2,72,738,1
U10116,45,Male,157,56.9,23.1,Lose Weight,Intermediate,Mixed,6,8,5,0.89,59,Cardio,2,46,448,1
U10117,31,Female,191,80.6,22.1,Lose Weight,Beginner,Gym,7.4,6,5,0.64,100,Lower Body,1,45,315,1
U10118,19,Male,151,64.8,28.4,Lose Weight,Intermediate,Home,7.1,9,5,0.79,36,Lower Body,2,53,585,1
U10119,27,Male,191,108.3,29.7,Gain Strength,Beginner,Gym,7.7,1,3,0.71,80,Lower Body,1,65,479,1
U10120,23,Female,158,68.4,27.4,Build Muscle,Intermediate,Home,6.6,0,2,0.79,87,Push,2,50,506,1
U10121,41,Male,195,100.4,26.4,Build Muscle,Advanced,Gym,6.8,4,5,0.77,92,Pull,3,55,540,1
U10122,38,Male,173,83.2,27.8,Gain Strength,Intermediate,Mixed,5.8,2,0,0.83,78,Pull,2,54,483,1
U10123,24,Female,194,110.6,29.4,Lose Weight,Intermediate,Gym,7.1,9,5,0.65,51,Cardio,2,30,203,1
U10124,39,Female,189,77.2,21.6,Lose Weight,Beginner,Home,8.4,5,0,0.76,70,Cardio,1,34,319,1
U10125,26,Male,181,98,29.9,Build Muscle,Beginner,Gym,8.3,4,3,0.59,90,Full Body,1,59,548,1
U10126,20,Female,178,55.4,17.5,Build Muscle,Beginner,Gym,7.6,0,4,0.78,89,Push,1,65,671,1
U10127,29,Male,162,68.5,26.1,Lose Weight,Intermediate,Gym,6.8,9,6,0.69,100,Full Body,2,59,570,1
U10128,43,Male,153,58.1,24.8,Gain Strength,Beginner,Mixed,7.8,4,1,0.36,59,Pull,1,59,566,0
U10129,27,Male,172,79,26.7,Lose Weight,Intermediate,Home,5.3,6,3,0.82,61,Cardio,2,36,369,1
U10130,34,Female,151,46.1,20.2,Improve Fitness,Intermediate,Gym,6.3,3,0,0.99,77,Recovery,2,24,163,1
U10131,37,Male,169,59.1,20.7,Lose Weight,Intermediate,Gym,8,9,2,0.87,66,Lower Body,2,41,452,1
U10132,21,Female,184,96.5,28.5,Build Muscle,Beginner,Home,8.2,10,5,0.87,61,Push,1,49,504,1
U10133,26,Male,152,45.1,19.5,Build Muscle,Beginner,Gym,5.2,6,1,0.6,66,Lower Body,1,55,538,0
U10134,33,Female,189,83.2,23.3,Build Muscle,Intermediate,Mixed,7,7,5,1,66,Upper Body,2,44,411,1
U10135,37,Male,193,90.5,24.3,Gain Strength,Beginner,Gym,5.1,1,4,1,52,Push,1,59,531,1
U10136,45,Male,157,53,21.5,Build Muscle,Advanced,Gym,7.9,3,1,0.76,96,Upper Body,3,64,527,1
U10137,24,Female,160,70.4,27.5,Lose Weight,Intermediate,Gym,7,7,1,0.91,89,Cardio,2,31,327,1
U10138,39,Female,183,72.7,21.7,Improve Fitness,Advanced,Gym,8.2,4,1,0.68,70,Full Body,3,52,494,1
U10139,21,Female,186,86.8,25.1,Build Muscle,Intermediate,Mixed,6.7,3,5,0.64,86,Legs,2,49,523,1
U10140,36,Female,181,59.3,18.1,Build Muscle,Advanced,Mixed,5.9,9,3,0.84,70,Legs,3,58,556,1
U10141,36,Female,171,83.9,28.7,Build Muscle,Intermediate,Gym,7.5,0,4,0.48,72,Push,2,45,487,1
U10142,32,Male,187,93.4,26.7,Build Muscle,Intermediate,Gym,7.4,8,6,0.64,67,Legs,2,52,572,1
U10143,35,Male,154,52.4,22.1,Lose Weight,Intermediate,Home,5.6,3,1,0.46,77,Full Body,2,46,358,1
U10144,26,Male,159,52.6,20.8,Build Muscle,Intermediate,Gym,7.7,6,3,0.61,52,Legs,2,68,677,1
U10145,19,Female,169,65.1,22.8,Gain Strength,Beginner,Gym,9.4,7,5,0.7,81,Legs,1,55,577,1
U10146,23,Male,166,69.4,25.2,Build Muscle,Beginner,Gym,5.6,10,6,0.98,68,Full Body,1,47,403,1
U10147,31,Male,153,44.5,19,Lose Weight,Beginner,Mixed,6.5,6,3,0.68,83,Cardio,1,42,341,1
U10148,22,Female,155,51.9,21.6,Gain Strength,Advanced,Gym,9.5,1,5,0.55,81,Legs,3,69,704,1
U10149,37,Female,180,55.1,17,Lose Weight,Beginner,Gym,7,2,4,0.79,55,Cardio,1,33,302,1
U10150,32,Male,165,83.9,30.8,Gain Strength,Intermediate,Home,7.6,10,5,0.66,78,Push,2,70,585,1
U10151,39,Female,183,73.7,22,Lose Weight,Beginner,Mixed,8.5,5,3,0.9,77,Lower Body,1,43,317,1
U10152,39,Male,176,83.9,27.1,Build Muscle,Beginner,Gym,5.5,9,3,0.98,70,Full Body,1,59,504,1
U10153,21,Female,157,71,28.8,Build Muscle,Beginner,Gym,7.9,0,4,0.9,56,Push,1,52,518,1
U10154,21,Male,165,56.1,20.6,Improve Fitness,Beginner,Home,9.5,5,1,0.45,55,Full Body,1,49,486,0
U10155,39,Female,158,61.7,24.7,Lose Weight,Intermediate,Mixed,7.1,0,1,0.62,81,Cardio,2,33,348,1
U10156,42,Female,150,63.7,28.3,Improve Fitness,Beginner,Mixed,7.1,5,4,0.67,71,Full Body,1,41,387,1
U10157,25,Female,153,52.4,22.4,Gain Strength,Advanced,Gym,5.2,3,4,0.77,83,Lower Body,3,49,352,1
U10158,19,Female,181,78.3,23.9,Improve Fitness,Intermediate,Mixed,4.6,8,2,0.62,85,Cardio,2,46,493,0
U10159,44,Female,185,63.3,18.5,Improve Fitness,Advanced,Gym,7.9,1,4,0.64,71,Full Body,3,44,322,1
U10160,22,Male,186,74.7,21.6,Build Muscle,Intermediate,Home,5.9,2,5,0.98,84,Upper Body,2,52,401,1
U10161,23,Female,168,76.8,27.2,Lose Weight,Beginner,Gym,8.1,3,1,0.81,86,Lower Body,1,46,416,1
U10162,21,Male,154,51.5,21.7,Lose Weight,Intermediate,Gym,8.6,4,3,0.95,77,Full Body,2,53,445,1
U10163,41,Female,181,76.3,23.3,Lose Weight,Advanced,Mixed,5.8,1,0,0.76,97,Cardio,3,44,389,1
U10164,19,Female,154,46.5,19.6,Build Muscle,Beginner,Gym,8.2,5,0,0.64,66,Legs,1,47,404,1
U10165,30,Male,179,62.8,19.6,Lose Weight,Beginner,Home,6.3,7,3,0.84,83,Cardio,1,45,355,1
U10166,22,Female,192,94,25.5,Gain Strength,Beginner,Mixed,6.5,8,3,0.52,72,Legs,1,51,547,0
U10167,21,Male,153,53.8,23,Build Muscle,Intermediate,Home,7.3,3,5,0.66,67,Legs,2,70,598,1
U10168,29,Female,184,85.3,25.2,Build Muscle,Intermediate,Gym,7.5,10,3,0.94,66,Lower Body,2,53,366,1
U10169,40,Female,173,80.2,26.8,Gain Strength,Beginner,Home,9.1,4,4,0.82,89,Lower Body,1,52,404,1
U10170,20,Female,172,64.8,21.9,Build Muscle,Beginner,Mixed,6.3,3,4,0.69,71,Lower Body,1,40,411,1
U10171,39,Female,184,98.2,29,Lose Weight,Intermediate,Home,6.3,9,2,0.7,88,Lower Body,2,42,388,1
U10172,37,Male,182,84.1,25.4,Lose Weight,Intermediate,Home,7.1,6,3,0.76,55,Lower Body,2,62,583,1
U10173,45,Male,157,48.6,19.7,Gain Strength,Intermediate,Gym,5.4,4,6,0.76,85,Push,2,67,563,1
U10174,38,Female,189,98.9,27.7,Gain Strength,Beginner,Gym,8.4,9,0,0.98,74,Upper Body,1,52,567,1
U10175,27,Male,175,74.1,24.2,Gain Strength,Beginner,Home,8.7,1,5,0.59,54,Upper Body,1,41,407,1
U10176,25,Female,164,62.1,23.1,Build Muscle,Advanced,Gym,6.6,8,0,0.73,59,Pull,3,58,559,1
U10177,26,Female,172,77.2,26.1,Build Muscle,Beginner,Gym,6.5,8,2,0.94,54,Pull,1,50,435,1
U10178,33,Female,180,77.4,23.9,Lose Weight,Beginner,Gym,6.7,4,0,0.76,85,Full Body,1,51,394,1
U10179,44,Female,152,59.1,25.6,Build Muscle,Advanced,Gym,7,7,3,0.84,84,Push,3,68,585,1
U10180,29,Male,193,95.4,25.6,Improve Fitness,Beginner,Home,7.5,10,1,0.84,47,Full Body,1,54,578,1
U10181,37,Male,163,61.1,23,Lose Weight,Beginner,Gym,7.5,10,2,0.67,67,Cardio,1,44,482,1
U10182,37,Female,160,66.8,26.1,Improve Fitness,Advanced,Gym,7.5,9,3,0.8,60,Full Body,3,40,274,1
U10183,39,Male,183,62,18.5,Improve Fitness,Beginner,Gym,8,3,5,0.59,59,Lower Body,1,57,401,1
U10184,28,Male,184,70.1,20.7,Build Muscle,Advanced,Gym,8.4,8,5,0.76,77,Upper Body,3,42,408,1
U10185,20,Male,191,100,27.4,Build Muscle,Beginner,Gym,7.1,8,4,0.9,54,Full Body,1,54,474,1
U10186,34,Male,181,65.2,19.9,Build Muscle,Beginner,Gym,5.8,6,6,0.8,79,Upper Body,1,40,391,1
U10187,37,Female,186,77.8,22.5,Build Muscle,Advanced,Mixed,6.8,9,6,0.95,61,Push,3,56,506,1
U10188,41,Male,165,70,25.7,Gain Strength,Intermediate,Home,6.3,2,2,0.92,81,Upper Body,2,65,432,1
U10189,21,Female,192,68.6,18.6,Lose Weight,Beginner,Mixed,6.8,10,0,0.35,85,Cardio,1,46,513,0
U10190,23,Female,173,99.1,33.1,Improve Fitness,Advanced,Gym,4.7,5,2,0.46,74,Cardio,3,50,425,0
U10191,19,Male,161,63.2,24.4,Lose Weight,Intermediate,Gym,6.6,0,1,0.41,76,Full Body,2,59,540,1
U10192,21,Female,190,101.8,28.2,Build Muscle,Advanced,Mixed,9.5,10,1,0.96,52,Legs,3,51,467,1
U10193,30,Male,185,83.9,24.5,Lose Weight,Intermediate,Gym,7.8,2,0,0.6,83,Full Body,2,43,375,1
U10194,27,Male,191,100.3,27.5,Build Muscle,Intermediate,Gym,8.5,0,2,0.86,76,Pull,2,46,468,1
U10195,36,Male,164,58.6,21.8,Build Muscle,Intermediate,Gym,5.7,1,0,0.76,65,Legs,2,57,617,1
U10196,23,Male,189,82.9,23.2,Build Muscle,Beginner,Home,8.3,5,0,0.97,53,Pull,1,46,394,1
U10197,45,Female,180,76.5,23.6,Improve Fitness,Beginner,Home,6.6,3,1,0.78,38,Cardio,1,41,460,1
U10198,42,Male,169,52.6,18.4,Gain Strength,Beginner,Gym,7,9,1,0.86,73,Lower Body,1,55,624,1
U10199,43,Male,189,97.5,27.3,Build Muscle,Beginner,Mixed,7.3,5,1,0.95,94,Upper Body,1,63,638,1
U10200,43,Female,162,55.9,21.3,Gain Strength,Intermediate,Gym,8.1,9,0,0.81,100,Upper Body,2,41,398,1
U10201,19,Female,181,69.1,21.1,Gain Strength,Intermediate,Home,7,9,4,0.53,57,Lower Body,2,64,634,0
U10202,23,Female,186,90.3,26.1,Lose Weight,Beginner,Gym,7.3,3,0,0.82,79,Cardio,1,42,302,1
U10203,41,Female,180,76.1,23.5,Build Muscle,Beginner,Mixed,6.8,3,1,0.55,61,Lower Body,1,50,473,0
U10204,45,Female,164,65.4,24.3,Build Muscle,Beginner,Gym,7.3,7,5,0.85,81,Push,1,53,552,1
U10205,32,Male,152,71.6,31,Build Muscle,Intermediate,Gym,6,2,3,0.68,58,Push,2,62,428,1
U10206,18,Female,156,72.8,29.9,Build Muscle,Advanced,Gym,6.5,2,6,0.93,93,Push,3,67,496,1
U10207,25,Female,155,62.9,26.2,Lose Weight,Intermediate,Gym,7.4,5,6,0.73,67,Cardio,2,43,304,1
U10208,19,Female,160,58.1,22.7,Build Muscle,Intermediate,Gym,6.9,8,5,1,56,Upper Body,2,59,428,1
U10209,21,Female,154,60.2,25.4,Build Muscle,Beginner,Gym,7.9,5,6,0.67,78,Upper Body,1,44,453,1
U10210,44,Female,191,66.4,18.2,Improve Fitness,Intermediate,Mixed,8.6,8,0,0.92,70,Full Body,2,49,347,1
U10211,28,Male,173,62.3,20.8,Build Muscle,Intermediate,Home,8,0,4,0.51,56,Pull,2,49,544,1
U10212,42,Female,192,89.6,24.3,Lose Weight,Intermediate,Gym,8.8,2,1,0.84,62,Recovery,2,32,332,1
U10213,31,Female,195,66.2,17.4,Gain Strength,Beginner,Gym,7.1,10,5,0.77,70,Push,1,66,651,1
U10214,19,Male,162,84.2,32.1,Gain Strength,Beginner,Mixed,7,3,2,0.31,65,Push,1,70,659,0
U10215,24,Male,150,59.4,26.4,Lose Weight,Beginner,Gym,7.5,5,0,0.69,66,Recovery,1,23,190,1
U10216,40,Male,184,57.6,17,Improve Fitness,Beginner,Gym,7.2,4,4,0.66,75,Lower Body,1,40,346,1
U10217,18,Female,179,85.2,26.6,Build Muscle,Beginner,Home,8.5,0,6,0.55,52,Upper Body,1,43,351,1
U10218,20,Male,153,51.7,22.1,Improve Fitness,Beginner,Home,6.3,8,5,0.57,93,Full Body,1,46,423,1
U10219,44,Female,184,85,25.1,Build Muscle,Beginner,Home,9.3,8,3,0.72,54,Upper Body,1,57,564,1
U10220,32,Female,186,73,21.1,Improve Fitness,Intermediate,Mixed,8.2,2,5,0.52,80,Lower Body,2,61,444,1
U10221,42,Male,171,67.3,23,Lose Weight,Advanced,Gym,6.1,0,1,0.97,63,Cardio,3,47,395,1
U10222,40,Male,176,65,21,Build Muscle,Intermediate,Gym,7,1,5,0.63,100,Legs,2,73,598,1
U10223,35,Male,157,71.5,29,Lose Weight,Beginner,Gym,6.5,1,3,0.63,41,Full Body,1,45,457,1
U10224,19,Female,161,65.1,25.1,Lose Weight,Beginner,Gym,6.3,3,4,0.74,42,Cardio,1,34,388,1
U10225,43,Male,152,56.4,24.4,Build Muscle,Beginner,Home,9,9,1,0.73,60,Legs,1,67,622,1
U10226,37,Male,178,77.3,24.4,Build Muscle,Beginner,Gym,7,0,6,1,67,Upper Body,1,56,509,1
U10227,22,Female,150,43.6,19.4,Build Muscle,Beginner,Home,7.1,4,3,0.76,80,Push,1,63,581,1
U10228,25,Male,182,91.8,27.7,Gain Strength,Beginner,Mixed,9.3,5,3,0.61,61,Pull,1,53,569,1
U10229,41,Male,168,48,17,Build Muscle,Beginner,Gym,7.8,4,4,0.56,85,Legs,1,56,595,1
U10230,39,Male,188,79.2,22.4,Gain Strength,Intermediate,Home,9,10,0,0.46,87,Pull,2,64,510,0
U10231,26,Female,187,99,28.3,Lose Weight,Intermediate,Gym,7.7,7,0,0.52,79,Full Body,2,49,497,1
U10232,34,Female,165,68.1,25,Lose Weight,Intermediate,Home,5.1,8,6,1,66,Cardio,2,50,533,1
U10233,25,Female,189,109.7,30.7,Build Muscle,Intermediate,Home,7,6,2,0.9,59,Upper Body,2,51,486,1
U10234,29,Male,173,76,25.4,Improve Fitness,Intermediate,Mixed,7.3,7,5,0.66,58,Full Body,2,42,450,1
U10235,27,Male,183,56.9,17,Lose Weight,Intermediate,Mixed,6.2,9,3,0.85,51,Full Body,2,46,527,1
U10236,20,Female,178,61.8,19.5,Gain Strength,Intermediate,Home,5.5,4,4,0.76,58,Upper Body,2,59,501,1
U10237,39,Female,166,81.6,29.6,Lose Weight,Beginner,Gym,7.9,10,1,0.76,76,Full Body,1,44,451,1
U10238,36,Male,154,50.5,21.3,Gain Strength,Beginner,Gym,6.3,9,1,0.85,85,Pull,1,61,460,1
U10239,43,Female,190,98.9,27.4,Improve Fitness,Intermediate,Home,6.6,4,3,0.65,58,Full Body,2,55,554,1
U10240,44,Female,150,62.3,27.7,Gain Strength,Intermediate,Gym,4.9,6,0,0.32,41,Upper Body,2,61,484,0
U10241,25,Female,164,45.7,17,Build Muscle,Intermediate,Gym,8.6,2,1,0.86,54,Upper Body,2,52,395,1
U10242,21,Male,158,60.2,24.1,Build Muscle,Intermediate,Home,8.7,9,4,0.81,100,Pull,2,47,435,1
U10243,18,Female,185,82.1,24,Build Muscle,Intermediate,Gym,6.4,9,1,0.53,72,Push,2,61,651,0
U10244,25,Male,185,97.2,28.4,Build Muscle,Intermediate,Gym,7.2,5,2,0.66,90,Pull,2,46,511,1
U10245,29,Female,174,80.8,26.7,Improve Fitness,Intermediate,Mixed,7,5,3,0.58,68,Cardio,2,45,382,1
U10246,38,Female,182,87.8,26.5,Gain Strength,Intermediate,Gym,6.2,0,0,0.5,64,Upper Body,2,63,566,0
U10247,44,Male,161,63,24.3,Lose Weight,Beginner,Gym,8.6,2,0,0.51,75,Lower Body,1,59,482,1
U10248,28,Male,171,68.1,23.3,Build Muscle,Intermediate,Mixed,6.8,9,2,1,73,Legs,2,45,307,1
U10249,44,Male,174,62.7,20.7,Build Muscle,Advanced,Gym,8.1,8,3,0.87,56,Pull,3,59,582,1
U10250,20,Male,160,49.9,19.5,Build Muscle,Intermediate,Home,7.6,7,5,0.71,64,Upper Body,2,55,473,1
U10251,35,Female,178,91.6,28.9,Improve Fitness,Intermediate,Mixed,6.4,0,4,0.8,89,Upper Body,2,46,400,1
U10252,23,Female,188,81.6,23.1,Lose Weight,Intermediate,Home,5.1,7,5,0.65,74,Lower Body,2,44,309,1
U10253,44,Female,179,92,28.7,Lose Weight,Intermediate,Home,6.5,8,4,1,52,Lower Body,2,56,580,1
U10254,43,Female,180,81.6,25.2,Lose Weight,Intermediate,Gym,6.8,9,6,0.96,49,Cardio,2,42,386,1
U10255,29,Female,187,92,26.3,Gain Strength,Advanced,Gym,6.8,10,5,1,59,Pull,3,58,524,1
U10256,38,Male,182,86.8,26.2,Lose Weight,Intermediate,Mixed,6.2,3,2,0.75,66,Full Body,2,42,355,1
U10257,39,Male,191,83.5,22.9,Lose Weight,Advanced,Gym,4.9,8,1,0.79,55,Cardio,3,40,377,1
U10258,23,Male,187,69.2,19.8,Build Muscle,Beginner,Home,5.4,7,3,0.53,79,Upper Body,1,47,342,1
U10259,22,Female,166,72.7,26.4,Improve Fitness,Intermediate,Home,7.8,10,6,0.54,75,Full Body,2,46,341,1
U10260,41,Male,168,61.8,21.9,Gain Strength,Intermediate,Home,8.2,10,0,0.8,62,Pull,2,51,494,1
U10261,18,Male,180,93.6,28.9,Lose Weight,Beginner,Mixed,7.7,8,3,0.47,46,Lower Body,1,59,485,0
U10262,39,Female,162,49.3,18.8,Build Muscle,Intermediate,Mixed,8.9,0,6,0.54,100,Pull,2,70,732,1
U10263,21,Male,159,50.6,20,Build Muscle,Intermediate,Gym,5.8,2,5,0.88,85,Upper Body,2,62,584,1
U10264,20,Male,185,91.7,26.8,Build Muscle,Beginner,Gym,7.8,5,4,0.58,84,Full Body,1,60,594,1
U10265,19,Female,195,97,25.5,Improve Fitness,Advanced,Gym,6.7,5,4,0.74,87,Full Body,3,40,264,1
U10266,22,Male,164,70.2,26.1,Lose Weight,Beginner,Mixed,4.7,10,6,0.88,84,Cardio,1,49,386,1
U10267,27,Male,176,70.9,22.9,Lose Weight,Beginner,Gym,7.2,4,3,0.74,42,Cardio,1,49,356,1
U10268,37,Male,162,59.8,22.8,Lose Weight,Beginner,Gym,6.7,1,6,0.69,64,Recovery,1,29,250,1
U10269,26,Male,166,75.2,27.3,Lose Weight,Beginner,Gym,6.2,10,5,0.88,81,Full Body,1,52,544,1
U10270,26,Female,172,89.3,30.2,Lose Weight,Intermediate,Gym,9,8,4,1,54,Cardio,2,39,337,1
U10271,25,Female,191,94.5,25.9,Lose Weight,Intermediate,Gym,6.3,9,3,1,81,Full Body,2,47,507,1
U10272,31,Female,171,88.9,30.4,Build Muscle,Beginner,Gym,7.6,3,4,0.25,60,Lower Body,1,46,378,0
U10273,29,Male,157,53.2,21.6,Gain Strength,Beginner,Gym,6.7,5,2,0.78,79,Push,1,65,618,1
U10274,43,Female,178,53.9,17,Build Muscle,Advanced,Home,6.8,8,6,0.63,92,Lower Body,3,57,387,1
U10275,35,Female,156,65.7,27,Improve Fitness,Beginner,Gym,6.9,3,6,0.76,46,Cardio,1,48,516,1
U10276,36,Male,152,63.1,27.3,Gain Strength,Advanced,Home,6.7,3,4,0.57,91,Upper Body,3,56,633,1
U10277,31,Female,195,97.3,25.6,Lose Weight,Beginner,Gym,6.4,4,4,0.61,77,Lower Body,1,59,603,1
U10278,19,Female,156,62.5,25.7,Improve Fitness,Beginner,Gym,7.1,1,6,0.5,56,Full Body,1,45,428,1
U10279,27,Male,187,74.8,21.4,Gain Strength,Intermediate,Mixed,6.9,10,6,0.71,69,Pull,2,56,586,1
U10280,32,Female,150,54,24,Lose Weight,Intermediate,Gym,9.2,3,4,0.87,89,Cardio,2,36,356,1
U10281,26,Female,180,85.5,26.4,Lose Weight,Advanced,Mixed,7.2,0,5,0.79,75,Full Body,3,57,383,1
U10282,33,Female,193,103.9,27.9,Lose Weight,Intermediate,Gym,6,9,4,0.85,74,Cardio,2,36,310,1
U10283,39,Male,160,43.5,17,Build Muscle,Beginner,Gym,7.2,9,4,0.48,63,Push,1,69,634,1
U10284,30,Male,188,84.1,23.8,Lose Weight,Intermediate,Gym,5.4,3,2,0.71,73,Full Body,2,46,477,1
U10285,27,Female,181,90.7,27.7,Lose Weight,Intermediate,Gym,6.6,2,2,0.77,70,Full Body,2,52,494,1
U10286,21,Male,165,61.8,22.7,Lose Weight,Advanced,Gym,5.3,7,0,0.7,83,Recovery,3,22,246,1
U10287,22,Female,180,66.7,20.6,Lose Weight,Beginner,Gym,6.9,8,4,0.71,88,Full Body,1,52,595,1
U10288,34,Female,186,85.1,24.6,Gain Strength,Intermediate,Mixed,7.4,8,1,0.72,64,Pull,2,45,480,1
U10289,20,Male,187,68.9,19.7,Gain Strength,Beginner,Home,6.8,2,4,0.79,73,Lower Body,1,62,620,1
U10290,45,Female,165,83.6,30.7,Improve Fitness,Intermediate,Gym,8.1,0,2,0.94,41,Cardio,2,33,327,1
U10291,19,Male,157,76.7,31.1,Gain Strength,Beginner,Gym,7.4,9,3,0.79,85,Push,1,68,511,1
U10292,25,Female,166,67.8,24.6,Build Muscle,Beginner,Mixed,5.9,7,5,0.98,60,Pull,1,66,443,1
U10293,29,Male,160,52.2,20.4,Build Muscle,Beginner,Home,6.8,2,5,0.65,72,Push,1,47,415,1
U10294,29,Male,166,66.4,24.1,Build Muscle,Advanced,Gym,8.6,0,6,0.8,59,Pull,3,54,542,1
U10295,32,Female,171,62.9,21.5,Improve Fitness,Beginner,Gym,6.7,9,5,0.65,64,Cardio,1,33,272,1
U10296,43,Female,153,46.6,19.9,Gain Strength,Intermediate,Gym,7.4,3,2,0.64,57,Pull,2,48,370,1
U10297,38,Female,150,59.6,26.5,Lose Weight,Intermediate,Home,8,6,4,0.68,98,Full Body,2,58,401,1
U10298,42,Female,155,81.2,33.8,Improve Fitness,Beginner,Gym,7.6,5,1,0.64,76,Upper Body,1,47,507,1
U10299,32,Male,177,60.8,19.4,Improve Fitness,Intermediate,Gym,6.1,2,4,0.42,62,Full Body,2,56,549,0
U10300,27,Female,162,50.7,19.3,Build Muscle,Beginner,Gym,7.8,10,4,0.59,76,Upper Body,1,54,450,1
U10301,19,Male,173,82.6,27.6,Build Muscle,Advanced,Gym,8.4,10,2,0.66,76,Pull,3,66,702,1
U10302,18,Male,192,95.5,25.9,Build Muscle,Beginner,Mixed,8.5,10,6,0.86,91,Pull,1,61,498,1
U10303,44,Female,182,58,17.5,Gain Strength,Advanced,Home,6.4,3,5,0.91,80,Lower Body,3,48,481,1
U10304,41,Male,187,83.9,24,Improve Fitness,Intermediate,Gym,6.6,3,1,0.86,42,Lower Body,2,40,328,1
U10305,38,Female,174,84.2,27.8,Gain Strength,Beginner,Mixed,7.2,10,2,0.63,79,Lower Body,1,40,281,1
U10306,35,Male,179,73.4,22.9,Improve Fitness,Beginner,Gym,7.1,0,6,0.71,83,Full Body,1,57,472,1
U10307,40,Male,188,89.1,25.2,Lose Weight,Intermediate,Gym,5,9,1,0.47,55,Lower Body,2,42,410,0
U10308,36,Female,177,82.7,26.4,Build Muscle,Intermediate,Gym,7.7,6,2,1,56,Upper Body,2,44,330,1
U10309,39,Male,186,103.8,30,Lose Weight,Intermediate,Home,5,5,5,0.72,75,Lower Body,2,54,620,1
U10310,40,Female,190,92.1,25.5,Build Muscle,Intermediate,Home,6.8,5,1,0.74,53,Push,2,60,530,1
U10311,41,Female,179,90,28.1,Lose Weight,Beginner,Home,7.4,6,1,0.79,67,Lower Body,1,45,471,1
U10312,32,Male,158,57.7,23.1,Build Muscle,Beginner,Gym,7.7,7,6,1,51,Push,1,45,302,1
U10313,32,Male,189,65.7,18.4,Improve Fitness,Beginner,Mixed,7.4,3,1,0.66,73,Upper Body,1,46,451,1
U10314,29,Female,193,90.9,24.4,Improve Fitness,Intermediate,Gym,7.8,9,6,0.67,53,Full Body,2,41,436,1
U10315,35,Female,180,68.7,21.2,Lose Weight,Intermediate,Mixed,6.9,3,6,0.49,71,Full Body,2,59,438,1
U10316,33,Male,151,56.5,24.8,Build Muscle,Beginner,Home,6.7,1,2,0.76,47,Full Body,1,55,431,1
U10317,22,Male,192,75.6,20.5,Build Muscle,Intermediate,Gym,5.8,4,5,0.88,100,Pull,2,58,392,1
U10318,28,Female,158,51.9,20.8,Gain Strength,Advanced,Mixed,6.8,1,1,0.6,75,Legs,3,74,719,1
U10319,19,Female,174,66.3,21.9,Build Muscle,Intermediate,Mixed,7.4,3,0,0.84,53,Lower Body,2,63,669,1
U10320,41,Male,171,74.9,25.6,Build Muscle,Advanced,Home,5.1,0,4,0.67,67,Pull,3,63,520,1
U10321,41,Female,166,64.8,23.5,Gain Strength,Beginner,Home,6.8,6,1,0.63,68,Pull,1,56,570,1
U10322,35,Female,180,82.6,25.5,Lose Weight,Beginner,Gym,7.4,3,0,0.74,63,Full Body,1,49,319,1
U10323,27,Female,171,84.8,29,Build Muscle,Beginner,Gym,8.8,2,3,0.49,74,Push,1,56,630,1
U10324,23,Male,160,57.6,22.5,Improve Fitness,Intermediate,Mixed,8.1,7,1,0.72,72,Lower Body,2,40,358,1
U10325,35,Female,177,83.3,26.6,Gain Strength,Beginner,Gym,6.8,4,2,1,79,Upper Body,1,43,317,1
U10326,32,Female,161,73.6,28.4,Build Muscle,Beginner,Home,6.9,0,0,0.7,84,Pull,1,57,527,1
U10327,38,Male,169,78.5,27.5,Build Muscle,Beginner,Home,5.7,5,2,0.74,79,Push,1,58,516,1
U10328,23,Female,157,59.2,24,Build Muscle,Intermediate,Gym,7.5,9,0,0.7,38,Push,2,61,616,0
U10329,31,Female,187,66.4,19,Lose Weight,Intermediate,Gym,8.2,9,3,0.68,74,Lower Body,2,53,436,1
U10330,38,Male,188,86.6,24.5,Lose Weight,Intermediate,Gym,6.2,0,4,0.64,76,Full Body,2,55,365,1
U10331,39,Male,170,76,26.3,Gain Strength,Intermediate,Home,9.5,6,3,0.63,97,Push,2,64,478,1
U10332,43,Male,169,59.7,20.9,Improve Fitness,Intermediate,Home,7.6,4,3,0.75,70,Full Body,2,54,562,1
U10333,19,Female,150,55.1,24.5,Lose Weight,Intermediate,Mixed,6.4,1,2,0.88,59,Cardio,2,42,300,1
U10334,39,Female,191,94.1,25.8,Build Muscle,Intermediate,Mixed,7.9,7,1,0.97,86,Legs,2,53,565,1
U10335,34,Male,175,82.4,26.9,Lose Weight,Intermediate,Home,6.4,4,2,0.58,54,Lower Body,2,51,576,0
U10336,25,Male,190,69.7,19.3,Gain Strength,Beginner,Mixed,7.1,7,2,0.59,89,Lower Body,1,57,457,1
U10337,44,Female,180,71.6,22.1,Build Muscle,Beginner,Home,7.2,4,4,0.67,50,Lower Body,1,53,564,1
U10338,40,Male,189,103.9,29.1,Lose Weight,Beginner,Mixed,7.9,3,3,0.87,80,Lower Body,1,47,484,1
U10339,27,Female,163,56.6,21.3,Gain Strength,Intermediate,Home,6.3,7,5,0.8,95,Lower Body,2,59,449,1
U10340,36,Female,157,64.3,26.1,Gain Strength,Intermediate,Gym,8.2,2,3,0.63,88,Pull,2,46,371,1
U10341,25,Male,169,64.8,22.7,Build Muscle,Intermediate,Mixed,7.4,1,5,0.65,85,Push,2,67,671,1
U10342,38,Female,158,70.6,28.3,Build Muscle,Beginner,Home,5.5,2,6,0.96,100,Lower Body,1,50,469,1
U10343,44,Male,156,56,23,Gain Strength,Beginner,Gym,7,4,5,0.94,73,Legs,1,48,348,1
U10344,18,Male,193,91.3,24.5,Gain Strength,Intermediate,Home,9.2,5,2,0.48,60,Push,2,52,410,1
U10345,38,Male,169,75.1,26.3,Build Muscle,Advanced,Gym,5.3,10,3,0.65,66,Legs,3,72,469,1
U10346,27,Male,152,65.8,28.5,Build Muscle,Beginner,Home,7.9,0,0,0.42,61,Legs,1,70,595,1
U10347,21,Female,190,78,21.6,Lose Weight,Beginner,Gym,6.9,8,4,0.52,78,Full Body,1,58,597,1
U10348,32,Male,156,52.6,21.6,Gain Strength,Beginner,Home,7.7,7,3,0.72,57,Pull,1,54,571,1
U10349,18,Female,187,106,30.3,Improve Fitness,Beginner,Mixed,8.7,1,6,0.77,68,Lower Body,1,53,444,1
U10350,34,Female,191,73.3,20.1,Build Muscle,Beginner,Gym,8.3,6,6,0.87,59,Upper Body,1,46,457,1
U10351,36,Female,171,63.2,21.6,Build Muscle,Advanced,Home,7.6,0,3,0.51,62,Legs,3,68,634,1
U10352,29,Male,184,68.1,20.1,Build Muscle,Beginner,Home,6,8,5,0.59,85,Pull,1,64,502,1
U10353,32,Female,164,46,17.1,Gain Strength,Intermediate,Mixed,7.6,7,2,0.77,86,Push,2,61,453,1
U10354,29,Female,195,97.3,25.6,Lose Weight,Intermediate,Mixed,6.7,2,6,0.57,86,Full Body,2,47,395,1
U10355,25,Male,173,79.6,26.6,Build Muscle,Intermediate,Mixed,6.6,7,1,0.88,65,Pull,2,67,585,1
U10356,41,Female,189,87.5,24.5,Build Muscle,Beginner,Gym,6.4,5,0,0.82,57,Lower Body,1,62,467,1
U10357,28,Female,192,85.5,23.2,Improve Fitness,Beginner,Gym,6.4,3,5,0.77,77,Upper Body,1,50,443,1
U10358,31,Male,157,49.1,19.9,Lose Weight,Advanced,Home,7.5,9,3,0.45,100,Recovery,3,29,324,1
U10359,31,Male,171,65.5,22.4,Build Muscle,Intermediate,Gym,8.3,3,0,0.76,75,Push,2,62,557,1
U10360,34,Male,178,62.1,19.6,Build Muscle,Advanced,Gym,8,10,4,0.73,79,Lower Body,3,61,637,1
U10361,23,Female,152,55.7,24.1,Lose Weight,Intermediate,Home,7.2,2,4,0.56,69,Lower Body,2,53,418,1
U10362,23,Male,186,78.5,22.7,Build Muscle,Intermediate,Gym,6.3,6,0,0.74,77,Legs,2,55,632,1
U10363,35,Female,181,83.9,25.6,Lose Weight,Advanced,Mixed,7,2,5,0.79,75,Cardio,3,43,454,1
U10364,45,Female,170,72,24.9,Lose Weight,Beginner,Home,7.3,9,0,0.93,53,Cardio,1,39,258,1
U10365,41,Female,170,67,23.2,Lose Weight,Beginner,Gym,7.5,5,2,0.44,92,Recovery,1,24,260,1
U10366,27,Male,184,86.7,25.6,Lose Weight,Advanced,Mixed,8.2,3,2,0.92,78,Lower Body,3,40,372,1
U10367,43,Male,161,44.1,17,Lose Weight,Beginner,Home,7.3,6,4,0.76,55,Cardio,1,39,278,1
U10368,44,Female,170,49.1,17,Build Muscle,Beginner,Home,7.6,6,2,0.5,100,Upper Body,1,59,407,1
U10369,32,Female,160,65.5,25.6,Improve Fitness,Intermediate,Gym,8.6,8,5,0.73,83,Upper Body,2,58,410,1
U10370,22,Male,182,81.8,24.7,Gain Strength,Intermediate,Gym,8.2,0,3,0.35,85,Lower Body,2,64,446,1
U10371,36,Female,166,75.2,27.3,Lose Weight,Intermediate,Gym,6.9,8,0,0.65,67,Cardio,2,42,274,1
U10372,31,Female,150,57.8,25.7,Gain Strength,Advanced,Gym,8.4,0,1,0.62,46,Lower Body,3,56,417,1
U10373,44,Male,169,99.7,34.9,Gain Strength,Intermediate,Mixed,7.8,10,0,0.65,89,Legs,2,70,634,1
U10374,27,Male,165,77.3,28.4,Build Muscle,Beginner,Gym,7.6,1,0,0.63,82,Full Body,1,48,515,1
U10375,24,Female,192,107.3,29.1,Build Muscle,Intermediate,Mixed,5.2,7,0,0.76,76,Full Body,2,40,292,1
U10376,43,Female,158,63.9,25.6,Lose Weight,Intermediate,Home,7.2,2,3,0.93,68,Cardio,2,37,334,1
U10377,35,Female,193,91.3,24.5,Build Muscle,Beginner,Gym,7.4,5,1,0.69,51,Lower Body,1,63,448,1
U10378,19,Female,184,86,25.4,Build Muscle,Intermediate,Gym,7.3,9,3,0.65,70,Push,2,51,578,1
U10379,18,Male,187,59.4,17,Improve Fitness,Beginner,Gym,8.4,10,6,0.88,51,Full Body,1,46,512,1
U10380,28,Male,195,82.5,21.7,Build Muscle,Intermediate,Gym,8.7,5,5,0.51,79,Pull,2,58,655,1
U10381,40,Female,175,68.6,22.4,Gain Strength,Advanced,Home,7.6,10,5,0.73,67,Pull,3,67,660,1
U10382,39,Female,184,88.4,26.1,Improve Fitness,Intermediate,Gym,6.6,4,4,0.4,58,Cardio,2,49,360,0
U10383,42,Male,164,54.1,20.1,Lose Weight,Intermediate,Gym,5.3,9,1,0.79,69,Full Body,2,42,420,1
U10384,21,Female,179,83.3,26,Lose Weight,Beginner,Mixed,7.7,0,0,0.86,78,Cardio,1,30,200,1
U10385,22,Male,161,52.9,20.4,Gain Strength,Advanced,Mixed,7.7,7,5,0.76,100,Lower Body,3,42,354,1
U10386,44,Female,183,82,24.5,Build Muscle,Beginner,Home,7.5,6,5,0.7,72,Push,1,62,626,1
U10387,34,Male,190,88.1,24.4,Gain Strength,Intermediate,Mixed,6.6,8,6,0.75,81,Upper Body,2,59,530,1
U10388,39,Female,191,82.8,22.7,Improve Fitness,Intermediate,Gym,8,2,6,0.85,58,Cardio,2,45,387,1
U10389,43,Male,176,63.5,20.5,Build Muscle,Advanced,Gym,7.6,5,3,0.61,56,Lower Body,3,55,608,1
U10390,21,Male,166,87.4,31.7,Lose Weight,Beginner,Home,6,6,3,0.45,60,Lower Body,1,54,441,0
U10391,35,Male,173,76.3,25.5,Build Muscle,Advanced,Gym,7.2,4,4,1,60,Upper Body,3,60,645,1
U10392,20,Male,161,66.1,25.5,Build Muscle,Intermediate,Gym,8.3,2,2,0.6,82,Lower Body,2,53,433,1
U10393,43,Male,162,44.6,17,Gain Strength,Intermediate,Gym,9,6,1,0.9,61,Legs,2,45,345,1
U10394,45,Female,161,72.6,28,Improve Fitness,Intermediate,Home,8.5,9,0,0.49,63,Full Body,2,40,272,0
U10395,31,Male,188,106.7,30.2,Improve Fitness,Intermediate,Home,7.2,2,6,0.8,73,Cardio,2,50,447,1
U10396,19,Female,150,63.4,28.2,Build Muscle,Intermediate,Home,7.7,6,2,0.74,40,Lower Body,2,48,312,1
U10397,43,Female,155,65.3,27.2,Gain Strength,Beginner,Gym,7.9,3,4,0.5,54,Push,1,65,614,1
U10398,45,Male,152,61.7,26.7,Build Muscle,Intermediate,Gym,7.3,8,6,0.36,59,Lower Body,2,55,470,0
U10399,29,Female,191,94.1,25.8,Build Muscle,Advanced,Gym,7.8,1,5,0.61,69,Full Body,3,55,358,1
U10400,40,Male,169,59.4,20.8,Gain Strength,Beginner,Mixed,8.6,0,6,0.75,61,Pull,1,54,557,1
U10401,32,Male,173,58.7,19.6,Build Muscle,Advanced,Gym,5.7,0,3,1,69,Upper Body,3,45,499,1
U10402,18,Male,163,60.6,22.8,Gain Strength,Intermediate,Home,6.9,6,0,0.61,70,Upper Body,2,61,497,0
U10403,41,Female,195,93.5,24.6,Gain Strength,Intermediate,Home,7.1,2,5,0.49,85,Legs,2,72,475,1
U10404,44,Female,164,59.7,22.2,Lose Weight,Beginner,Home,6.4,2,0,0.59,56,Full Body,1,42,452,1
U10405,27,Female,157,63.1,25.6,Build Muscle,Beginner,Home,8.1,8,1,0.59,44,Legs,1,52,558,0
U10406,34,Female,192,74.5,20.2,Gain Strength,Intermediate,Gym,6.6,8,1,0.5,63,Legs,2,56,466,0
U10407,43,Male,155,53.3,22.2,Build Muscle,Intermediate,Home,7.1,0,5,0.46,80,Push,2,56,492,1
U10408,28,Female,156,76.7,31.5,Lose Weight,Advanced,Home,8.7,0,2,0.61,82,Full Body,3,44,323,1
U10409,45,Female,178,84.9,26.8,Improve Fitness,Beginner,Mixed,7.1,8,2,0.75,82,Full Body,1,55,523,1
U10410,24,Female,169,80.5,28.2,Build Muscle,Intermediate,Mixed,6.2,7,4,0.85,96,Legs,2,64,659,1
U10411,36,Male,183,94.4,28.2,Lose Weight,Beginner,Home,8.8,1,0,0.25,80,Cardio,1,48,340,1
U10412,29,Male,184,86.7,25.6,Gain Strength,Beginner,Home,8.2,4,5,0.52,64,Upper Body,1,57,376,1
U10413,27,Male,155,68,28.3,Lose Weight,Advanced,Gym,5.9,5,6,0.76,71,Lower Body,3,58,384,1
U10414,40,Female,158,59.2,23.7,Improve Fitness,Beginner,Home,7.7,3,5,0.52,60,Cardio,1,36,383,1
U10415,29,Male,159,60.4,23.9,Lose Weight,Beginner,Gym,5.8,7,2,0.94,60,Cardio,1,31,306,1
U10416,23,Female,167,77.5,27.8,Gain Strength,Intermediate,Gym,6.1,7,0,0.85,47,Legs,2,50,559,0
U10417,30,Female,183,101.8,30.4,Build Muscle,Beginner,Home,8.3,10,3,0.62,59,Upper Body,1,50,532,1
U10418,32,Male,184,89.4,26.4,Gain Strength,Intermediate,Gym,5.4,6,2,0.73,59,Push,2,56,411,1
U10419,37,Female,180,75.8,23.4,Lose Weight,Beginner,Home,6.4,7,2,0.58,97,Full Body,1,53,385,1
U10420,40,Male,192,102.5,27.8,Improve Fitness,Advanced,Gym,5.5,10,3,0.56,84,Upper Body,3,54,594,1
U10421,37,Male,188,101.1,28.6,Lose Weight,Advanced,Gym,5.6,10,3,0.85,75,Full Body,3,54,471,1
U10422,26,Female,189,60.7,17,Build Muscle,Intermediate,Home,6.7,1,2,0.7,72,Lower Body,2,44,431,1
U10423,27,Female,156,46.2,19,Lose Weight,Beginner,Home,6.3,9,6,0.61,63,Cardio,1,44,306,1
U10424,23,Female,190,80.5,22.3,Gain Strength,Beginner,Home,7,1,5,0.78,98,Push,1,69,688,1
U10425,35,Male,185,96.5,28.2,Lose Weight,Intermediate,Home,8.5,9,5,0.63,56,Recovery,2,26,181,1
U10426,20,Female,186,96.5,27.9,Lose Weight,Beginner,Home,7.1,0,2,0.85,58,Full Body,1,49,540,1
U10427,23,Female,177,85.2,27.2,Gain Strength,Beginner,Mixed,6.9,0,4,0.64,66,Lower Body,1,52,375,1
U10428,41,Female,161,68.9,26.6,Lose Weight,Intermediate,Gym,8,9,1,0.65,77,Lower Body,2,52,465,1
U10429,18,Male,155,62.2,25.9,Build Muscle,Beginner,Home,7.9,9,2,0.9,99,Lower Body,1,53,551,1
U10430,44,Male,174,68.1,22.5,Improve Fitness,Intermediate,Mixed,8.7,0,0,0.74,55,Full Body,2,44,488,1
U10431,39,Male,160,55.8,21.8,Build Muscle,Beginner,Home,7.6,6,3,0.85,56,Legs,1,71,633,1
U10432,24,Female,168,60.1,21.3,Gain Strength,Beginner,Mixed,6.5,4,2,0.56,43,Lower Body,1,63,577,0
U10433,42,Male,162,44.6,17,Gain Strength,Intermediate,Gym,6.7,0,6,0.77,81,Legs,2,58,517,1
U10434,19,Male,177,58.9,18.8,Lose Weight,Intermediate,Mixed,5.6,7,0,0.62,72,Cardio,2,40,436,1
U10435,19,Female,171,83.9,28.7,Gain Strength,Advanced,Gym,7.9,9,4,0.65,77,Upper Body,3,64,698,1
U10436,43,Male,189,75,21,Build Muscle,Advanced,Gym,7.2,4,2,0.71,93,Pull,3,70,718,1
U10437,22,Female,182,88.1,26.6,Gain Strength,Beginner,Home,6.3,4,2,0.58,67,Upper Body,1,58,437,1
U10438,18,Female,186,61.9,17.9,Lose Weight,Intermediate,Gym,6.8,3,2,0.69,78,Cardio,2,33,301,1
U10439,23,Male,189,96.8,27.1,Improve Fitness,Intermediate,Gym,7.2,7,3,0.43,53,Upper Body,2,55,394,0
U10440,32,Female,169,62.8,22,Gain Strength,Beginner,Home,7.8,10,4,0.83,68,Pull,1,65,644,1
U10441,39,Female,195,130.8,34.4,Build Muscle,Beginner,Gym,8.8,6,3,0.94,82,Legs,1,69,648,1
U10442,23,Female,161,68.4,26.4,Gain Strength,Intermediate,Home,7.5,10,6,0.4,56,Upper Body,2,56,450,0
U10443,27,Female,152,54.5,23.6,Lose Weight,Intermediate,Gym,7.2,2,1,0.7,76,Cardio,2,37,406,1
U10444,22,Male,182,56.3,17,Build Muscle,Beginner,Gym,7.7,5,3,0.73,69,Pull,1,59,533,1
U10445,19,Male,158,70.9,28.4,Build Muscle,Advanced,Gym,5.9,4,3,0.68,76,Lower Body,3,64,725,1
U10446,43,Female,190,75.4,20.9,Lose Weight,Intermediate,Gym,4.9,2,3,0.51,71,Recovery,2,35,353,1
U10447,36,Female,186,81.3,23.5,Build Muscle,Beginner,Mixed,7.1,2,6,0.6,52,Upper Body,1,50,353,1
U10448,38,Male,183,84.1,25.1,Improve Fitness,Intermediate,Gym,6.9,3,4,0.83,60,Full Body,2,57,454,1
U10449,39,Male,190,61.4,17,Lose Weight,Intermediate,Mixed,4.5,6,0,0.65,73,Cardio,2,40,371,1
U10450,27,Male,158,58.7,23.5,Lose Weight,Beginner,Home,6.5,6,5,0.43,43,Full Body,1,40,375,1
U10451,18,Male,153,60.9,26,Build Muscle,Intermediate,Mixed,6.8,2,0,0.65,48,Pull,2,45,300,1
U10452,20,Female,180,66.1,20.4,Build Muscle,Beginner,Gym,7.1,7,4,0.77,69,Upper Body,1,59,444,1
U10453,18,Male,174,91.7,30.3,Lose Weight,Advanced,Gym,6.5,0,2,0.95,75,Cardio,3,47,437,1
U10454,27,Female,188,88.4,25,Improve Fitness,Intermediate,Gym,8.1,8,0,0.61,67,Recovery,2,22,189,0
U10455,19,Male,190,70,19.4,Build Muscle,Advanced,Home,8.1,3,5,0.78,88,Pull,3,53,550,1
U10456,28,Female,169,72.5,25.4,Lose Weight,Intermediate,Mixed,8.3,1,2,0.59,86,Full Body,2,55,566,1
U10457,32,Male,195,86.7,22.8,Improve Fitness,Intermediate,Gym,7.1,8,6,0.85,100,Cardio,2,44,372,1
U10458,38,Male,190,100.7,27.9,Improve Fitness,Beginner,Gym,8.1,9,0,0.62,74,Lower Body,1,57,651,0
U10459,28,Male,157,59.4,24.1,Build Muscle,Advanced,Gym,8.6,9,6,0.69,91,Full Body,3,45,398,1
U10460,20,Male,179,60.9,19,Lose Weight,Intermediate,Mixed,8.6,4,1,0.56,84,Full Body,2,44,338,1
U10461,42,Female,152,48.3,20.9,Build Muscle,Advanced,Home,7.8,8,4,0.55,87,Pull,3,69,711,1
U10462,18,Male,172,83.1,28.1,Build Muscle,Beginner,Mixed,6.4,6,2,0.82,86,Pull,1,63,486,1
U10463,28,Male,161,53.4,20.6,Improve Fitness,Beginner,Mixed,6,0,5,0.53,53,Cardio,1,38,284,1
U10464,31,Male,160,51.2,20,Improve Fitness,Beginner,Gym,8.1,8,3,0.82,46,Lower Body,1,49,516,1
U10465,40,Female,153,52.4,22.4,Lose Weight,Intermediate,Gym,5.8,1,0,0.88,65,Full Body,2,46,515,1
U10466,29,Male,153,42.1,18,Lose Weight,Beginner,Gym,7.3,3,2,0.83,57,Recovery,1,33,279,1
U10467,29,Male,193,87.2,23.4,Gain Strength,Intermediate,Mixed,6.1,5,6,0.94,65,Pull,2,63,467,1
U10468,19,Female,178,68.1,21.5,Build Muscle,Intermediate,Gym,7,0,3,0.68,82,Upper Body,2,44,467,1
U10469,23,Female,154,70.2,29.6,Build Muscle,Beginner,Gym,8.4,8,1,0.65,76,Push,1,67,754,1
U10470,36,Female,161,79.8,30.8,Lose Weight,Intermediate,Home,8.8,2,5,0.56,80,Cardio,2,33,305,1
U10471,22,Female,165,71.6,26.3,Lose Weight,Intermediate,Gym,8.1,7,3,0.94,56,Full Body,2,43,386,1
U10472,38,Female,152,49.9,21.6,Lose Weight,Beginner,Gym,8.1,10,0,0.75,38,Cardio,1,36,367,1
U10473,34,Female,165,47.6,17.5,Build Muscle,Beginner,Gym,7.8,3,0,0.87,51,Pull,1,68,626,1
U10474,40,Male,188,102.9,29.1,Gain Strength,Beginner,Gym,6.9,8,5,0.54,63,Push,1,59,428,1
U10475,22,Male,193,72.3,19.4,Lose Weight,Beginner,Gym,6.4,4,1,0.38,70,Cardio,1,45,455,0
U10476,25,Female,163,71.7,27,Build Muscle,Intermediate,Mixed,5.6,2,3,0.72,59,Pull,2,56,473,1
U10477,35,Male,172,80.8,27.3,Build Muscle,Beginner,Home,4.6,2,2,0.85,44,Legs,1,53,560,1
U10478,32,Female,175,72.3,23.6,Lose Weight,Intermediate,Gym,6.3,2,4,0.66,49,Full Body,2,46,485,1
U10479,28,Female,160,80.6,31.5,Gain Strength,Intermediate,Mixed,5.7,4,6,0.5,98,Upper Body,2,50,435,1
U10480,34,Female,168,73.1,25.9,Build Muscle,Beginner,Gym,5.7,0,2,0.7,68,Push,1,55,576,1
U10481,35,Male,190,62.8,17.4,Lose Weight,Intermediate,Home,6.3,2,5,0.72,90,Cardio,2,31,261,1
U10482,36,Female,167,66.1,23.7,Lose Weight,Beginner,Gym,7,5,0,0.57,88,Full Body,1,57,550,1
U10483,44,Male,182,93.7,28.3,Improve Fitness,Beginner,Mixed,8,8,4,0.74,48,Upper Body,1,49,364,1
U10484,21,Female,174,88.1,29.1,Build Muscle,Beginner,Home,7.2,0,1,0.66,78,Upper Body,1,57,581,1
U10485,45,Male,194,95.6,25.4,Lose Weight,Beginner,Gym,5.9,9,2,0.66,43,Full Body,1,47,526,0
U10486,18,Male,175,76.3,24.9,Improve Fitness,Intermediate,Gym,8.6,1,1,0.4,73,Lower Body,2,62,682,1
U10487,45,Male,170,78.9,27.3,Build Muscle,Beginner,Home,8,4,4,0.59,55,Legs,1,64,665,1
U10488,29,Male,174,66.6,22,Gain Strength,Beginner,Mixed,8.4,5,3,0.41,53,Push,1,64,715,0
U10489,42,Female,195,85.9,22.6,Gain Strength,Beginner,Home,6,6,0,0.71,93,Push,1,53,526,1
U10490,28,Male,173,58.1,19.4,Build Muscle,Intermediate,Home,6.9,9,4,0.72,66,Pull,2,50,565,1
U10491,25,Female,173,53.6,17.9,Improve Fitness,Advanced,Home,6.4,2,3,0.61,81,Recovery,3,25,251,1
U10492,40,Male,167,73.3,26.3,Gain Strength,Advanced,Gym,5.4,1,3,0.65,64,Push,3,63,539,1
U10493,23,Female,160,83.7,32.7,Gain Strength,Beginner,Gym,7.4,3,1,0.53,60,Pull,1,64,543,1
U10494,45,Male,169,65.4,22.9,Lose Weight,Intermediate,Gym,7.5,2,3,0.81,75,Cardio,2,32,357,1
U10495,25,Male,163,62.7,23.6,Build Muscle,Intermediate,Mixed,7,7,1,0.7,45,Pull,2,53,461,1
U10496,20,Female,183,81,24.2,Lose Weight,Beginner,Home,6.5,6,6,0.42,100,Cardio,1,32,318,1
U10497,38,Female,194,97.1,25.8,Build Muscle,Beginner,Gym,7.1,9,1,0.65,82,Pull,1,45,437,1
U10498,38,Male,174,59.3,19.6,Lose Weight,Advanced,Home,6.8,0,6,0.55,82,Lower Body,3,57,497,1
U10499,45,Female,187,73.4,21,Lose Weight,Advanced,Gym,8.3,3,3,0.7,83,Full Body,3,48,500,1
U10500,38,Male,161,67.9,26.2,Improve Fitness,Intermediate,Home,8.3,3,6,0.55,85,Full Body,2,40,351,1
U10501,35,Female,172,50.3,17,Build Muscle,Intermediate,Gym,7.1,9,3,0.62,50,Push,2,60,479,1
U10502,26,Female,188,73.2,20.7,Improve Fitness,Beginner,Gym,6.4,6,3,0.68,64,Recovery,1,20,144,1
U10503,34,Male,181,81.2,24.8,Build Muscle,Intermediate,Home,6.2,7,4,0.63,67,Lower Body,2,51,363,1
U10504,32,Male,193,94.2,25.3,Build Muscle,Beginner,Gym,8,0,0,0.87,75,Lower Body,1,56,460,1
U10505,39,Female,172,77.8,26.3,Build Muscle,Intermediate,Gym,7.4,7,5,0.66,85,Push,2,60,635,1
U10506,41,Female,185,70.8,20.7,Lose Weight,Beginner,Mixed,4.8,7,3,0.53,93,Full Body,1,48,325,1
U10507,32,Male,185,79.7,23.3,Gain Strength,Intermediate,Gym,7.4,1,5,0.67,80,Legs,2,60,447,1
U10508,33,Female,186,85.8,24.8,Build Muscle,Intermediate,Home,7,9,3,0.83,65,Legs,2,55,456,1
U10509,27,Female,180,84.6,26.1,Lose Weight,Intermediate,Mixed,6.9,9,6,0.7,59,Recovery,2,20,229,1
U10510,41,Male,162,61.9,23.6,Lose Weight,Intermediate,Home,6.5,10,3,0.92,46,Cardio,2,37,389,1
U10511,22,Female,176,87.4,28.2,Improve Fitness,Intermediate,Home,5.2,3,2,0.82,59,Full Body,2,47,367,1
U10512,42,Male,195,102.3,26.9,Lose Weight,Beginner,Gym,7,3,4,0.46,92,Full Body,1,54,595,1
U10513,29,Male,162,73,27.8,Improve Fitness,Intermediate,Gym,7.7,8,6,0.6,84,Cardio,2,49,511,1
U10514,43,Male,156,46.5,19.1,Improve Fitness,Intermediate,Gym,4.6,7,4,0.44,58,Cardio,2,46,365,0
U10515,38,Male,160,54.5,21.3,Build Muscle,Beginner,Mixed,6.6,7,4,0.65,62,Legs,1,53,528,1
U10516,37,Female,168,48,17,Gain Strength,Intermediate,Home,7.3,5,0,0.67,61,Legs,2,46,423,1
U10517,28,Male,160,77.8,30.4,Gain Strength,Beginner,Mixed,6.8,5,0,0.73,83,Pull,1,70,527,1
U10518,25,Male,194,68.5,18.2,Lose Weight,Beginner,Home,7.1,1,5,0.86,70,Full Body,1,40,354,1
U10519,34,Male,184,64.3,19,Improve Fitness,Beginner,Gym,6.6,0,5,0.75,40,Full Body,1,60,671,1
U10520,26,Female,166,51.8,18.8,Build Muscle,Intermediate,Home,9.3,10,0,0.81,94,Legs,2,52,381,1
U10521,31,Female,190,101.4,28.1,Gain Strength,Advanced,Home,7.5,1,1,0.66,77,Legs,3,56,572,1
U10522,31,Male,167,85.3,30.6,Build Muscle,Intermediate,Gym,8,7,3,0.75,69,Upper Body,2,59,585,1
U10523,32,Male,174,80.5,26.6,Improve Fitness,Intermediate,Home,6.5,9,3,0.81,61,Full Body,2,60,479,1
U10524,18,Female,180,74.5,23,Build Muscle,Beginner,Home,6,1,0,0.64,61,Lower Body,1,46,371,1
U10525,26,Male,155,75.9,31.6,Gain Strength,Beginner,Gym,6.1,10,5,0.79,57,Legs,1,48,448,1
U10526,25,Male,156,60.1,24.7,Lose Weight,Beginner,Mixed,7.4,4,4,0.39,51,Full Body,1,60,672,1
U10527,19,Female,155,49.3,20.5,Improve Fitness,Advanced,Gym,5.7,8,0,0.74,75,Lower Body,3,57,486,1
U10528,38,Male,157,49.3,20,Build Muscle,Beginner,Gym,7.2,0,0,0.64,70,Pull,1,68,688,1
U10529,27,Female,174,66.3,21.9,Improve Fitness,Beginner,Gym,7.6,2,0,1,83,Cardio,1,50,492,1
U10530,25,Female,177,95.2,30.4,Lose Weight,Intermediate,Gym,5.6,9,6,0.6,80,Full Body,2,42,431,1
U10531,42,Male,189,110,30.8,Gain Strength,Intermediate,Home,7.8,3,3,0.54,65,Pull,2,48,410,1
U10532,35,Male,163,68.8,25.9,Lose Weight,Intermediate,Home,6.9,9,2,0.58,67,Full Body,2,43,394,1
U10533,23,Female,155,58.6,24.4,Build Muscle,Intermediate,Home,5.9,8,3,0.9,65,Legs,2,57,491,1
U10534,28,Male,159,61.2,24.2,Lose Weight,Beginner,Home,8.2,8,0,0.7,86,Full Body,1,48,371,1
U10535,40,Male,188,71.4,20.2,Lose Weight,Intermediate,Gym,7.6,10,6,0.87,59,Full Body,2,49,458,1
U10536,23,Female,158,59.4,23.8,Improve Fitness,Intermediate,Gym,6.9,6,4,0.76,79,Cardio,2,44,442,1
U10537,28,Male,186,71.6,20.7,Gain Strength,Beginner,Home,7,10,0,1,87,Lower Body,1,44,349,1
U10538,44,Male,186,96.2,27.8,Build Muscle,Beginner,Mixed,6.9,8,5,1,87,Upper Body,1,52,400,1
U10539,35,Female,182,81.8,24.7,Build Muscle,Intermediate,Gym,7.3,3,2,0.64,77,Push,2,65,427,1
U10540,36,Female,162,70.9,27,Lose Weight,Beginner,Gym,7.9,3,5,0.69,49,Cardio,1,33,346,1
U10541,35,Male,185,87.3,25.5,Gain Strength,Beginner,Home,7.9,9,6,0.54,70,Pull,1,47,369,1
U10542,29,Male,193,112.1,30.1,Build Muscle,Advanced,Gym,5.8,5,1,0.67,94,Full Body,3,54,500,1
U10543,39,Female,184,85.3,25.2,Build Muscle,Intermediate,Gym,6.5,3,6,0.72,84,Push,2,57,548,1
U10544,25,Female,194,88.8,23.6,Improve Fitness,Beginner,Home,7.8,5,5,0.76,76,Lower Body,1,52,538,1
U10545,29,Male,193,101.7,27.3,Gain Strength,Intermediate,Home,6.8,4,0,0.55,79,Legs,2,45,475,1
U10546,41,Male,173,71.5,23.9,Gain Strength,Advanced,Gym,6.6,5,3,0.81,91,Upper Body,3,59,475,1
U10547,26,Male,177,74.9,23.9,Build Muscle,Advanced,Mixed,7.1,3,1,0.51,68,Push,3,69,700,1
U10548,28,Female,183,85.1,25.4,Lose Weight,Intermediate,Mixed,7.1,8,0,0.65,82,Cardio,2,31,277,1
U10549,43,Male,174,74.8,24.7,Lose Weight,Beginner,Home,9.5,6,5,0.76,30,Cardio,1,49,439,1
U10550,22,Female,151,45.1,19.8,Build Muscle,Intermediate,Gym,7.7,9,4,0.6,63,Push,2,47,320,1
U10551,20,Female,169,55.1,19.3,Lose Weight,Beginner,Gym,6.6,7,3,0.75,77,Full Body,1,41,323,1
U10552,21,Female,169,57.7,20.2,Build Muscle,Intermediate,Mixed,8,5,6,0.51,78,Push,2,45,454,1
U10553,18,Male,159,65.5,25.9,Build Muscle,Beginner,Home,6.1,3,3,0.53,77,Upper Body,1,54,555,1
U10554,19,Male,177,69.2,22.1,Build Muscle,Beginner,Gym,6.9,10,4,0.84,79,Pull,1,56,600,1
U10555,32,Female,152,47.8,20.7,Lose Weight,Beginner,Gym,7,0,6,0.55,85,Recovery,1,27,283,1
U10556,29,Male,194,116.7,31,Build Muscle,Beginner,Gym,6.2,6,6,0.71,85,Push,1,51,450,1
U10557,44,Female,153,57.6,24.6,Build Muscle,Intermediate,Gym,7.7,5,6,0.73,56,Push,2,49,389,1
U10558,44,Female,151,57,25,Build Muscle,Beginner,Gym,8.3,7,2,0.78,96,Lower Body,1,49,396,1
U10559,38,Female,157,42.1,17.1,Lose Weight,Beginner,Mixed,7.5,4,4,0.6,58,Recovery,1,27,271,1
U10560,41,Male,169,86,30.1,Improve Fitness,Intermediate,Mixed,6.8,7,1,0.66,77,Upper Body,2,55,569,1
U10561,43,Female,168,48,17,Gain Strength,Beginner,Home,8.6,4,2,1,85,Upper Body,1,46,389,1
U10562,36,Female,155,62.9,26.2,Lose Weight,Intermediate,Gym,6.9,6,3,0.53,89,Full Body,2,49,373,1
U10563,44,Male,172,83.7,28.3,Lose Weight,Beginner,Mixed,7.6,3,4,0.78,76,Full Body,1,52,569,1
U10564,22,Male,187,78,22.3,Build Muscle,Intermediate,Gym,9.5,3,2,0.67,65,Lower Body,2,41,453,1
U10565,37,Male,176,90.4,29.2,Build Muscle,Beginner,Gym,7.1,4,2,0.72,93,Legs,1,63,573,1
U10566,45,Male,189,97.9,27.4,Gain Strength,Intermediate,Mixed,7.9,8,6,0.46,78,Pull,2,68,593,1
U10567,44,Male,154,48.1,20.3,Gain Strength,Intermediate,Gym,6.6,9,5,0.75,71,Upper Body,2,57,501,1
U10568,34,Female,150,61.2,27.2,Improve Fitness,Beginner,Gym,7.9,9,3,0.87,51,Full Body,1,49,416,1
U10569,28,Female,173,103,34.4,Improve Fitness,Beginner,Gym,7.1,0,3,0.94,34,Cardio,1,33,272,1
U10570,23,Male,176,72.5,23.4,Lose Weight,Beginner,Gym,5.5,6,4,0.56,72,Cardio,1,45,368,1
U10571,38,Male,160,59.1,23.1,Build Muscle,Intermediate,Gym,8.5,1,4,1,57,Legs,2,73,826,1
U10572,45,Female,153,52.7,22.5,Build Muscle,Beginner,Gym,6,8,5,0.93,74,Push,1,68,599,1
U10573,19,Male,190,88.8,24.6,Lose Weight,Beginner,Mixed,7.4,8,2,0.66,59,Cardio,1,47,516,1
U10574,18,Female,182,81.8,24.7,Lose Weight,Advanced,Gym,6.8,7,2,0.78,47,Full Body,3,47,448,1
U10575,37,Male,183,84.7,25.3,Improve Fitness,Beginner,Mixed,6.3,7,6,0.75,85,Full Body,1,40,277,1
U10576,40,Female,175,68,22.2,Lose Weight,Beginner,Gym,8.4,4,5,0.41,95,Full Body,1,49,498,1
U10577,30,Female,189,106.1,29.7,Lose Weight,Beginner,Home,6.1,6,1,0.56,49,Full Body,1,53,451,0
U10578,25,Female,183,95.1,28.4,Gain Strength,Beginner,Gym,6.7,9,6,0.65,55,Pull,1,66,701,1
U10579,36,Female,171,93.9,32.1,Lose Weight,Advanced,Gym,6,8,3,0.72,75,Full Body,3,42,438,1
U10580,29,Female,157,56.2,22.8,Build Muscle,Beginner,Gym,6.4,3,3,0.65,80,Legs,1,73,728,1
U10581,35,Female,158,57.4,23,Gain Strength,Beginner,Mixed,8.9,9,0,0.58,83,Legs,1,46,384,1
U10582,33,Female,167,47.7,17.1,Build Muscle,Intermediate,Home,6.2,5,1,0.57,55,Push,2,45,366,1
U10583,30,Female,170,74.3,25.7,Improve Fitness,Intermediate,Gym,7,7,3,0.31,100,Cardio,2,40,322,0
U10584,21,Male,175,77.2,25.2,Gain Strength,Beginner,Gym,7.1,8,0,0.96,86,Upper Body,1,46,449,1
U10585,24,Male,189,82.9,23.2,Improve Fitness,Beginner,Home,5,2,6,0.82,57,Cardio,1,49,325,1
U10586,18,Female,166,81.8,29.7,Improve Fitness,Beginner,Home,6.2,6,6,0.64,51,Full Body,1,51,368,1
U10587,40,Female,177,60.2,19.2,Improve Fitness,Beginner,Home,7,7,6,0.68,64,Full Body,1,50,479,1
U10588,28,Male,167,92.3,33.1,Build Muscle,Beginner,Mixed,7.8,1,3,0.72,30,Lower Body,1,51,335,1
U10589,39,Female,162,73.5,28,Build Muscle,Intermediate,Gym,9.5,8,5,0.69,59,Lower Body,2,60,627,1
U10590,20,Female,160,64.5,25.2,Lose Weight,Advanced,Gym,5.5,8,2,0.8,94,Cardio,3,37,298,1
U10591,42,Female,158,54.2,21.7,Lose Weight,Beginner,Gym,6.4,2,3,0.71,64,Cardio,1,42,467,1
U10592,23,Male,168,51.1,18.1,Lose Weight,Intermediate,Gym,6.7,0,0,0.61,92,Full Body,2,42,407,1
U10593,42,Male,175,90,29.4,Build Muscle,Beginner,Gym,8.6,3,6,0.86,75,Upper Body,1,61,459,1
U10594,31,Male,185,71.2,20.8,Build Muscle,Intermediate,Home,8.6,10,3,0.78,53,Lower Body,2,63,642,1
U10595,20,Male,192,76.3,20.7,Build Muscle,Beginner,Home,5.7,10,3,0.35,77,Legs,1,50,425,0
U10596,33,Female,193,71.9,19.3,Build Muscle,Advanced,Home,6.3,0,3,0.73,69,Legs,3,67,730,1
U10597,41,Male,183,72,21.5,Improve Fitness,Beginner,Mixed,8.8,6,4,0.45,49,Cardio,1,50,485,0
U10598,31,Female,181,86.5,26.4,Build Muscle,Advanced,Mixed,6.4,3,2,0.6,55,Full Body,3,47,519,1
U10599,35,Female,164,69.7,25.9,Build Muscle,Beginner,Home,7.3,7,4,0.74,63,Full Body,1,48,363,1
U10600,23,Female,183,71.3,21.3,Gain Strength,Intermediate,Home,6.9,9,2,0.89,95,Push,2,49,371,1
U10601,28,Female,177,91.5,29.2,Improve Fitness,Intermediate,Mixed,7.7,9,5,0.9,54,Full Body,2,55,580,1
U10602,22,Female,180,69.7,21.5,Build Muscle,Beginner,Gym,7.7,4,0,0.7,77,Legs,1,52,370,1
U10603,42,Male,188,101.1,28.6,Lose Weight,Beginner,Home,8,9,3,0.52,72,Cardio,1,37,399,1
U10604,25,Female,183,69,20.6,Lose Weight,Intermediate,Mixed,6.2,4,1,0.41,74,Cardio,2,40,391,1
U10605,41,Male,175,52.1,17,Build Muscle,Advanced,Home,7.5,9,6,0.96,79,Lower Body,3,43,390,1
U10606,31,Male,151,56.3,24.7,Gain Strength,Beginner,Home,8.8,9,5,0.78,59,Pull,1,53,519,1
U10607,20,Male,193,93.1,25,Lose Weight,Beginner,Gym,9.3,8,5,0.52,51,Cardio,1,48,399,1
U10608,33,Male,152,62.6,27.1,Build Muscle,Beginner,Mixed,6.9,2,1,0.62,53,Push,1,60,467,1
U10609,18,Female,171,49.7,17,Lose Weight,Beginner,Gym,5.5,4,1,1,71,Cardio,1,45,468,1
U10610,25,Female,189,60.7,17,Lose Weight,Beginner,Home,8.4,6,4,0.94,90,Full Body,1,42,359,1
U10611,33,Male,169,64.8,22.7,Lose Weight,Intermediate,Home,6.8,8,0,0.74,93,Cardio,2,30,341,1
U10612,25,Female,151,50.6,22.2,Gain Strength,Beginner,Home,6.3,4,1,0.85,90,Push,1,49,507,1
U10613,42,Female,170,70.2,24.3,Gain Strength,Beginner,Gym,7.8,10,2,0.74,68,Legs,1,52,504,1
U10614,43,Female,154,49.8,21,Improve Fitness,Beginner,Mixed,5.8,8,6,0.61,57,Cardio,1,34,387,1
U10615,39,Male,154,61,25.7,Build Muscle,Intermediate,Mixed,8.4,5,4,0.76,58,Push,2,62,608,1
U10616,20,Female,188,99.3,28.1,Build Muscle,Intermediate,Home,7.4,7,2,0.81,64,Legs,2,48,420,1
U10617,36,Female,174,88.7,29.3,Build Muscle,Beginner,Gym,8.3,9,3,0.69,82,Legs,1,69,750,1
U10618,36,Female,157,71.7,29.1,Lose Weight,Intermediate,Gym,6.6,2,4,0.71,73,Full Body,2,53,528,1
U10619,45,Female,157,49.1,19.9,Build Muscle,Intermediate,Home,7.6,2,3,0.9,69,Lower Body,2,57,477,1
U10620,43,Male,183,86.7,25.9,Lose Weight,Intermediate,Gym,8.6,0,0,0.65,77,Cardio,2,42,440,1
U10621,34,Male,189,78.9,22.1,Lose Weight,Intermediate,Gym,6.4,1,0,0.78,75,Cardio,2,46,338,1
U10622,18,Female,157,66.1,26.8,Improve Fitness,Intermediate,Gym,7.2,0,1,0.8,96,Full Body,2,59,455,1
U10623,31,Female,183,97.1,29,Build Muscle,Intermediate,Mixed,7.5,3,1,0.81,67,Push,2,46,401,1
U10624,26,Female,184,80.6,23.8,Build Muscle,Beginner,Mixed,7.6,0,4,0.74,83,Legs,1,63,587,1
U10625,34,Male,174,90.2,29.8,Build Muscle,Beginner,Gym,7,8,1,0.36,100,Pull,1,51,572,1
U10626,21,Male,165,59.4,21.8,Build Muscle,Beginner,Mixed,7.3,8,6,0.85,93,Legs,1,73,669,1
U10627,18,Male,153,75.1,32.1,Build Muscle,Beginner,Home,6.7,10,6,0.93,74,Push,1,57,460,1
U10628,27,Male,176,111.5,36,Lose Weight,Beginner,Home,8.3,8,1,0.69,60,Full Body,1,45,462,1
U10629,45,Male,151,38.8,17,Gain Strength,Advanced,Gym,7.8,8,6,0.9,83,Legs,3,56,430,1
U10630,25,Male,176,52.7,17,Build Muscle,Beginner,Mixed,5.7,6,3,0.81,98,Lower Body,1,43,329,1
U10631,36,Female,174,73.6,24.3,Build Muscle,Advanced,Gym,8.3,3,5,0.53,75,Upper Body,3,56,419,1
U10632,27,Male,172,68.9,23.3,Build Muscle,Beginner,Gym,8.4,6,5,0.62,97,Legs,1,57,412,1
U10633,39,Male,171,67.8,23.2,Gain Strength,Intermediate,Home,5.9,3,4,0.53,62,Upper Body,2,63,413,1
U10634,31,Male,172,77.2,26.1,Lose Weight,Advanced,Mixed,6.4,3,2,0.57,85,Full Body,3,40,404,1
U10635,35,Female,156,41.4,17,Build Muscle,Intermediate,Mixed,6.6,1,1,0.48,58,Upper Body,2,49,462,1
U10636,31,Male,185,87.3,25.5,Gain Strength,Intermediate,Home,6.9,7,1,0.67,89,Legs,2,58,462,1
U10637,29,Female,188,86.2,24.4,Build Muscle,Beginner,Gym,9.1,4,5,0.85,57,Legs,1,71,751,1
U10638,20,Female,186,112.8,32.6,Build Muscle,Advanced,Home,7.4,7,5,1,68,Lower Body,3,45,295,1
U10639,40,Female,188,90.5,25.6,Improve Fitness,Intermediate,Mixed,7.6,10,6,0.69,91,Upper Body,2,43,292,1
U10640,42,Female,166,89.8,32.6,Build Muscle,Intermediate,Gym,4.6,1,0,0.87,58,Pull,2,62,480,1
U10641,45,Female,191,62,17,Lose Weight,Advanced,Home,7.7,0,6,0.81,82,Full Body,3,40,314,1
U10642,39,Male,161,67.7,26.1,Improve Fitness,Intermediate,Gym,8.1,0,5,0.61,75,Cardio,2,36,296,1
U10643,27,Male,156,66.7,27.4,Gain Strength,Beginner,Gym,8.6,2,3,0.73,68,Legs,1,48,468,1
U10644,43,Female,183,81.4,24.3,Improve Fitness,Beginner,Gym,5.8,3,2,0.86,50,Full Body,1,42,428,1
U10645,18,Male,182,86.5,26.1,Build Muscle,Beginner,Mixed,7.2,3,3,0.44,49,Legs,1,73,570,1
U10646,20,Male,193,77.9,20.9,Gain Strength,Beginner,Home,6.7,1,4,0.99,70,Push,1,69,703,1
U10647,23,Male,158,66.9,26.8,Gain Strength,Advanced,Gym,8.5,2,6,0.91,71,Pull,3,67,758,1
U10648,29,Male,178,68.1,21.5,Build Muscle,Advanced,Gym,7.6,4,1,0.6,99,Pull,3,53,498,1
U10649,28,Male,192,103.6,28.1,Gain Strength,Advanced,Home,7.3,4,6,0.81,74,Pull,3,56,606,1
U10650,41,Female,180,74.5,23,Build Muscle,Intermediate,Gym,7.6,9,4,0.68,100,Pull,2,47,370,1
U10651,36,Male,189,77.2,21.6,Lose Weight,Beginner,Gym,7.7,7,1,0.58,60,Cardio,1,49,365,1
U10652,45,Male,154,40.3,17,Lose Weight,Intermediate,Gym,7.6,10,6,0.62,88,Cardio,2,44,299,1
U10653,34,Male,151,59.7,26.2,Build Muscle,Advanced,Gym,7.3,9,5,0.47,80,Lower Body,3,53,419,1
U10654,38,Female,172,64.2,21.7,Build Muscle,Beginner,Home,5.5,8,0,0.8,53,Lower Body,1,45,404,0
U10655,26,Female,188,60.1,17,Build Muscle,Intermediate,Gym,8.5,8,3,0.62,45,Push,2,60,520,1
U10656,36,Female,181,67.2,20.5,Build Muscle,Advanced,Mixed,6.3,10,5,0.93,47,Legs,3,48,516,1
U10657,31,Female,193,70.4,18.9,Improve Fitness,Beginner,Gym,8.2,10,1,0.64,75,Upper Body,1,63,683,1
U10658,30,Male,170,64.7,22.4,Build Muscle,Advanced,Mixed,9.3,4,2,0.49,76,Pull,3,52,433,1
U10659,38,Female,172,91.1,30.8,Gain Strength,Beginner,Gym,6.7,6,1,0.58,83,Upper Body,1,44,407,1
U10660,34,Male,150,64.6,28.7,Build Muscle,Intermediate,Gym,6.2,4,5,0.98,72,Full Body,2,40,265,1
U10661,24,Female,155,63.9,26.6,Lose Weight,Intermediate,Mixed,8.7,2,6,0.86,71,Full Body,2,57,375,1
U10662,34,Female,193,80.8,21.7,Lose Weight,Intermediate,Mixed,9.5,3,6,0.58,76,Lower Body,2,62,581,1
U10663,28,Female,165,72.4,26.6,Gain Strength,Beginner,Mixed,7.7,9,3,1,72,Upper Body,1,48,327,1
U10664,22,Male,177,75.5,24.1,Gain Strength,Beginner,Mixed,8.8,9,3,0.7,85,Legs,1,61,519,1
U10665,22,Male,165,68.9,25.3,Lose Weight,Intermediate,Gym,8.1,4,6,0.85,65,Cardio,2,35,378,1
U10666,33,Female,173,50.9,17,Build Muscle,Intermediate,Mixed,5.3,1,1,0.39,70,Pull,2,64,460,0
U10667,32,Male,167,47.4,17,Lose Weight,Intermediate,Gym,6.9,2,4,0.74,84,Full Body,2,42,377,1
U10668,34,Female,193,99.1,26.6,Build Muscle,Beginner,Mixed,8.1,4,2,0.79,67,Lower Body,1,55,497,1
U10669,23,Female,185,82.5,24.1,Lose Weight,Beginner,Home,6.2,5,3,0.76,48,Cardio,1,39,254,1
U10670,36,Male,161,75.2,29,Gain Strength,Beginner,Gym,6,2,4,0.75,76,Lower Body,1,65,585,1
U10671,18,Male,174,89,29.4,Lose Weight,Beginner,Mixed,5.3,8,4,0.66,80,Full Body,1,47,454,1
U10672,42,Male,195,121.3,31.9,Build Muscle,Intermediate,Gym,7.1,6,3,0.61,100,Pull,2,63,663,1
U10673,39,Female,168,78.7,27.9,Lose Weight,Beginner,Home,8.6,4,6,0.5,79,Cardio,1,41,291,1
U10674,32,Female,160,51.2,20,Improve Fitness,Beginner,Gym,5.7,4,6,0.82,81,Upper Body,1,62,457,1
U10675,26,Female,151,51.3,22.5,Lose Weight,Beginner,Home,8.7,0,3,0.65,67,Cardio,1,43,297,1
U10676,26,Male,187,85,24.3,Build Muscle,Beginner,Gym,6.8,9,6,0.95,56,Legs,1,54,364,1
U10677,33,Male,183,71.3,21.3,Gain Strength,Advanced,Home,5.8,1,6,1,67,Legs,3,72,712,1
U10678,24,Female,166,58.7,21.3,Lose Weight,Beginner,Home,6.8,10,5,0.87,81,Cardio,1,46,455,1
U10679,34,Male,159,55.9,22.1,Lose Weight,Advanced,Gym,6.7,7,3,0.46,74,Full Body,3,59,466,1
U10680,36,Male,182,99,29.9,Build Muscle,Intermediate,Gym,6.5,4,5,0.83,63,Legs,2,71,715,1
U10681,33,Male,151,45.4,19.9,Improve Fitness,Beginner,Home,7.8,3,0,1,80,Recovery,1,23,261,1
U10682,19,Female,185,78,22.8,Lose Weight,Beginner,Gym,6.7,4,3,1,76,Lower Body,1,61,515,1
U10683,41,Male,169,60.8,21.3,Gain Strength,Intermediate,Gym,7,0,1,0.76,79,Pull,2,69,522,1
U10684,37,Male,187,108.1,30.9,Gain Strength,Beginner,Mixed,8.5,0,2,0.76,71,Upper Body,1,49,447,1
U10685,25,Female,153,61.3,26.2,Gain Strength,Beginner,Gym,6.4,1,1,0.9,68,Push,1,46,469,1
U10686,44,Male,163,70.7,26.6,Lose Weight,Beginner,Gym,9,7,2,0.82,75,Cardio,1,42,323,1
U10687,45,Female,160,57.1,22.3,Build Muscle,Beginner,Mixed,7,1,5,0.52,79,Push,1,47,512,1
U10688,37,Male,163,45.2,17,Build Muscle,Intermediate,Gym,8.2,4,0,0.85,73,Pull,2,47,460,1
U10689,44,Female,190,80.5,22.3,Lose Weight,Beginner,Home,7.1,0,3,0.4,84,Full Body,1,46,475,1
U10690,43,Male,172,70.4,23.8,Build Muscle,Beginner,Gym,8.8,9,1,0.79,75,Full Body,1,42,446,1
U10691,45,Male,162,68.8,26.2,Gain Strength,Beginner,Gym,6,0,4,0.64,73,Push,1,54,579,1
U10692,41,Male,150,52.2,23.2,Build Muscle,Intermediate,Home,6.5,10,4,0.67,72,Push,2,50,534,1
U10693,25,Female,195,130,34.2,Build Muscle,Intermediate,Home,6.7,2,2,0.6,69,Upper Body,2,60,424,1
U10694,36,Male,165,83.9,30.8,Lose Weight,Beginner,Gym,8.8,10,2,1,72,Full Body,1,48,424,1
U10695,20,Female,195,103.4,27.2,Gain Strength,Intermediate,Home,5.9,10,6,0.66,55,Legs,2,47,533,1
U10696,42,Male,187,92.7,26.5,Build Muscle,Advanced,Gym,7.1,10,1,0.76,59,Upper Body,3,54,399,1
U10697,42,Female,195,106.9,28.1,Improve Fitness,Intermediate,Mixed,4.5,1,4,0.67,70,Upper Body,2,54,547,1
U10698,31,Male,177,53.3,17,Lose Weight,Beginner,Gym,7.5,4,2,0.69,80,Cardio,1,30,208,1
U10699,20,Female,191,120,32.9,Build Muscle,Advanced,Gym,7.5,0,2,0.9,92,Lower Body,3,49,395,1
U10700,43,Male,170,76.9,26.6,Build Muscle,Intermediate,Mixed,6.1,5,4,0.42,77,Full Body,2,55,589,0
U10701,22,Male,151,52,22.8,Gain Strength,Intermediate,Home,8.5,6,4,0.63,71,Push,2,70,716,1
U10702,27,Female,171,57.3,19.6,Improve Fitness,Beginner,Gym,6.7,9,3,0.55,59,Upper Body,1,46,357,0
U10703,33,Male,152,56.1,24.3,Build Muscle,Beginner,Home,6.4,3,0,1,84,Lower Body,1,62,678,1
U10704,24,Male,158,72.6,29.1,Build Muscle,Intermediate,Gym,7,2,2,0.74,65,Lower Body,2,63,439,1
U10705,26,Female,159,89.7,35.5,Lose Weight,Beginner,Mixed,7,1,2,0.61,60,Full Body,1,53,487,1
U10706,18,Male,186,89.6,25.9,Lose Weight,Advanced,Gym,8.7,1,3,0.92,60,Full Body,3,43,349,1
U10707,19,Male,189,75.7,21.2,Improve Fitness,Intermediate,Gym,8.5,1,6,1,69,Cardio,2,32,283,1
U10708,19,Male,193,110.3,29.6,Build Muscle,Intermediate,Gym,5.5,5,2,0.57,56,Full Body,2,52,545,0
U10709,45,Male,184,88.7,26.2,Lose Weight,Beginner,Gym,6.9,10,1,0.76,90,Lower Body,1,57,373,1
U10710,19,Male,160,55.8,21.8,Gain Strength,Intermediate,Home,7.2,6,4,0.48,89,Legs,2,47,527,1
U10711,22,Female,192,107.3,29.1,Build Muscle,Intermediate,Home,7.5,0,2,0.74,64,Legs,2,75,594,1
U10712,38,Female,168,52.5,18.6,Improve Fitness,Intermediate,Home,7.4,4,0,0.86,100,Cardio,2,33,289,1
U10713,38,Male,182,75.5,22.8,Improve Fitness,Beginner,Gym,7.4,5,0,0.92,89,Recovery,1,26,186,1
U10714,25,Female,175,67.1,21.9,Lose Weight,Intermediate,Gym,6.8,2,1,0.63,58,Full Body,2,51,451,1
U10715,22,Female,187,107.4,30.7,Build Muscle,Intermediate,Gym,7.2,9,4,0.71,75,Push,2,59,493,1
U10716,37,Female,160,63.2,24.7,Gain Strength,Intermediate,Gym,6.9,1,1,0.58,95,Push,2,70,766,1
U10717,24,Female,172,65.4,22.1,Lose Weight,Intermediate,Gym,6.1,8,5,0.71,100,Recovery,2,32,266,1
U10718,37,Male,195,79.9,21,Improve Fitness,Intermediate,Home,7.9,3,1,0.68,75,Cardio,2,30,231,1
U10719,45,Male,175,87,28.4,Build Muscle,Beginner,Mixed,5.2,3,5,0.56,85,Full Body,1,55,368,1
U10720,31,Female,158,62.2,24.9,Lose Weight,Advanced,Mixed,7.3,5,1,0.85,58,Lower Body,3,56,634,1
U10721,23,Male,181,94.7,28.9,Build Muscle,Intermediate,Mixed,8,4,6,0.76,79,Pull,2,55,597,1
U10722,33,Female,192,108.4,29.4,Lose Weight,Intermediate,Home,6.4,10,3,0.84,98,Cardio,2,30,242,1
U10723,43,Male,173,81.4,27.2,Gain Strength,Intermediate,Gym,6.9,5,1,1,75,Lower Body,2,60,607,1
U10724,21,Male,154,72.1,30.4,Lose Weight,Advanced,Gym,6.6,4,5,0.91,63,Lower Body,3,56,573,1
U10725,28,Female,159,65.5,25.9,Gain Strength,Intermediate,Gym,6.4,10,4,1,68,Legs,2,52,488,1
U10726,20,Female,174,59.9,19.8,Gain Strength,Advanced,Gym,7.2,10,5,0.82,71,Legs,3,63,525,1
U10727,20,Male,161,54.7,21.1,Build Muscle,Beginner,Home,8.2,10,3,0.95,47,Lower Body,1,61,466,1
U10728,20,Male,159,52.6,20.8,Lose Weight,Beginner,Gym,6.9,5,6,0.62,79,Full Body,1,48,525,1
U10729,45,Female,160,82.4,32.2,Improve Fitness,Intermediate,Home,6.7,1,5,1,49,Full Body,2,44,352,1
U10730,31,Male,180,85.5,26.4,Lose Weight,Intermediate,Mixed,6.4,4,1,0.81,45,Full Body,2,52,408,1
U10731,31,Male,172,56.5,19.1,Gain Strength,Intermediate,Mixed,7.6,0,5,0.61,67,Lower Body,2,53,542,1
U10732,25,Male,157,79.4,32.2,Lose Weight,Beginner,Gym,7.3,10,0,0.88,60,Lower Body,1,59,476,1
U10733,36,Female,156,46,18.9,Build Muscle,Beginner,Gym,7,3,5,0.45,61,Upper Body,1,52,344,1
U10734,43,Female,165,69.4,25.5,Gain Strength,Beginner,Mixed,7,5,4,0.78,81,Push,1,47,491,1
U10735,36,Female,168,55,19.5,Lose Weight,Intermediate,Home,6.1,2,0,0.33,66,Full Body,2,55,393,0
U10736,26,Female,164,74.2,27.6,Gain Strength,Beginner,Gym,8.7,0,4,0.75,92,Lower Body,1,58,638,1
U10737,29,Female,158,65.2,26.1,Improve Fitness,Intermediate,Mixed,7.2,10,0,0.61,36,Cardio,2,48,401,0
U10738,21,Male,178,93.8,29.6,Lose Weight,Beginner,Home,7,10,0,0.97,57,Lower Body,1,53,517,1
U10739,34,Male,155,83.4,34.7,Gain Strength,Advanced,Gym,6.8,2,3,0.6,68,Push,3,52,478,1
U10740,38,Male,170,72.8,25.2,Gain Strength,Advanced,Gym,7,8,0,0.63,44,Legs,3,59,558,0
U10741,26,Male,163,56.1,21.1,Build Muscle,Beginner,Home,8.3,6,0,0.56,46,Lower Body,1,49,461,0
U10742,33,Female,181,65.8,20.1,Lose Weight,Intermediate,Gym,7,4,1,0.58,67,Lower Body,2,62,703,1
U10743,32,Female,177,66.1,21.1,Lose Weight,Intermediate,Gym,8.2,5,3,0.81,100,Cardio,2,33,351,1
U10744,22,Male,165,62.3,22.9,Gain Strength,Advanced,Home,6.8,4,1,0.93,77,Lower Body,3,58,454,1
U10745,23,Female,159,51.8,20.5,Improve Fitness,Beginner,Gym,7.7,7,0,0.79,45,Full Body,1,59,669,1
U10746,40,Male,170,63,21.8,Lose Weight,Intermediate,Home,7.3,10,2,0.98,82,Recovery,2,24,215,1
U10747,24,Female,172,65.4,22.1,Gain Strength,Beginner,Gym,6.3,8,2,0.86,35,Upper Body,1,56,628,1
U10748,28,Female,152,48.7,21.1,Build Muscle,Advanced,Mixed,8.7,2,4,0.77,60,Legs,3,58,486,1
U10749,30,Male,192,71.9,19.5,Lose Weight,Beginner,Gym,8,1,5,0.73,68,Cardio,1,31,249,1
U10750,32,Male,188,92.2,26.1,Lose Weight,Beginner,Gym,7.3,8,1,0.74,52,Recovery,1,29,320,1
U10751,27,Female,153,47.3,20.2,Lose Weight,Beginner,Mixed,7.9,5,5,0.82,77,Full Body,1,46,421,1
U10752,33,Male,177,68.9,22,Gain Strength,Intermediate,Gym,7.9,10,5,0.65,91,Push,2,65,474,1
U10753,45,Female,153,50.1,21.4,Build Muscle,Intermediate,Home,6.5,1,1,0.69,84,Lower Body,2,59,612,1
U10754,33,Male,171,71.3,24.4,Lose Weight,Beginner,Gym,7.1,5,3,0.65,76,Full Body,1,59,461,1
U10755,28,Male,195,92,24.2,Build Muscle,Beginner,Home,6.2,5,5,0.74,74,Push,1,53,539,1
U10756,26,Male,174,104.1,34.4,Improve Fitness,Beginner,Gym,6.4,10,0,0.57,76,Full Body,1,40,307,0
U10757,44,Male,167,56.6,20.3,Lose Weight,Advanced,Gym,5.9,7,5,0.46,60,Lower Body,3,42,365,0
U10758,33,Female,162,56.2,21.4,Lose Weight,Advanced,Home,5.7,2,2,0.67,36,Recovery,3,29,326,1
U10759,36,Female,180,86.2,26.6,Lose Weight,Beginner,Mixed,6.5,10,4,0.65,80,Lower Body,1,41,282,1
U10760,19,Male,169,74.5,26.1,Gain Strength,Advanced,Gym,6.4,10,2,0.8,95,Pull,3,52,561,1
U10761,42,Male,175,61.9,20.2,Lose Weight,Intermediate,Mixed,7.9,6,5,0.52,89,Full Body,2,57,412,1
U10762,19,Male,179,68.9,21.5,Lose Weight,Beginner,Mixed,6.3,10,5,0.93,82,Full Body,1,48,399,1
U10763,44,Female,150,48.6,21.6,Lose Weight,Intermediate,Home,7.2,2,4,0.59,48,Lower Body,2,59,578,1
U10764,29,Female,181,82.9,25.3,Lose Weight,Advanced,Gym,6.7,5,2,0.55,91,Cardio,3,33,377,1
U10765,44,Female,152,47.8,20.7,Build Muscle,Intermediate,Home,7.3,5,2,0.91,68,Pull,2,52,407,1
U10766,20,Male,171,62.6,21.4,Lose Weight,Beginner,Gym,7.4,3,3,0.8,85,Lower Body,1,47,383,1
U10767,29,Female,167,90.4,32.4,Gain Strength,Intermediate,Gym,6.6,3,5,0.76,52,Push,2,46,373,1
U10768,41,Female,187,95.5,27.3,Build Muscle,Intermediate,Mixed,7.3,0,6,0.69,62,Push,2,50,440,1
U10769,20,Male,183,77,23,Build Muscle,Beginner,Gym,7.4,6,3,0.55,67,Push,1,60,666,1
U10770,41,Female,157,60.6,24.6,Build Muscle,Beginner,Mixed,5.4,2,4,0.53,62,Pull,1,62,615,1
U10771,41,Male,174,94.2,31.1,Gain Strength,Intermediate,Gym,6.2,1,4,0.71,56,Pull,2,64,448,1
U10772,39,Female,161,55,21.2,Lose Weight,Intermediate,Gym,5.5,1,3,0.84,52,Full Body,2,59,400,1
U10773,25,Female,186,97.9,28.3,Lose Weight,Beginner,Gym,7.6,4,6,0.71,86,Cardio,1,50,402,1
U10774,30,Male,178,114.1,36,Gain Strength,Beginner,Mixed,7.6,10,6,0.52,94,Push,1,47,308,1
U10775,19,Male,180,82,25.3,Build Muscle,Beginner,Home,9.4,8,3,0.63,91,Upper Body,1,41,371,1
U10776,23,Female,191,89.4,24.5,Build Muscle,Beginner,Gym,9.5,6,5,0.67,100,Full Body,1,60,493,1
U10777,29,Female,164,70.7,26.3,Gain Strength,Beginner,Gym,8,3,5,1,60,Push,1,45,403,1
U10778,36,Male,165,77.9,28.6,Lose Weight,Advanced,Gym,6.8,0,3,0.75,73,Full Body,3,56,571,1
U10779,27,Female,157,66.3,26.9,Gain Strength,Beginner,Home,7.7,9,2,0.62,73,Upper Body,1,41,386,1
U10780,32,Male,175,52.1,17,Lose Weight,Intermediate,Gym,8.2,10,6,1,74,Cardio,2,45,330,1
U10781,35,Female,150,40.1,17.8,Gain Strength,Beginner,Mixed,7.9,10,6,0.58,74,Lower Body,1,51,556,1
U10782,22,Male,188,96.8,27.4,Gain Strength,Beginner,Gym,7.7,4,0,0.91,74,Legs,1,50,382,1
U10783,27,Female,158,62.9,25.2,Gain Strength,Beginner,Gym,7.9,4,3,0.71,61,Upper Body,1,55,379,1
U10784,33,Male,170,76.3,26.4,Gain Strength,Intermediate,Mixed,5.9,7,2,0.71,51,Lower Body,2,57,548,0
U10785,33,Female,189,79.3,22.2,Lose Weight,Beginner,Gym,6.5,10,1,0.54,88,Cardio,1,45,420,1
U10786,24,Female,150,64.8,28.8,Lose Weight,Advanced,Gym,8.5,8,3,0.69,65,Cardio,3,30,210,1
U10787,32,Female,172,82.5,27.9,Gain Strength,Beginner,Home,7.2,10,0,0.74,33,Upper Body,1,62,572,0
U10788,43,Female,179,88.8,27.7,Build Muscle,Beginner,Gym,7.8,8,4,0.72,84,Upper Body,1,42,454,1
U10789,37,Female,171,79,27,Lose Weight,Intermediate,Gym,6.3,10,5,0.68,56,Cardio,2,33,225,1
U10790,38,Female,183,102.5,30.6,Lose Weight,Beginner,Home,8.2,2,1,0.57,81,Full Body,1,44,306,1
U10791,25,Male,176,79.6,25.7,Lose Weight,Beginner,Gym,6.3,2,5,0.74,84,Cardio,1,47,368,1
U10792,31,Male,188,100.4,28.4,Build Muscle,Beginner,Gym,9.5,5,1,0.74,68,Lower Body,1,52,402,1
U10793,36,Female,193,100.2,26.9,Gain Strength,Beginner,Gym,6.9,7,4,0.61,58,Push,1,59,538,1
U10794,40,Male,159,43,17,Lose Weight,Advanced,Mixed,7.9,10,2,0.43,58,Full Body,3,43,461,1
U10795,32,Male,194,96.7,25.7,Build Muscle,Intermediate,Gym,6.7,9,5,1,49,Full Body,2,52,503,1
U10796,41,Male,182,112.3,33.9,Gain Strength,Intermediate,Gym,8.6,0,4,0.88,93,Lower Body,2,47,484,1
U10797,32,Male,191,95.6,26.2,Gain Strength,Intermediate,Gym,5.2,7,6,0.81,49,Legs,2,58,621,1
U10798,41,Female,179,71.5,22.3,Lose Weight,Advanced,Home,7,0,5,0.56,86,Full Body,3,50,400,1
U10799,18,Female,183,79,23.6,Gain Strength,Advanced,Mixed,7.6,9,4,0.72,73,Lower Body,3,47,319,1
U10800,38,Male,165,56.6,20.8,Lose Weight,Advanced,Gym,5.8,4,1,0.69,57,Full Body,3,55,380,1
U10801,22,Male,160,77.8,30.4,Lose Weight,Intermediate,Mixed,5.6,5,0,1,76,Cardio,2,47,325,1
U10802,20,Male,156,60.4,24.8,Build Muscle,Advanced,Mixed,6.5,3,6,0.84,68,Push,3,57,642,1
U10803,29,Female,179,82.7,25.8,Gain Strength,Intermediate,Home,8,6,2,0.84,90,Upper Body,2,58,512,1
U10804,29,Female,157,66.1,26.8,Build Muscle,Intermediate,Mixed,6.1,7,2,0.35,75,Upper Body,2,54,415,0
U10805,23,Female,174,76.9,25.4,Lose Weight,Beginner,Gym,9.2,3,6,0.7,77,Full Body,1,48,355,1
U10806,45,Female,174,84.2,27.8,Build Muscle,Intermediate,Home,7.7,2,2,0.87,59,Legs,2,59,519,1
U10807,37,Female,153,47.8,20.4,Gain Strength,Intermediate,Home,6.8,4,6,0.33,71,Legs,2,56,595,1
U10808,29,Male,165,59.1,21.7,Build Muscle,Beginner,Gym,7.5,0,6,0.67,56,Full Body,1,58,582,1
U10809,19,Female,154,71.1,30,Lose Weight,Intermediate,Gym,7.2,10,3,0.88,74,Cardio,2,32,298,1
U10810,34,Male,191,96.3,26.4,Gain Strength,Beginner,Gym,5.6,2,2,0.95,85,Legs,1,55,436,1
U10811,42,Male,173,73,24.4,Build Muscle,Beginner,Gym,7.4,5,5,0.9,66,Legs,1,48,405,1
U10812,27,Female,191,65.3,17.9,Build Muscle,Beginner,Mixed,6.7,0,0,0.75,71,Upper Body,1,65,638,1
U10813,35,Female,167,83.7,30,Improve Fitness,Beginner,Gym,6,7,5,0.57,56,Recovery,1,26,181,0
U10814,31,Male,186,91,26.3,Lose Weight,Intermediate,Gym,5.4,9,5,0.85,58,Cardio,2,33,256,1
U10815,22,Male,186,73.7,21.3,Improve Fitness,Advanced,Gym,9,9,2,0.94,73,Cardio,3,36,236,1
U10816,45,Male,190,68.6,19,Improve Fitness,Intermediate,Gym,9.3,10,4,0.68,75,Recovery,2,23,169,1
U10817,19,Male,163,75.2,28.3,Build Muscle,Advanced,Gym,4.9,6,2,0.6,70,Push,3,55,567,1
U10818,42,Male,159,63.2,25,Build Muscle,Beginner,Mixed,5.7,4,4,0.78,72,Legs,1,62,467,1
U10819,26,Male,183,105.5,31.5,Build Muscle,Beginner,Gym,8.2,4,4,0.67,69,Upper Body,1,42,430,1
U10820,32,Male,164,77.5,28.8,Lose Weight,Intermediate,Mixed,7.4,8,4,0.47,100,Full Body,2,59,484,1
U10821,43,Female,163,53.9,20.3,Build Muscle,Beginner,Mixed,9.5,3,1,0.8,62,Upper Body,1,53,504,1
U10822,31,Female,188,60.1,17,Gain Strength,Advanced,Mixed,8,8,2,0.44,77,Pull,3,49,507,1
U10823,27,Female,191,118.9,32.6,Lose Weight,Advanced,Gym,5.8,2,1,0.85,59,Full Body,3,59,606,1
U10824,36,Female,155,70.4,29.3,Build Muscle,Intermediate,Gym,7.2,8,6,0.72,90,Pull,2,59,437,1
U10825,38,Male,194,102,27.1,Build Muscle,Advanced,Gym,6.2,7,4,1,48,Upper Body,3,65,523,1
U10826,35,Male,182,85.1,25.7,Build Muscle,Advanced,Mixed,6.2,10,5,0.45,54,Lower Body,3,56,480,0
U10827,31,Female,172,71.9,24.3,Build Muscle,Beginner,Gym,7.5,10,2,0.91,94,Lower Body,1,49,497,1
U10828,32,Male,174,77.8,25.7,Lose Weight,Intermediate,Gym,6.6,0,4,0.91,62,Full Body,2,54,436,1
U10829,38,Female,185,60.9,17.8,Lose Weight,Intermediate,Gym,8.1,1,5,0.96,59,Full Body,2,52,506,1
U10830,31,Male,171,95.6,32.7,Gain Strength,Intermediate,Mixed,7.7,5,6,0.8,64,Push,2,51,433,1
U10831,27,Female,180,93.3,28.8,Build Muscle,Intermediate,Gym,5.4,5,5,0.66,61,Pull,2,52,565,1
U10832,31,Female,187,66.4,19,Build Muscle,Intermediate,Home,8,0,3,0.78,84,Pull,2,61,431,1
U10833,36,Male,160,59.6,23.3,Build Muscle,Beginner,Gym,8.2,4,4,0.73,64,Push,1,65,599,1
U10834,35,Male,157,53.7,21.8,Improve Fitness,Intermediate,Home,4.9,3,2,0.93,87,Cardio,2,32,355,1
U10835,25,Female,194,135.5,36,Gain Strength,Intermediate,Gym,6.7,8,3,0.6,46,Upper Body,2,50,481,0
U10836,18,Male,155,68.5,28.5,Build Muscle,Advanced,Home,7.9,6,1,1,58,Pull,3,54,593,1
U10837,18,Female,169,78.5,27.5,Gain Strength,Beginner,Gym,6.5,10,3,0.96,80,Legs,1,50,448,1
U10838,42,Female,172,53.3,18,Improve Fitness,Beginner,Mixed,7,7,6,0.37,54,Upper Body,1,52,386,0
U10839,20,Male,169,56.8,19.9,Build Muscle,Beginner,Home,6.4,4,0,0.67,74,Upper Body,1,52,390,1
U10840,32,Female,170,72.2,25,Gain Strength,Beginner,Mixed,7.1,3,2,0.78,53,Upper Body,1,52,593,1
U10841,28,Female,170,71.7,24.8,Lose Weight,Intermediate,Gym,8.7,1,0,0.69,79,Lower Body,2,48,514,1
U10842,30,Male,194,98.6,26.2,Improve Fitness,Beginner,Gym,8,6,5,0.77,84,Upper Body,1,52,474,1
U10843,44,Male,164,71.5,26.6,Improve Fitness,Intermediate,Gym,7.8,6,1,0.8,56,Cardio,2,45,303,1
U10844,28,Male,192,72.3,19.6,Build Muscle,Advanced,Gym,6.7,4,4,1,69,Pull,3,50,501,1
U10845,31,Female,186,89.3,25.8,Lose Weight,Advanced,Gym,4.9,3,5,0.75,73,Lower Body,3,52,557,1
U10846,41,Male,162,44.6,17,Improve Fitness,Beginner,Home,7.4,3,2,0.42,61,Cardio,1,41,342,0
U10847,27,Male,177,89.9,28.7,Improve Fitness,Beginner,Gym,7.3,8,2,0.64,63,Cardio,1,30,317,1
U10848,40,Male,195,86.3,22.7,Build Muscle,Beginner,Home,7.3,2,1,0.5,88,Upper Body,1,59,481,1
U10849,26,Female,159,49.8,19.7,Build Muscle,Intermediate,Gym,5.2,0,6,0.9,65,Pull,2,55,491,1
U10850,24,Female,195,94.3,24.8,Improve Fitness,Intermediate,Gym,7.8,9,5,0.59,74,Cardio,2,38,381,1
U10851,25,Male,150,61.2,27.2,Build Muscle,Beginner,Gym,8.9,1,5,0.63,65,Push,1,50,437,1
U10852,23,Male,160,68.9,26.9,Lose Weight,Intermediate,Mixed,7.3,1,1,0.7,95,Cardio,2,37,333,1
U10853,34,Female,150,39.2,17.4,Build Muscle,Intermediate,Home,5.5,2,1,0.42,90,Push,2,50,460,1
U10854,43,Female,181,87.5,26.7,Gain Strength,Intermediate,Gym,5.6,4,5,0.7,71,Upper Body,2,58,655,1
U10855,40,Female,179,54.5,17,Build Muscle,Beginner,Gym,7.3,4,5,0.51,82,Upper Body,1,54,491,1
U10856,31,Male,155,47.3,19.7,Lose Weight,Intermediate,Gym,7.3,5,3,0.95,86,Cardio,2,39,442,1
U10857,33,Female,156,64.7,26.6,Build Muscle,Beginner,Gym,7,8,4,0.45,65,Push,1,54,383,1
U10858,23,Female,179,75.6,23.6,Lose Weight,Beginner,Mixed,6.8,9,3,0.44,78,Cardio,1,37,390,1
U10859,29,Female,171,57,19.5,Gain Strength,Intermediate,Gym,8.8,4,4,0.75,86,Lower Body,2,41,440,1
U10860,30,Female,156,69.4,28.5,Build Muscle,Beginner,Home,9.4,3,0,0.75,66,Legs,1,74,744,1
U10861,20,Male,195,87.1,22.9,Improve Fitness,Advanced,Home,8.7,6,2,0.48,58,Cardio,3,47,487,1
U10862,36,Female,186,88.2,25.5,Lose Weight,Intermediate,Home,6.9,7,0,0.89,51,Cardio,2,33,293,1
U10863,37,Female,153,56.6,24.2,Improve Fitness,Beginner,Gym,6.9,8,3,0.53,85,Full Body,1,55,435,1
U10864,18,Male,174,73,24.1,Lose Weight,Beginner,Home,7,8,0,0.57,66,Lower Body,1,55,391,0
U10865,19,Female,153,47.3,20.2,Gain Strength,Advanced,Mixed,8.1,4,1,0.91,97,Legs,3,72,723,1
U10866,41,Female,152,60.8,26.3,Improve Fitness,Intermediate,Mixed,6.7,7,6,0.64,79,Cardio,2,38,394,1
U10867,40,Female,155,60.8,25.3,Improve Fitness,Beginner,Mixed,6.9,7,6,0.67,89,Cardio,1,46,388,1
U10868,41,Male,168,64.1,22.7,Lose Weight,Beginner,Home,8.6,5,6,0.75,66,Cardio,1,37,253,1
U10869,35,Male,188,74.9,21.2,Lose Weight,Beginner,Gym,6.9,8,1,0.81,66,Full Body,1,49,330,1
U10870,34,Male,190,101.4,28.1,Build Muscle,Beginner,Home,6.6,9,1,0.7,52,Full Body,1,54,363,0
U10871,28,Male,152,61.9,26.8,Gain Strength,Advanced,Gym,6.8,0,3,1,82,Legs,3,69,503,1
U10872,21,Male,170,72,24.9,Gain Strength,Beginner,Mixed,8.4,8,5,0.79,87,Pull,1,52,356,1
U10873,18,Female,159,52.8,20.9,Improve Fitness,Intermediate,Gym,7.6,9,2,0.81,48,Lower Body,2,46,384,1
U10874,39,Male,185,105.4,30.8,Lose Weight,Beginner,Home,5.8,6,6,0.49,30,Cardio,1,44,415,0
U10875,33,Female,171,77.5,26.5,Improve Fitness,Beginner,Home,5.3,4,6,0.63,84,Upper Body,1,52,531,1
U10876,22,Female,155,60.8,25.3,Gain Strength,Beginner,Gym,6.4,5,5,0.43,70,Lower Body,1,59,494,1
U10877,28,Male,179,90,28.1,Lose Weight,Beginner,Mixed,7.9,9,3,1,62,Cardio,1,37,321,1
U10878,23,Male,154,45.1,19,Lose Weight,Intermediate,Gym,7.4,0,6,0.76,71,Full Body,2,50,553,1
U10879,41,Female,182,70.9,21.4,Build Muscle,Intermediate,Home,4.5,6,2,0.54,80,Pull,2,59,452,1
U10880,43,Male,183,86.1,25.7,Build Muscle,Intermediate,Mixed,8.2,9,1,0.78,83,Full Body,2,46,403,1
U10881,30,Female,185,94.8,27.7,Lose Weight,Beginner,Gym,7.1,5,4,0.72,30,Full Body,1,57,401,1
U10882,41,Female,158,54.2,21.7,Lose Weight,Advanced,Gym,6.4,10,6,0.7,58,Full Body,3,60,643,1
U10883,42,Male,192,104.7,28.4,Build Muscle,Intermediate,Gym,6.1,4,0,0.92,57,Upper Body,2,52,455,1
U10884,40,Female,179,70.5,22,Build Muscle,Beginner,Gym,6.4,4,0,0.63,89,Push,1,50,472,1
U10885,38,Female,183,77.4,23.1,Build Muscle,Advanced,Home,6.8,2,1,0.59,68,Lower Body,3,65,529,1
U10886,40,Female,169,72.5,25.4,Build Muscle,Beginner,Gym,6.9,1,1,0.69,87,Upper Body,1,63,520,1
U10887,24,Male,152,59.1,25.6,Gain Strength,Beginner,Home,5.8,7,4,0.7,63,Lower Body,1,41,471,1
U10888,37,Female,152,61.7,26.7,Build Muscle,Intermediate,Gym,7.2,1,4,0.92,60,Legs,2,73,834,1
U10889,26,Female,191,86.5,23.7,Build Muscle,Beginner,Home,5.9,9,2,0.71,48,Upper Body,1,47,458,1
U10890,45,Male,193,96.5,25.9,Build Muscle,Beginner,Home,7,8,1,0.75,83,Legs,1,56,433,1
U10891,31,Female,166,70,25.4,Lose Weight,Beginner,Home,5.7,1,4,0.62,70,Full Body,1,50,546,1
U10892,38,Male,194,86.9,23.1,Improve Fitness,Intermediate,Home,6.9,10,4,1,73,Upper Body,2,45,294,1
U10893,37,Male,183,87.4,26.1,Build Muscle,Beginner,Gym,4.9,9,6,0.85,100,Pull,1,55,457,1
U10894,27,Male,187,105.6,30.2,Improve Fitness,Beginner,Mixed,6.6,9,6,1,72,Full Body,1,47,417,1
U10895,39,Female,181,84.5,25.8,Improve Fitness,Beginner,Mixed,6.8,4,6,0.67,38,Upper Body,1,47,508,1
U10896,31,Female,161,72.1,27.8,Build Muscle,Beginner,Gym,6.8,10,0,0.69,76,Push,1,58,455,1
U10897,19,Female,177,71.4,22.8,Build Muscle,Beginner,Mixed,7.4,7,3,0.94,78,Full Body,1,59,388,1
U10898,18,Female,153,55.9,23.9,Gain Strength,Beginner,Gym,7,10,3,0.76,59,Upper Body,1,57,503,1
U10899,41,Female,174,76.9,25.4,Lose Weight,Beginner,Home,7.9,9,5,0.74,65,Cardio,1,50,348,1
U10900,34,Female,159,58.9,23.3,Lose Weight,Beginner,Gym,7.8,1,1,0.52,59,Cardio,1,46,357,1
U10901,31,Male,171,52,17.8,Build Muscle,Advanced,Mixed,7.1,3,5,0.88,91,Upper Body,3,52,508,1
U10902,39,Male,169,88.5,31,Gain Strength,Advanced,Home,6.3,5,3,0.77,65,Upper Body,3,45,403,1
U10903,24,Female,164,84.5,31.4,Build Muscle,Beginner,Gym,8.5,4,2,0.75,62,Push,1,66,457,1
U10904,33,Male,174,51.5,17,Lose Weight,Beginner,Gym,5.5,7,0,0.39,50,Full Body,1,45,360,0
U10905,44,Female,164,87.1,32.4,Improve Fitness,Beginner,Gym,5.7,5,0,0.53,58,Cardio,1,43,370,0
U10906,22,Female,154,84,35.4,Improve Fitness,Beginner,Gym,7,2,2,0.9,74,Cardio,1,30,330,1
U10907,44,Female,155,40.8,17,Lose Weight,Intermediate,Gym,8.8,0,5,0.79,70,Full Body,2,47,374,1
U10908,41,Female,172,94.4,31.9,Improve Fitness,Advanced,Gym,6.7,8,0,0.69,66,Upper Body,3,54,456,1
U10909,33,Female,187,101.4,29,Build Muscle,Intermediate,Gym,8,5,4,0.77,56,Full Body,2,46,455,1
U10910,24,Female,162,60.1,22.9,Lose Weight,Beginner,Gym,5.9,8,0,0.93,48,Cardio,1,41,368,1
U10911,36,Male,179,100,31.2,Build Muscle,Intermediate,Home,8.5,6,0,0.55,65,Upper Body,2,58,430,1
U10912,19,Female,163,57.1,21.5,Improve Fitness,Beginner,Mixed,7.6,10,6,0.97,89,Cardio,1,31,338,1
U10913,18,Male,151,51.8,22.7,Build Muscle,Beginner,Home,8.5,2,4,0.93,69,Pull,1,54,487,1
U10914,28,Female,193,91.3,24.5,Gain Strength,Advanced,Mixed,8.8,8,2,0.91,90,Push,3,60,391,1
U10915,37,Male,166,97.5,35.4,Gain Strength,Beginner,Gym,7.7,3,5,0.78,92,Pull,1,56,368,1
U10916,22,Female,170,94.8,32.8,Improve Fitness,Beginner,Mixed,6.4,0,3,0.68,56,Cardio,1,41,432,1
U10917,25,Female,189,92.5,25.9,Build Muscle,Intermediate,Gym,8.1,5,5,0.55,89,Push,2,54,430,1
U10918,33,Female,164,60.8,22.6,Gain Strength,Beginner,Gym,6.5,7,3,0.92,62,Lower Body,1,53,558,1
U10919,43,Female,195,70.7,18.6,Lose Weight,Advanced,Gym,7.9,10,3,0.7,89,Full Body,3,45,309,1
U10920,25,Female,185,95.8,28,Improve Fitness,Intermediate,Gym,5.2,6,1,0.96,100,Cardio,2,36,311,1
U10921,32,Female,172,85.2,28.8,Build Muscle,Beginner,Gym,8.3,4,5,0.68,64,Push,1,58,566,1
U10922,39,Male,188,89.8,25.4,Build Muscle,Beginner,Mixed,8.1,5,6,0.88,65,Pull,1,46,440,1
U10923,43,Female,161,57.5,22.2,Improve Fitness,Beginner,Gym,5.5,10,3,0.84,66,Full Body,1,40,288,1
U10924,22,Female,176,71.9,23.2,Improve Fitness,Intermediate,Mixed,9,6,1,0.83,76,Upper Body,2,50,336,1
U10925,18,Male,183,93.8,28,Build Muscle,Intermediate,Mixed,8.7,7,2,0.43,63,Legs,2,64,573,1
U10926,27,Male,160,60.2,23.5,Improve Fitness,Intermediate,Gym,6,3,0,0.67,48,Upper Body,2,65,655,0
U10927,33,Male,160,72.7,28.4,Build Muscle,Intermediate,Home,6.5,8,3,0.76,72,Pull,2,55,592,1
U10928,22,Female,157,66.1,26.8,Build Muscle,Intermediate,Mixed,4.5,4,4,0.8,67,Full Body,2,55,493,1
U10929,20,Female,176,81.2,26.2,Build Muscle,Intermediate,Gym,5.8,0,2,0.79,91,Pull,2,51,583,1
U10930,20,Male,150,56.9,25.3,Gain Strength,Beginner,Gym,6.3,3,5,0.6,80,Upper Body,1,50,352,1
U10931,39,Female,158,67.2,26.9,Improve Fitness,Intermediate,Gym,7.5,7,5,0.71,75,Recovery,2,35,357,1
U10932,22,Male,152,55.9,24.2,Improve Fitness,Intermediate,Gym,6.7,4,3,0.86,76,Cardio,2,44,436,1
U10933,33,Male,174,90.5,29.9,Improve Fitness,Beginner,Gym,8.3,4,3,0.77,80,Cardio,1,39,430,1
U10934,18,Female,180,66.4,20.5,Lose Weight,Intermediate,Gym,7,0,5,0.78,48,Full Body,2,56,366,1
U10935,39,Female,195,100,26.3,Build Muscle,Beginner,Gym,6,5,5,0.57,64,Pull,1,49,412,1
U10936,23,Male,187,85.3,24.4,Build Muscle,Beginner,Gym,5.6,2,4,0.87,74,Pull,1,58,411,1
U10937,28,Male,153,76.3,32.6,Lose Weight,Intermediate,Mixed,7.4,6,3,0.82,59,Cardio,2,40,457,1
U10938,34,Female,193,72.6,19.5,Build Muscle,Intermediate,Home,7.8,0,2,0.52,81,Push,2,59,487,1
U10939,41,Female,194,119.3,31.7,Lose Weight,Beginner,Gym,8.1,9,0,0.82,76,Cardio,1,47,484,1
U10940,35,Female,163,60.8,22.9,Improve Fitness,Intermediate,Gym,7,0,1,0.62,52,Full Body,2,43,420,1
U10941,34,Male,181,80.6,24.6,Improve Fitness,Advanced,Gym,8.3,5,3,0.49,92,Full Body,3,47,410,1
U10942,35,Male,180,95.9,29.6,Gain Strength,Beginner,Gym,7.5,6,5,0.79,69,Lower Body,1,42,393,1
U10943,39,Male,152,57.1,24.7,Gain Strength,Beginner,Mixed,6.6,10,1,0.73,74,Push,1,67,536,1
U10944,44,Female,193,120.7,32.4,Lose Weight,Intermediate,Gym,7.7,4,2,0.68,70,Lower Body,2,62,656,1
U10945,28,Male,173,64.3,21.5,Gain Strength,Intermediate,Mixed,6.5,6,5,0.88,64,Push,2,57,409,1
U10946,40,Male,183,73.3,21.9,Lose Weight,Beginner,Home,6.4,7,4,0.59,88,Cardio,1,30,215,1
U10947,24,Male,150,56.5,25.1,Gain Strength,Beginner,Gym,6.8,3,4,0.73,75,Upper Body,1,64,712,1
U10948,35,Female,194,80.5,21.4,Improve Fitness,Beginner,Home,5.6,0,2,0.96,86,Upper Body,1,45,467,1
U10949,41,Male,152,60.3,26.1,Improve Fitness,Intermediate,Gym,8.1,4,1,1,63,Full Body,2,57,379,1
U10950,45,Female,177,62,19.8,Lose Weight,Beginner,Mixed,7.8,1,3,0.46,72,Cardio,1,42,296,1
U10951,35,Female,179,74.3,23.2,Lose Weight,Advanced,Home,7.8,6,5,0.63,89,Cardio,3,36,256,1
U10952,41,Female,186,74,21.4,Lose Weight,Advanced,Gym,7.9,2,4,0.6,80,Lower Body,3,60,639,1
U10953,19,Female,159,51.1,20.2,Lose Weight,Advanced,Gym,7.1,3,5,0.96,73,Full Body,3,53,457,1
U10954,21,Male,152,68.2,29.5,Improve Fitness,Intermediate,Gym,7.1,9,6,0.63,74,Upper Body,2,62,679,1
U10955,39,Male,157,66.8,27.1,Gain Strength,Advanced,Gym,5,2,1,0.81,57,Upper Body,3,47,461,1
U10956,44,Male,185,66.7,19.5,Build Muscle,Beginner,Mixed,7.7,0,6,0.96,75,Lower Body,1,49,548,1
U10957,38,Male,157,46.3,18.8,Lose Weight,Intermediate,Home,6.4,4,4,0.64,74,Cardio,2,44,347,1
U10958,21,Male,180,78.4,24.2,Gain Strength,Beginner,Home,7.6,3,5,0.9,77,Legs,1,66,583,1
U10959,29,Male,179,90.7,28.3,Improve Fitness,Beginner,Gym,6.8,10,2,1,80,Cardio,1,38,379,1
U10960,21,Male,151,62.5,27.4,Lose Weight,Beginner,Mixed,9,9,3,0.74,62,Cardio,1,30,200,1
U10961,45,Male,168,84.7,30,Build Muscle,Intermediate,Gym,8.6,3,3,0.75,98,Push,2,57,410,1
U10962,18,Female,165,65.9,24.2,Improve Fitness,Beginner,Gym,8.1,8,4,0.99,73,Recovery,1,20,179,1
U10963,29,Female,174,79.9,26.4,Gain Strength,Beginner,Gym,8.2,3,1,0.65,59,Legs,1,51,561,1
U10964,32,Female,183,100.8,30.1,Improve Fitness,Beginner,Gym,7.4,4,4,0.63,73,Full Body,1,53,529,1
U10965,36,Female,176,82.4,26.6,Improve Fitness,Intermediate,Mixed,5.4,0,6,0.85,78,Cardio,2,47,538,1
U10966,18,Male,169,90,31.5,Gain Strength,Intermediate,Gym,6.9,1,0,0.97,71,Lower Body,2,54,524,1
U10967,33,Male,189,89.7,25.1,Build Muscle,Beginner,Home,7.4,2,5,1,53,Full Body,1,41,381,1
U10968,18,Female,184,90.1,26.6,Build Muscle,Beginner,Home,7.1,2,4,0.71,80,Legs,1,65,471,1
U10969,25,Male,165,79.2,29.1,Lose Weight,Beginner,Mixed,7.7,3,3,0.94,68,Cardio,1,43,494,1
U10970,22,Male,181,79.6,24.3,Lose Weight,Beginner,Gym,6,1,6,1,69,Cardio,1,30,298,1
U10971,42,Female,151,53.1,23.3,Lose Weight,Intermediate,Gym,7.8,2,5,0.92,61,Cardio,2,40,318,1
U10972,19,Male,151,67.3,29.5,Lose Weight,Beginner,Gym,6.8,9,5,0.98,63,Cardio,1,43,480,1
U10973,42,Male,195,104.9,27.6,Lose Weight,Beginner,Gym,7.1,5,6,0.52,50,Lower Body,1,44,337,1
U10974,40,Male,184,72.5,21.4,Build Muscle,Intermediate,Gym,8.2,8,6,0.37,77,Pull,2,45,363,1
U10975,26,Male,167,71.1,25.5,Gain Strength,Advanced,Gym,5.2,0,1,0.58,60,Pull,3,59,476,1
U10976,40,Female,186,85.5,24.7,Build Muscle,Intermediate,Gym,8.7,1,5,0.91,66,Lower Body,2,44,403,1
U10977,21,Male,168,59.3,21,Lose Weight,Advanced,Gym,5.4,9,6,0.65,58,Full Body,3,46,305,1
U10978,23,Female,193,90.5,24.3,Improve Fitness,Intermediate,Mixed,7.1,6,2,0.63,65,Full Body,2,56,454,1
U10979,18,Male,156,52.6,21.6,Build Muscle,Beginner,Home,6.5,1,3,0.98,79,Push,1,63,633,1
U10980,27,Male,162,70.1,26.7,Build Muscle,Intermediate,Gym,8.2,10,0,0.89,93,Pull,2,45,339,1
U10981,42,Female,173,80.8,27,Improve Fitness,Intermediate,Home,7.3,1,4,0.61,59,Cardio,2,39,281,1
U10982,31,Male,184,95.5,28.2,Lose Weight,Advanced,Gym,7,9,2,0.48,40,Cardio,3,32,289,0
U10983,34,Male,172,99.1,33.5,Improve Fitness,Advanced,Gym,6,0,5,0.6,90,Recovery,3,31,269,1
U10984,37,Male,153,45.4,19.4,Lose Weight,Intermediate,Gym,7.7,1,3,1,100,Lower Body,2,45,367,1
U10985,41,Female,195,85.9,22.6,Build Muscle,Intermediate,Gym,7.1,2,0,0.65,71,Pull,2,63,426,1
U10986,26,Female,182,99.4,30,Build Muscle,Intermediate,Home,5.6,1,4,0.84,69,Push,2,66,659,1
U10987,44,Male,150,68,30.2,Improve Fitness,Beginner,Mixed,8.5,0,6,0.65,70,Cardio,1,30,227,1
U10988,38,Female,159,71.3,28.2,Gain Strength,Intermediate,Gym,8.2,4,0,0.27,85,Push,2,57,585,0
U10989,25,Female,173,94,31.4,Build Muscle,Beginner,Mixed,7.4,3,0,0.89,91,Legs,1,48,482,1
U10990,20,Female,166,70,25.4,Build Muscle,Advanced,Home,8,8,2,0.72,71,Full Body,3,52,574,1
U10991,44,Male,160,55.6,21.7,Build Muscle,Intermediate,Gym,7.3,1,2,1,58,Push,2,54,607,1
U10992,40,Female,190,97.8,27.1,Improve Fitness,Beginner,Gym,7.5,4,4,0.99,96,Full Body,1,46,411,1
U10993,37,Male,188,72.8,20.6,Build Muscle,Intermediate,Home,6.5,0,3,0.63,64,Lower Body,2,44,327,1
U10994,22,Male,187,79.7,22.8,Build Muscle,Intermediate,Mixed,7.5,10,4,0.57,61,Push,2,51,421,1
U10995,26,Male,181,69.5,21.2,Lose Weight,Advanced,Home,7.6,8,6,0.71,68,Cardio,3,33,299,1
U10996,44,Female,158,52.4,21,Build Muscle,Intermediate,Gym,5.3,2,3,1,67,Upper Body,2,52,522,1
U10997,40,Female,157,88.5,35.9,Build Muscle,Intermediate,Gym,8,5,3,1,86,Legs,2,72,819,1
U10998,31,Female,195,95.8,25.2,Build Muscle,Beginner,Home,6.4,4,2,0.54,88,Legs,1,69,597,1
U10999,21,Male,169,73.1,25.6,Gain Strength,Beginner,Home,7.8,0,1,0.87,77,Upper Body,1,42,416,1
